plot_code,sub_plot,cwd_transect_num,cwd_num,replica,year,egm_measurement,recno,day,month,hour,min,co2ref,InputD,time,InputF,atmp,probe_type,quality_code,comments,cwd_sub_transect_num
XXX-01,1,1,1,1,2013,1,1,25,9,21,56,469,0,0,0,675,8,NA,NA,30586
XXX-01,1,1,1,1,2013,1,2,25,9,21,56,472,0,4,0,675,8,NA,NA,30587
XXX-01,1,1,1,1,2013,1,3,25,9,21,56,474,0,9,0,675,8,NA,NA,30588
XXX-01,1,1,1,1,2013,1,4,25,9,21,56,476,6,14,0.29,675,8,NA,NA,30589
XXX-01,1,1,1,1,2013,1,5,25,9,21,56,479,9,19,0.3,675,8,NA,NA,30590
XXX-01,1,1,1,1,2013,1,6,25,9,21,56,481,11,24,0.31,675,8,NA,NA,30591
XXX-01,1,1,1,1,2013,1,7,25,9,21,56,483,13,28,0.31,675,8,NA,NA,30592
XXX-01,1,1,1,1,2013,1,8,25,9,21,56,485,16,33,0.3,675,8,NA,NA,30593
XXX-01,1,1,1,1,2013,1,9,25,9,21,56,487,18,38,0.3,675,8,NA,NA,30594
XXX-01,1,1,1,1,2013,1,10,25,9,21,56,490,20,43,0.3,675,8,NA,NA,30595
XXX-01,1,1,1,1,2013,1,11,25,9,21,57,492,22,48,0.3,675,8,NA,NA,30596
XXX-01,1,1,1,1,2013,1,12,25,9,21,57,494,24,52,0.3,675,8,NA,NA,30597
XXX-01,1,1,1,1,2013,1,13,25,9,21,57,496,26,57,0.3,675,8,NA,NA,30598
XXX-01,1,1,1,1,2013,1,14,25,9,21,57,498,28,62,0.29,675,8,NA,NA,30599
XXX-01,1,1,1,1,2013,1,15,25,9,21,57,500,31,67,0.29,675,8,NA,NA,30600
XXX-01,1,1,1,1,2013,1,16,25,9,21,57,502,33,72,0.29,675,8,NA,NA,30601
XXX-01,1,1,1,1,2013,1,17,25,9,21,57,504,35,76,0.29,675,8,NA,NA,30602
XXX-01,1,1,1,1,2013,1,18,25,9,21,57,507,37,81,0.29,675,8,NA,NA,30603
XXX-01,1,1,1,1,2013,1,19,25,9,21,57,509,39,86,0.29,675,8,NA,NA,30604
XXX-01,1,1,1,1,2013,1,20,25,9,21,57,511,41,91,0.29,675,8,NA,NA,30605
XXX-01,1,1,1,1,2013,1,21,25,9,21,57,513,43,96,0.29,675,8,NA,NA,30606
XXX-01,1,1,1,1,2013,1,22,25,9,21,57,515,45,100,0.29,675,8,NA,NA,30607
XXX-01,1,1,1,1,2013,1,23,25,9,21,58,517,47,105,0.29,675,8,NA,NA,30608
XXX-01,1,1,1,1,2013,1,24,25,9,21,58,520,49,110,0.29,675,8,NA,NA,30609
XXX-01,1,1,1,1,2013,1,25,25,9,21,58,522,52,115,0.29,675,8,NA,NA,30610
XXX-01,2,1,2,1,2013,2,1,25,9,21,58,464,0,0,0,675,8,NA,NA,30611
XXX-01,2,1,2,1,2013,2,2,25,9,21,59,466,0,4,0,675,8,NA,NA,30612
XXX-01,2,1,2,1,2013,2,3,25,9,21,59,468,0,9,0,675,8,NA,NA,30613
XXX-01,2,1,2,1,2013,2,4,25,9,21,59,470,6,14,0.29,675,8,NA,NA,30614
XXX-01,2,1,2,1,2013,2,5,25,9,21,59,473,9,19,0.3,675,8,NA,NA,30615
XXX-01,2,1,2,1,2013,2,6,25,9,21,59,476,11,24,0.31,675,8,NA,NA,30616
XXX-01,2,1,2,1,2013,2,7,25,9,21,59,479,14,28,0.32,675,8,NA,NA,30617
XXX-01,2,1,2,1,2013,2,8,25,9,21,59,482,17,33,0.33,675,8,NA,NA,30618
XXX-01,2,1,2,1,2013,2,9,25,9,21,59,485,20,38,0.34,675,8,NA,NA,30619
XXX-01,2,1,2,1,2013,2,10,25,9,21,59,488,24,43,0.36,675,8,NA,NA,30620
XXX-01,2,1,2,1,2013,2,11,25,9,21,59,492,27,48,0.37,675,8,NA,NA,30621
XXX-01,2,1,2,1,2013,2,12,25,9,21,59,495,31,52,0.38,675,8,NA,NA,30622
XXX-01,2,1,2,1,2013,2,13,25,9,21,59,499,35,57,0.39,675,8,NA,NA,30623
XXX-01,2,1,2,1,2013,2,14,25,9,22,0,502,38,62,0.4,675,8,NA,NA,30624
XXX-01,2,1,2,1,2013,2,15,25,9,22,0,507,42,67,0.41,675,8,NA,NA,30625
XXX-01,2,1,2,1,2013,2,16,25,9,22,0,510,46,72,0.41,675,8,NA,NA,30626
XXX-01,2,1,2,1,2013,2,17,25,9,22,0,514,50,76,0.42,675,8,NA,NA,30627
XXX-01,3,2,3,1,2013,3,1,25,9,22,1,463,0,0,0,675,8,NA,NA,30628
XXX-01,3,2,3,1,2013,3,2,25,9,22,1,465,0,4,0,675,8,NA,NA,30629
XXX-01,3,2,3,1,2013,3,3,25,9,22,2,469,0,9,0,675,8,NA,NA,30630
XXX-01,3,2,3,1,2013,3,4,25,9,22,2,473,10,14,0.45,675,8,NA,NA,30631
XXX-01,3,2,3,1,2013,3,5,25,9,22,2,477,14,19,0.49,675,8,NA,NA,30632
XXX-01,3,2,3,1,2013,3,6,25,9,22,2,482,19,24,0.51,675,8,NA,NA,30633
XXX-01,3,2,3,1,2013,3,7,25,9,22,2,486,23,28,0.53,675,8,NA,NA,30634
XXX-01,3,2,3,1,2013,3,8,25,9,22,2,490,28,33,0.54,675,8,NA,NA,30635
XXX-01,3,2,3,1,2013,3,9,25,9,22,2,495,32,38,0.55,675,8,NA,NA,30636
XXX-01,3,2,3,1,2013,3,10,25,9,22,2,499,37,43,0.55,675,8,NA,NA,30637
XXX-01,3,2,3,1,2013,3,11,25,9,22,2,504,42,48,0.56,675,8,NA,NA,30638
XXX-01,3,2,3,1,2013,3,12,25,9,22,2,508,46,52,0.56,675,8,NA,NA,30639
XXX-01,3,2,3,1,2013,3,13,25,9,22,2,512,50,57,0.56,675,8,NA,NA,30640
XXX-01,4,2,4,1,2013,4,1,25,9,22,4,465,0,0,0,675,8,NA,NA,30641
XXX-01,4,2,4,1,2013,4,2,25,9,22,4,470,0,4,0,675,8,NA,NA,30642
XXX-01,4,2,4,1,2013,4,3,25,9,22,4,476,0,9,0,675,8,NA,NA,30643
XXX-01,4,2,4,1,2013,4,4,25,9,22,4,481,16,14,0.74,675,8,NA,NA,30644
XXX-01,4,2,4,1,2013,4,5,25,9,22,4,487,22,19,0.73,675,8,NA,NA,30645
XXX-01,4,2,4,1,2013,4,6,25,9,22,4,492,27,24,0.74,675,8,NA,NA,30646
XXX-01,4,2,4,1,2013,4,7,25,9,22,4,498,33,28,0.74,675,8,NA,NA,30647
XXX-01,4,2,4,1,2013,4,8,25,9,22,5,504,39,33,0.75,675,8,NA,NA,30648
XXX-01,4,2,4,1,2013,4,9,25,9,22,5,509,44,38,0.74,675,8,NA,NA,30649
XXX-01,4,2,4,1,2013,4,10,25,9,22,5,514,50,43,0.74,675,8,NA,NA,30650
XXX-01,5,3,5,1,2013,5,27,25,9,22,9,466,0,0,0,675,8,NA,NA,30651
XXX-01,5,3,5,1,2013,5,28,25,9,22,9,471,0,4,0,675,8,NA,NA,30652
XXX-01,5,3,5,1,2013,5,29,25,9,22,9,476,0,9,0,675,8,NA,NA,30653
XXX-01,5,3,5,1,2013,5,30,25,9,22,9,482,15,14,0.68,675,8,NA,NA,30654
XXX-01,5,3,5,1,2013,5,31,25,9,22,9,489,22,19,0.75,675,8,NA,NA,30655
XXX-01,5,3,5,1,2013,5,32,25,9,22,9,496,30,24,0.8,675,8,NA,NA,30656
XXX-01,5,3,5,1,2013,5,33,25,9,22,9,504,38,28,0.85,675,8,NA,NA,30657
XXX-01,5,3,5,1,2013,5,34,25,9,22,9,512,46,33,0.88,675,8,NA,NA,30658
XXX-01,5,3,5,1,2013,5,35,25,9,22,9,519,54,38,0.9,675,8,NA,NA,30659
XXX-01,6,3,6,1,2013,6,1,25,9,22,11,463,0,0,0,675,8,NA,NA,30660
XXX-01,6,3,6,1,2013,6,2,25,9,22,11,465,0,4,0,675,8,NA,NA,30661
XXX-01,6,3,6,1,2013,6,3,25,9,22,11,466,0,9,0,675,8,NA,NA,30662
XXX-01,6,3,6,1,2013,6,4,25,9,22,11,467,4,14,0.18,675,8,NA,NA,30663
XXX-01,6,3,6,1,2013,6,5,25,9,22,11,467,4,19,0.15,675,8,NA,NA,30664
XXX-01,6,3,6,1,2013,6,6,25,9,22,11,468,5,24,0.13,675,8,NA,NA,30665
XXX-01,6,3,6,1,2013,6,7,25,9,22,11,469,5,28,0.13,675,8,NA,NA,30666
XXX-01,6,3,6,1,2013,6,8,25,9,22,11,469,6,33,0.12,675,8,NA,NA,30667
XXX-01,6,3,6,1,2013,6,9,25,9,22,12,471,7,38,0.12,675,8,NA,NA,30668
XXX-01,6,3,6,1,2013,6,10,25,9,22,12,471,7,43,0.11,675,8,NA,NA,30669
XXX-01,6,3,6,1,2013,6,11,25,9,22,12,472,8,48,0.11,675,8,NA,NA,30670
XXX-01,6,3,6,1,2013,6,12,25,9,22,12,473,9,52,0.11,675,8,NA,NA,30671
XXX-01,6,3,6,1,2013,6,13,25,9,22,12,474,10,57,0.11,675,8,NA,NA,30672
XXX-01,6,3,6,1,2013,6,14,25,9,22,12,475,11,62,0.11,675,8,NA,NA,30673
XXX-01,6,3,6,1,2013,6,15,25,9,22,12,476,11,67,0.11,675,8,NA,NA,30674
XXX-01,6,3,6,1,2013,6,16,25,9,22,12,476,12,72,0.11,675,8,NA,NA,30675
XXX-01,6,3,6,1,2013,6,17,25,9,22,12,477,13,76,0.11,675,8,NA,NA,30676
XXX-01,6,3,6,1,2013,6,18,25,9,22,12,478,14,81,0.11,675,8,NA,NA,30677
XXX-01,6,3,6,1,2013,6,19,25,9,22,12,479,15,86,0.11,675,8,NA,NA,30678
XXX-01,6,3,6,1,2013,6,20,25,9,22,12,480,16,91,0.11,675,8,NA,NA,30679
XXX-01,6,3,6,1,2013,6,21,25,9,22,13,481,17,96,0.11,675,8,NA,NA,30680
XXX-01,6,3,6,1,2013,6,22,25,9,22,13,482,18,100,0.11,675,8,NA,NA,30681
XXX-01,6,3,6,1,2013,6,23,25,9,22,13,483,19,105,0.11,675,8,NA,NA,30682
XXX-01,6,3,6,1,2013,6,24,25,9,22,13,484,19,110,0.11,675,8,NA,NA,30683
XXX-01,6,3,6,1,2013,6,25,25,9,22,13,485,20,115,0.11,675,8,NA,NA,30684
XXX-01,6,3,6,1,2013,6,26,25,9,22,13,486,21,120,0.11,675,8,NA,NA,30685
XXX-01,6,3,6,1,2013,6,27,25,9,22,13,487,22,124,0.11,675,8,NA,NA,30686
XXX-01,7,4,7,1,2013,7,13,25,9,22,17,467,0,0,0,675,8,NA,NA,30687
XXX-01,7,4,7,1,2013,7,14,25,9,22,17,472,0,4,0,675,8,NA,NA,30688
XXX-01,7,4,7,1,2013,7,15,25,9,22,17,478,0,9,0,675,8,NA,NA,30689
XXX-01,7,4,7,1,2013,7,16,25,9,22,17,484,16,14,0.74,675,8,NA,NA,30690
XXX-01,7,4,7,1,2013,7,17,25,9,22,18,491,23,19,0.79,675,8,NA,NA,30691
XXX-01,7,4,7,1,2013,7,18,25,9,22,18,498,31,24,0.83,675,8,NA,NA,30692
XXX-01,7,4,7,1,2013,7,19,25,9,22,18,506,38,28,0.86,675,8,NA,NA,30693
XXX-01,7,4,7,1,2013,7,20,25,9,22,18,513,46,33,0.89,675,8,NA,NA,30694
XXX-01,7,4,7,1,2013,7,21,25,9,22,18,521,54,38,0.91,675,8,NA,NA,30695
XXX-01,8,4,8,1,2013,8,1,25,9,22,19,465,0,0,0,675,8,NA,NA,30696
XXX-01,8,4,8,1,2013,8,2,25,9,22,19,466,0,4,0,675,8,NA,NA,30697
XXX-01,8,4,8,1,2013,8,3,25,9,22,19,467,0,9,0,675,8,NA,NA,30698
XXX-01,8,4,8,1,2013,8,4,25,9,22,19,468,2,14,0.13,675,8,NA,NA,30699
XXX-01,8,4,8,1,2013,8,5,25,9,22,19,470,4,19,0.15,675,8,NA,NA,30700
XXX-01,8,4,8,1,2013,8,6,25,9,22,19,471,5,24,0.16,675,8,NA,NA,30701
XXX-01,8,4,8,1,2013,8,7,25,9,22,20,472,7,28,0.16,675,8,NA,NA,30702
XXX-01,8,4,8,1,2013,8,8,25,9,22,20,474,8,33,0.16,675,8,NA,NA,30703
XXX-01,8,4,8,1,2013,8,9,25,9,22,20,475,10,38,0.17,675,8,NA,NA,30704
XXX-01,8,4,8,1,2013,8,10,25,9,22,20,477,11,43,0.17,675,8,NA,NA,30705
XXX-01,8,4,8,1,2013,8,11,25,9,22,20,479,13,48,0.18,675,8,NA,NA,30706
XXX-01,8,4,8,1,2013,8,12,25,9,22,20,480,15,52,0.18,675,8,NA,NA,30707
XXX-01,8,4,8,1,2013,8,13,25,9,22,20,482,17,57,0.19,675,8,NA,NA,30708
XXX-01,8,4,8,1,2013,8,14,25,9,22,20,483,18,62,0.19,675,8,NA,NA,30709
XXX-01,8,4,8,1,2013,8,15,25,9,22,20,485,20,67,0.19,675,8,NA,NA,30710
XXX-01,8,4,8,1,2013,8,16,25,9,22,20,487,22,72,0.19,675,8,NA,NA,30711
XXX-01,8,4,8,1,2013,8,17,25,9,22,20,488,23,76,0.19,675,8,NA,NA,30712
XXX-01,8,4,8,1,2013,8,18,25,9,22,20,490,25,81,0.2,675,8,NA,NA,30713
XXX-01,8,4,8,1,2013,8,19,25,9,22,21,492,27,86,0.2,675,8,NA,NA,30714
XXX-01,8,4,8,1,2013,8,20,25,9,22,21,493,29,91,0.2,675,8,NA,NA,30715
XXX-01,8,4,8,1,2013,8,21,25,9,22,21,495,30,96,0.2,675,8,NA,NA,30716
XXX-01,8,4,8,1,2013,8,22,25,9,22,21,497,32,100,0.2,675,8,NA,NA,30717
XXX-01,8,4,8,1,2013,8,23,25,9,22,21,498,34,105,0.2,675,8,NA,NA,30718
XXX-01,8,4,8,1,2013,8,24,25,9,22,21,500,36,110,0.21,675,8,NA,NA,30719
XXX-01,8,4,8,1,2013,8,25,25,9,22,21,502,37,115,0.21,675,8,NA,NA,30720
XXX-01,8,4,8,1,2013,8,26,25,9,22,21,504,39,120,0.21,675,8,NA,NA,30721
XXX-01,8,4,8,1,2013,8,27,25,9,22,21,506,41,124,0.21,675,8,NA,NA,30722
XXX-01,9,5,9,1,2013,9,12,25,9,22,25,467,0,0,0,675,8,NA,NA,30723
XXX-01,9,5,9,1,2013,9,13,25,9,22,25,472,0,4,0,675,8,NA,NA,30724
XXX-01,9,5,9,1,2013,9,14,25,9,22,25,477,0,9,0,675,8,NA,NA,30725
XXX-01,9,5,9,1,2013,9,15,25,9,22,25,484,16,14,0.75,675,8,NA,NA,30726
XXX-01,9,5,9,1,2013,9,16,25,9,22,25,491,24,19,0.81,675,8,NA,NA,30727
XXX-01,9,5,9,1,2013,9,17,25,9,22,25,498,31,24,0.85,675,8,NA,NA,30728
XXX-01,9,5,9,1,2013,9,18,25,9,22,25,506,39,28,0.88,675,8,NA,NA,30729
XXX-01,9,5,9,1,2013,9,19,25,9,22,26,514,47,33,0.91,675,8,NA,NA,30730
XXX-01,9,5,9,1,2013,9,20,25,9,22,26,521,55,38,0.93,675,8,NA,NA,30731
XXX-01,10,5,10,1,2013,10,1,25,9,22,27,463,0,0,0,675,8,NA,NA,30732
XXX-01,10,5,10,1,2013,10,2,25,9,22,27,465,0,4,0,675,8,NA,NA,30733
XXX-01,10,5,10,1,2013,10,3,25,9,22,28,466,0,9,0,675,8,NA,NA,30734
XXX-01,10,5,10,1,2013,10,4,25,9,22,28,467,4,14,0.18,675,8,NA,NA,30735
XXX-01,10,5,10,1,2013,10,5,25,9,22,28,469,5,19,0.19,675,8,NA,NA,30736
XXX-01,10,5,10,1,2013,10,6,25,9,22,28,471,7,24,0.2,675,8,NA,NA,30737
XXX-01,10,5,10,1,2013,10,7,25,9,22,28,473,9,28,0.21,675,8,NA,NA,30738
XXX-01,10,5,10,1,2013,10,8,25,9,22,28,475,11,33,0.22,675,8,NA,NA,30739
XXX-01,10,5,10,1,2013,10,9,25,9,22,28,477,13,38,0.23,675,8,NA,NA,30740
XXX-01,10,5,10,1,2013,10,10,25,9,22,28,479,16,43,0.23,675,8,NA,NA,30741
XXX-01,10,5,10,1,2013,10,11,25,9,22,28,481,18,48,0.24,675,8,NA,NA,30742
XXX-01,10,5,10,1,2013,10,12,25,9,22,28,483,20,52,0.24,675,8,NA,NA,30743
XXX-01,10,5,10,1,2013,10,13,25,9,22,28,485,22,57,0.25,675,8,NA,NA,30744
XXX-01,10,5,10,1,2013,10,14,25,9,22,28,487,24,62,0.25,675,8,NA,NA,30745
XXX-01,10,5,10,1,2013,10,15,25,9,22,28,490,26,67,0.25,675,8,NA,NA,30746
XXX-01,10,5,10,1,2013,10,16,25,9,22,29,491,28,72,0.25,675,8,NA,NA,30747
XXX-01,10,5,10,1,2013,10,17,25,9,22,29,494,30,76,0.25,675,8,NA,NA,30748
XXX-01,10,5,10,1,2013,10,18,25,9,22,29,496,33,81,0.26,675,8,NA,NA,30749
XXX-01,10,5,10,1,2013,10,19,25,9,22,29,498,35,86,0.26,675,8,NA,NA,30750
XXX-01,10,5,10,1,2013,10,20,25,9,22,29,500,37,91,0.26,675,8,NA,NA,30751
XXX-01,10,5,10,1,2013,10,21,25,9,22,29,501,39,96,0.26,675,8,NA,NA,30752
XXX-01,10,5,10,1,2013,10,22,25,9,22,29,504,41,100,0.26,675,8,NA,NA,30753
XXX-01,10,5,10,1,2013,10,23,25,9,22,29,506,43,105,0.26,675,8,NA,NA,30754
XXX-01,10,5,10,1,2013,10,24,25,9,22,29,508,45,110,0.26,675,8,NA,NA,30755
XXX-01,10,5,10,1,2013,10,25,25,9,22,29,510,47,115,0.26,675,8,NA,NA,30756
XXX-01,10,5,10,1,2013,10,26,25,9,22,29,512,49,120,0.26,675,8,NA,NA,30757
XXX-01,10,5,10,1,2013,10,27,25,9,22,29,513,51,124,0.26,675,8,NA,NA,30758
XXX-01,1,1,1,1,2014,1,1,15,3,5,55,485,0,0,0,672,8,NA,NA,32378
XXX-01,1,1,1,1,2014,1,2,15,3,5,55,486,0,4,0,672,8,NA,NA,32379
XXX-01,1,1,1,1,2014,1,3,15,3,5,56,488,0,9,0,672,8,NA,NA,32380
XXX-01,1,1,1,1,2014,1,4,15,3,5,56,489,3,14,0.17,672,8,NA,NA,32381
XXX-01,1,1,1,1,2014,1,5,15,3,5,56,490,4,19,0.16,672,8,NA,NA,32382
XXX-01,1,1,1,1,2014,1,6,15,3,5,56,491,5,24,0.14,672,8,NA,NA,32383
XXX-01,1,1,1,1,2014,1,7,15,3,5,56,491,5,28,0.13,672,8,NA,NA,32384
XXX-01,1,1,1,1,2014,1,8,15,3,5,56,492,6,33,0.12,672,8,NA,NA,32385
XXX-01,1,1,1,1,2014,1,9,15,3,5,56,492,7,38,0.12,672,8,NA,NA,32386
XXX-01,1,1,1,1,2014,1,10,15,3,5,56,493,7,43,0.11,672,8,NA,NA,32387
XXX-01,1,1,1,1,2014,1,11,15,3,5,56,494,8,48,0.1,672,8,NA,NA,32388
XXX-01,1,1,1,1,2014,1,12,15,3,5,56,495,8,52,0.1,672,8,NA,NA,32389
XXX-01,1,1,1,1,2014,1,13,15,3,5,56,495,9,57,0.1,672,8,NA,NA,32390
XXX-01,1,1,1,1,2014,1,14,15,3,5,56,495,9,62,0.09,672,8,NA,NA,32391
XXX-01,1,1,1,1,2014,1,15,15,3,5,56,496,10,67,0.09,672,8,NA,NA,32392
XXX-01,1,1,1,1,2014,1,16,15,3,5,57,496,10,72,0.09,672,8,NA,NA,32393
XXX-01,1,1,1,1,2014,1,17,15,3,5,57,495,10,76,0.08,672,8,NA,NA,32394
XXX-01,1,1,1,1,2014,1,18,15,3,5,57,497,10,81,0.08,672,8,NA,NA,32395
XXX-01,1,1,1,1,2014,1,19,15,3,5,57,498,11,86,0.08,672,8,NA,NA,32396
XXX-01,1,1,1,1,2014,1,20,15,3,5,57,499,12,91,0.08,672,8,NA,NA,32397
XXX-01,1,1,1,1,2014,1,21,15,3,5,57,499,12,96,0.08,672,8,NA,NA,32398
XXX-01,1,1,1,1,2014,1,22,15,3,5,57,499,12,100,0.08,672,8,NA,NA,32399
XXX-01,1,1,1,1,2014,1,23,15,3,5,57,500,13,105,0.08,672,8,NA,NA,32400
XXX-01,1,1,1,1,2014,1,24,15,3,5,57,500,13,110,0.08,672,8,NA,NA,32401
XXX-01,1,1,1,1,2014,1,25,15,3,5,57,501,14,115,0.07,672,8,NA,NA,32402
XXX-01,1,1,1,1,2014,1,26,15,3,5,57,501,14,120,0.07,672,8,NA,NA,32403
XXX-01,1,1,1,1,2014,1,27,15,3,5,57,503,15,124,0.07,671,8,NA,NA,32404
XXX-01,2,1,2,1,2014,2,1,15,3,5,58,518,0,0,0,672,8,NA,NA,32405
XXX-01,2,1,2,1,2014,2,2,15,3,5,58,517,0,4,0,672,8,NA,NA,32406
XXX-01,2,1,2,1,2014,2,3,15,3,5,58,516,0,9,0,672,8,NA,NA,32407
XXX-01,2,1,2,1,2014,2,4,15,3,5,59,516,1,14,-0.07,672,8,NA,NA,32408
XXX-01,2,1,2,1,2014,2,5,15,3,5,59,517,1,19,-0.03,672,8,NA,NA,32409
XXX-01,2,1,2,1,2014,2,6,15,3,5,59,517,0,24,0,672,8,NA,NA,32410
XXX-01,2,1,2,1,2014,2,7,15,3,5,59,518,0,28,0.01,672,8,NA,NA,32411
XXX-01,2,1,2,1,2014,2,8,15,3,5,59,518,1,33,0.02,672,8,NA,NA,32412
XXX-01,2,1,2,1,2014,2,9,15,3,5,59,519,2,38,0.03,672,8,NA,NA,32413
XXX-01,2,1,2,1,2014,2,10,15,3,5,59,520,3,43,0.04,672,8,NA,NA,32414
XXX-01,2,1,2,1,2014,2,11,15,3,5,59,521,4,48,0.05,672,8,NA,NA,32415
XXX-01,2,1,2,1,2014,2,12,15,3,5,59,522,5,52,0.06,672,8,NA,NA,32416
XXX-01,2,1,2,1,2014,2,13,15,3,5,59,523,6,57,0.07,672,8,NA,NA,32417
XXX-01,2,1,2,1,2014,2,14,15,3,5,59,524,7,62,0.07,672,8,NA,NA,32418
XXX-01,2,1,2,1,2014,2,15,15,3,5,59,525,8,67,0.08,672,8,NA,NA,32419
XXX-01,2,1,2,1,2014,2,16,15,3,6,0,526,9,72,0.08,672,8,NA,NA,32420
XXX-01,2,1,2,1,2014,2,17,15,3,6,0,528,11,76,0.09,671,8,NA,NA,32421
XXX-01,2,1,2,1,2014,2,18,15,3,6,0,528,12,81,0.09,672,8,NA,NA,32422
XXX-01,2,1,2,1,2014,2,19,15,3,6,0,529,13,86,0.09,672,8,NA,NA,32423
XXX-01,2,1,2,1,2014,2,20,15,3,6,0,530,14,91,0.1,672,8,NA,NA,32424
XXX-01,2,1,2,1,2014,2,21,15,3,6,0,531,15,96,0.1,672,8,NA,NA,32425
XXX-01,2,1,2,1,2014,2,22,15,3,6,0,533,17,100,0.1,671,8,NA,NA,32426
XXX-01,2,1,2,1,2014,2,23,15,3,6,0,533,18,105,0.1,672,8,NA,NA,32427
XXX-01,2,1,2,1,2014,2,24,15,3,6,0,535,19,110,0.11,671,8,NA,NA,32428
XXX-01,2,1,2,1,2014,2,25,15,3,6,0,535,20,115,0.11,672,8,NA,NA,32429
XXX-01,2,1,2,1,2014,2,26,15,3,6,0,536,21,120,0.11,672,8,NA,NA,32430
XXX-01,2,1,2,1,2014,2,27,15,3,6,0,537,22,124,0.11,672,8,NA,NA,32431
XXX-01,3,1,3,1,2014,3,1,15,3,6,1,478,0,0,0,672,8,NA,NA,32432
XXX-01,3,1,3,1,2014,3,2,15,3,6,1,480,0,4,0,671,8,NA,NA,32433
XXX-01,3,1,3,1,2014,3,3,15,3,6,1,479,0,9,0,672,8,NA,NA,32434
XXX-01,3,1,3,1,2014,3,4,15,3,6,1,480,1,14,0.08,672,8,NA,NA,32435
XXX-01,3,1,3,1,2014,3,5,15,3,6,2,482,3,19,0.11,671,8,NA,NA,32436
XXX-01,3,1,3,1,2014,3,6,15,3,6,2,482,3,24,0.1,672,8,NA,NA,32437
XXX-01,3,1,3,1,2014,3,7,15,3,6,2,483,4,28,0.1,672,8,NA,NA,32438
XXX-01,3,1,3,1,2014,3,8,15,3,6,2,485,6,33,0.11,671,8,NA,NA,32439
XXX-01,3,1,3,1,2014,3,9,15,3,6,2,485,6,38,0.11,672,8,NA,NA,32440
XXX-01,3,1,3,1,2014,3,10,15,3,6,2,486,7,43,0.11,672,8,NA,NA,32441
XXX-01,3,1,3,1,2014,3,11,15,3,6,2,487,8,48,0.11,672,8,NA,NA,32442
XXX-01,3,1,3,1,2014,3,12,15,3,6,2,488,9,52,0.11,672,8,NA,NA,32443
XXX-01,3,1,3,1,2014,3,13,15,3,6,2,491,11,57,0.12,671,8,NA,NA,32444
XXX-01,3,1,3,1,2014,3,14,15,3,6,2,491,12,62,0.13,672,8,NA,NA,32445
XXX-01,3,1,3,1,2014,3,15,15,3,6,2,492,13,67,0.13,672,8,NA,NA,32446
XXX-01,3,1,3,1,2014,3,16,15,3,6,2,495,15,72,0.13,671,8,NA,NA,32447
XXX-01,3,1,3,1,2014,3,17,15,3,6,2,497,17,76,0.14,671,8,NA,NA,32448
XXX-01,3,1,3,1,2014,3,18,15,3,6,3,497,18,81,0.14,672,8,NA,NA,32449
XXX-01,3,1,3,1,2014,3,19,15,3,6,3,499,20,86,0.15,671,8,NA,NA,32450
XXX-01,3,1,3,1,2014,3,20,15,3,6,3,500,22,91,0.15,671,8,NA,NA,32451
XXX-01,3,1,3,1,2014,3,21,15,3,6,3,502,23,96,0.15,671,8,NA,NA,32452
XXX-01,3,1,3,1,2014,3,22,15,3,6,3,502,24,100,0.15,672,8,NA,NA,32453
XXX-01,3,1,3,1,2014,3,23,15,3,6,3,503,26,105,0.15,672,8,NA,NA,32454
XXX-01,3,1,3,1,2014,3,24,15,3,6,3,505,27,110,0.16,671,8,NA,NA,32455
XXX-01,3,1,3,1,2014,3,25,15,3,6,3,507,29,115,0.16,671,8,NA,NA,32456
XXX-01,3,1,3,1,2014,3,26,15,3,6,3,508,30,120,0.16,671,8,NA,NA,32457
XXX-01,3,1,3,1,2014,3,27,15,3,6,3,508,31,124,0.16,672,8,NA,NA,32458
XXX-01,4,2,4,1,2014,4,5,15,3,6,5,471,0,0,0,672,8,NA,NA,32459
XXX-01,4,2,4,1,2014,4,6,15,3,6,5,472,0,4,0,671,8,NA,NA,32460
XXX-01,4,2,4,1,2014,4,7,15,3,6,5,471,0,9,0,672,8,NA,NA,32461
XXX-01,4,2,4,1,2014,4,8,15,3,6,5,472,1,14,0.06,671,8,NA,NA,32462
XXX-01,4,2,4,1,2014,4,9,15,3,6,5,472,1,19,0.04,672,8,NA,NA,32463
XXX-01,4,2,4,1,2014,4,10,15,3,6,5,474,2,24,0.06,671,8,NA,NA,32464
XXX-01,4,2,4,1,2014,4,11,15,3,6,5,474,3,28,0.07,671,8,NA,NA,32465
XXX-01,4,2,4,1,2014,4,12,15,3,6,5,475,4,33,0.08,671,8,NA,NA,32466
XXX-01,4,2,4,1,2014,4,13,15,3,6,5,476,5,38,0.09,671,8,NA,NA,32467
XXX-01,4,2,4,1,2014,4,14,15,3,6,6,477,6,43,0.09,671,8,NA,NA,32468
XXX-01,4,2,4,1,2014,4,15,15,3,6,6,478,7,48,0.09,671,8,NA,NA,32469
XXX-01,4,2,4,1,2014,4,16,15,3,6,6,478,7,52,0.09,671,8,NA,NA,32470
XXX-01,4,2,4,1,2014,4,17,15,3,6,6,479,8,57,0.09,671,8,NA,NA,32471
XXX-01,4,2,4,1,2014,4,18,15,3,6,6,480,9,62,0.09,671,8,NA,NA,32472
XXX-01,4,2,4,1,2014,4,19,15,3,6,6,480,10,67,0.09,671,8,NA,NA,32473
XXX-01,4,2,4,1,2014,4,20,15,3,6,6,481,10,72,0.09,671,8,NA,NA,32474
XXX-01,4,2,4,1,2014,4,21,15,3,6,6,482,11,76,0.09,671,8,NA,NA,32475
XXX-01,4,2,4,1,2014,4,22,15,3,6,6,482,12,81,0.09,671,8,NA,NA,32476
XXX-01,4,2,4,1,2014,4,23,15,3,6,6,482,12,86,0.09,671,8,NA,NA,32477
XXX-01,4,2,4,1,2014,4,24,15,3,6,6,483,13,91,0.09,671,8,NA,NA,32478
XXX-01,4,2,4,1,2014,4,25,15,3,6,6,483,13,96,0.09,671,8,NA,NA,32479
XXX-01,4,2,4,1,2014,4,26,15,3,6,7,484,14,100,0.08,671,8,NA,NA,32480
XXX-01,4,2,4,1,2014,4,27,15,3,6,7,485,14,105,0.08,671,8,NA,NA,32481
XXX-01,4,2,4,1,2014,4,28,15,3,6,7,485,15,110,0.08,671,8,NA,NA,32482
XXX-01,4,2,4,1,2014,4,29,15,3,6,7,486,15,115,0.08,671,8,NA,NA,32483
XXX-01,4,2,4,1,2014,4,30,15,3,6,7,487,16,120,0.08,671,8,NA,NA,32484
XXX-01,4,2,4,1,2014,4,31,15,3,6,7,487,16,124,0.08,671,8,NA,NA,32485
XXX-01,5,2,5,1,2014,5,8,15,3,6,9,476,0,0,0,671,8,NA,NA,32486
XXX-01,5,2,5,1,2014,5,9,15,3,6,9,475,0,4,0,672,8,NA,NA,32487
XXX-01,5,2,5,1,2014,5,10,15,3,6,9,477,0,9,0,671,8,NA,NA,32488
XXX-01,5,2,5,1,2014,5,11,15,3,6,9,477,1,14,0.06,671,8,NA,NA,32489
XXX-01,5,2,5,1,2014,5,12,15,3,6,9,477,1,19,0.06,671,8,NA,NA,32490
XXX-01,5,2,5,1,2014,5,13,15,3,6,10,478,2,24,0.06,671,8,NA,NA,32491
XXX-01,5,2,5,1,2014,5,14,15,3,6,10,478,2,28,0.06,671,8,NA,NA,32492
XXX-01,5,2,5,1,2014,5,15,15,3,6,10,479,3,33,0.06,671,8,NA,NA,32493
XXX-01,5,2,5,1,2014,5,16,15,3,6,10,479,3,38,0.05,671,8,NA,NA,32494
XXX-01,5,2,5,1,2014,5,17,15,3,6,10,478,3,43,0.05,672,8,NA,NA,32495
XXX-01,5,2,5,1,2014,5,18,15,3,6,10,480,3,48,0.05,671,8,NA,NA,32496
XXX-01,5,2,5,1,2014,5,19,15,3,6,10,480,4,52,0.05,671,8,NA,NA,32497
XXX-01,5,2,5,1,2014,5,20,15,3,6,10,480,4,57,0.05,671,8,NA,NA,32498
XXX-01,5,2,5,1,2014,5,21,15,3,6,10,480,4,62,0.05,672,8,NA,NA,32499
XXX-01,5,2,5,1,2014,5,22,15,3,6,10,482,5,67,0.05,671,8,NA,NA,32500
XXX-01,5,2,5,1,2014,5,23,15,3,6,10,482,5,72,0.05,671,8,NA,NA,32501
XXX-01,5,2,5,1,2014,5,24,15,3,6,10,482,6,76,0.05,671,8,NA,NA,32502
XXX-01,5,2,5,1,2014,5,25,15,3,6,10,483,6,81,0.05,671,8,NA,NA,32503
XXX-01,5,2,5,1,2014,5,26,15,3,6,11,482,7,86,0.05,672,8,NA,NA,32504
XXX-01,5,2,5,1,2014,5,27,15,3,6,11,484,7,91,0.05,671,8,NA,NA,32505
XXX-01,5,2,5,1,2014,5,28,15,3,6,11,484,8,96,0.05,671,8,NA,NA,32506
XXX-01,5,2,5,1,2014,5,29,15,3,6,11,484,8,100,0.05,671,8,NA,NA,32507
XXX-01,5,2,5,1,2014,5,30,15,3,6,11,485,9,105,0.05,671,8,NA,NA,32508
XXX-01,5,2,5,1,2014,5,31,15,3,6,11,485,9,110,0.05,671,8,NA,NA,32509
XXX-01,5,2,5,1,2014,5,32,15,3,6,11,486,10,115,0.05,671,8,NA,NA,32510
XXX-01,5,2,5,1,2014,5,33,15,3,6,11,486,10,120,0.05,671,8,NA,NA,32511
XXX-01,5,2,5,1,2014,5,34,15,3,6,11,487,11,124,0.05,671,8,NA,NA,32512
XXX-01,6,3,6,1,2014,6,1,15,3,6,12,478,0,0,0,671,8,NA,NA,32513
XXX-01,6,3,6,1,2014,6,2,15,3,6,12,478,0,4,0,671,8,NA,NA,32514
XXX-01,6,3,6,1,2014,6,3,15,3,6,12,479,0,9,0,671,8,NA,NA,32515
XXX-01,6,3,6,1,2014,6,4,15,3,6,12,478,0,14,0.01,672,8,NA,NA,32516
XXX-01,6,3,6,1,2014,6,5,15,3,6,13,478,0,19,0.01,672,8,NA,NA,32517
XXX-01,6,3,6,1,2014,6,6,15,3,6,13,480,1,24,0.04,671,8,NA,NA,32518
XXX-01,6,3,6,1,2014,6,7,15,3,6,13,481,2,28,0.06,671,8,NA,NA,32519
XXX-01,6,3,6,1,2014,6,8,15,3,6,13,481,3,33,0.06,671,8,NA,NA,32520
XXX-01,6,3,6,1,2014,6,9,15,3,6,13,481,4,38,0.06,671,8,NA,NA,32521
XXX-01,6,3,6,1,2014,6,10,15,3,6,13,482,4,43,0.06,671,8,NA,NA,32522
XXX-01,6,3,6,1,2014,6,11,15,3,6,13,481,4,48,0.06,672,8,NA,NA,32523
XXX-01,6,3,6,1,2014,6,12,15,3,6,13,483,5,52,0.06,671,8,NA,NA,32524
XXX-01,6,3,6,1,2014,6,13,15,3,6,13,483,5,57,0.06,672,8,NA,NA,32525
XXX-01,6,3,6,1,2014,6,14,15,3,6,13,484,6,62,0.06,671,8,NA,NA,32526
XXX-01,6,3,6,1,2014,6,15,15,3,6,13,484,6,67,0.06,671,8,NA,NA,32527
XXX-01,6,3,6,1,2014,6,16,15,3,6,13,485,7,72,0.06,671,8,NA,NA,32528
XXX-01,6,3,6,1,2014,6,17,15,3,6,14,485,8,76,0.06,671,8,NA,NA,32529
XXX-01,6,3,6,1,2014,6,18,15,3,6,14,486,8,81,0.06,671,8,NA,NA,32530
XXX-01,6,3,6,1,2014,6,19,15,3,6,14,487,9,86,0.06,671,8,NA,NA,32531
XXX-01,6,3,6,1,2014,6,20,15,3,6,14,486,9,91,0.06,672,8,NA,NA,32532
XXX-01,6,3,6,1,2014,6,21,15,3,6,14,486,9,96,0.06,672,8,NA,NA,32533
XXX-01,6,3,6,1,2014,6,22,15,3,6,14,488,10,100,0.06,671,8,NA,NA,32534
XXX-01,6,3,6,1,2014,6,23,15,3,6,14,487,10,105,0.06,672,8,NA,NA,32535
XXX-01,6,3,6,1,2014,6,24,15,3,6,14,489,10,110,0.06,671,8,NA,NA,32536
XXX-01,6,3,6,1,2014,6,25,15,3,6,14,489,11,115,0.06,671,8,NA,NA,32537
XXX-01,6,3,6,1,2014,6,26,15,3,6,14,488,11,120,0.06,672,8,NA,NA,32538
XXX-01,6,3,6,1,2014,6,27,15,3,6,14,490,12,124,0.06,671,8,NA,NA,32539
XXX-01,7,3,7,1,2014,7,1,15,3,6,15,487,0,0,0,671,8,NA,NA,32540
XXX-01,7,3,7,1,2014,7,2,15,3,6,15,487,0,4,0,671,8,NA,NA,32541
XXX-01,7,3,7,1,2014,7,3,15,3,6,15,488,0,9,0,671,8,NA,NA,32542
XXX-01,7,3,7,1,2014,7,4,15,3,6,15,490,0,14,0.15,671,8,NA,NA,32543
XXX-01,7,3,7,1,2014,7,5,15,3,6,15,492,0,19,0.17,671,8,NA,NA,32544
XXX-01,7,3,7,1,2014,7,6,15,3,6,15,492,1,24,0.15,672,8,NA,NA,32545
XXX-01,7,3,7,1,2014,7,7,15,3,6,16,494,2,28,0.17,671,8,NA,NA,32546
XXX-01,7,3,7,1,2014,7,8,15,3,6,16,495,3,33,0.17,671,8,NA,NA,32547
XXX-01,7,3,7,1,2014,7,9,15,3,6,16,496,4,38,0.17,671,8,NA,NA,32548
XXX-01,7,3,7,1,2014,7,10,15,3,6,16,499,4,43,0.17,671,8,NA,NA,32549
XXX-01,7,3,7,1,2014,7,11,15,3,6,16,500,4,48,0.18,671,8,NA,NA,32550
XXX-01,7,3,7,1,2014,7,12,15,3,6,16,501,5,52,0.18,672,8,NA,NA,32551
XXX-01,7,3,7,1,2014,7,13,15,3,6,16,504,5,57,0.19,671,8,NA,NA,32552
XXX-01,7,3,7,1,2014,7,14,15,3,6,16,507,6,62,0.2,671,8,NA,NA,32553
XXX-01,7,3,7,1,2014,7,15,15,3,6,16,510,6,67,0.21,671,8,NA,NA,32554
XXX-01,7,3,7,1,2014,7,16,15,3,6,16,511,7,72,0.22,671,8,NA,NA,32555
XXX-01,7,3,7,1,2014,7,17,15,3,6,16,514,8,76,0.22,671,8,NA,NA,32556
XXX-01,7,3,7,1,2014,7,18,15,3,6,16,516,8,81,0.23,671,8,NA,NA,32557
XXX-01,7,3,7,1,2014,7,19,15,3,6,16,517,9,86,0.23,671,8,NA,NA,32558
XXX-01,7,3,7,1,2014,7,20,15,3,6,17,518,9,91,0.23,671,8,NA,NA,32559
XXX-01,7,3,7,1,2014,7,21,15,3,6,17,520,9,96,0.23,671,8,NA,NA,32560
XXX-01,7,3,7,1,2014,7,22,15,3,6,17,522,10,100,0.23,671,8,NA,NA,32561
XXX-01,7,3,7,1,2014,7,23,15,3,6,17,523,10,105,0.23,671,8,NA,NA,32562
XXX-01,7,3,7,1,2014,7,24,15,3,6,17,525,10,110,0.23,671,8,NA,NA,32563
XXX-01,7,3,7,1,2014,7,25,15,3,6,17,526,11,115,0.23,671,8,NA,NA,32564
XXX-01,7,3,7,1,2014,7,26,15,3,6,17,528,11,120,0.23,671,8,NA,NA,32565
XXX-01,8,3,8,1,2014,8,1,15,3,6,18,499,12,0,0,671,8,NA,NA,32566
XXX-01,8,3,8,1,2014,8,2,15,3,6,18,503,0,4,0,671,8,NA,NA,32567
XXX-01,8,3,8,1,2014,8,3,15,3,6,18,505,0,9,0,671,8,NA,NA,32568
XXX-01,8,3,8,1,2014,8,4,15,3,6,19,509,0,14,0.17,671,8,NA,NA,32569
XXX-01,8,3,8,1,2014,8,5,15,3,6,19,509,0,19,0.17,671,8,NA,NA,32570
XXX-01,8,3,8,1,2014,8,6,15,3,6,19,510,1,24,0.17,671,8,NA,NA,32571
XXX-01,8,3,8,1,2014,8,7,15,3,6,19,511,2,28,0.19,671,8,NA,NA,32572
XXX-01,8,3,8,1,2014,8,8,15,3,6,19,513,3,33,0.19,671,8,NA,NA,32573
XXX-01,8,3,8,1,2014,8,9,15,3,6,19,513,4,38,0.19,671,8,NA,NA,32574
XXX-01,8,3,8,1,2014,8,10,15,3,6,19,515,4,43,0.19,671,8,NA,NA,32575
XXX-01,8,3,8,1,2014,8,11,15,3,6,19,517,4,48,0.2,671,8,NA,NA,32576
XXX-01,8,3,8,1,2014,8,12,15,3,6,19,519,5,52,0.2,671,8,NA,NA,32577
XXX-01,8,3,8,1,2014,8,13,15,3,6,19,522,5,57,0.21,671,8,NA,NA,32578
XXX-01,8,3,8,1,2014,8,14,15,3,6,19,523,6,62,0.22,671,8,NA,NA,32579
XXX-01,8,3,8,1,2014,8,15,15,3,6,19,524,6,67,0.23,671,8,NA,NA,32580
XXX-01,8,3,8,1,2014,8,16,15,3,6,19,525,7,72,0.24,671,8,NA,NA,32581
XXX-01,8,3,8,1,2014,8,17,15,3,6,20,528,8,76,0.24,671,8,NA,NA,32582
XXX-01,8,3,8,1,2014,8,18,15,3,6,20,529,8,81,0.25,671,8,NA,NA,32583
XXX-01,8,3,8,1,2014,8,19,15,3,6,20,530,9,86,0.25,671,8,NA,NA,32584
XXX-01,8,3,8,1,2014,8,20,15,3,6,20,532,9,91,0.26,671,8,NA,NA,32585
XXX-01,8,3,8,1,2014,8,21,15,3,6,20,533,9,96,0.26,671,8,NA,NA,32586
XXX-01,8,3,8,1,2014,8,22,15,3,6,20,535,10,100,0.26,671,8,NA,NA,32587
XXX-01,8,3,8,1,2014,8,23,15,3,6,20,537,10,105,0.27,671,8,NA,NA,32588
XXX-01,8,3,8,1,2014,8,24,15,3,6,20,537,10,110,0.27,671,8,NA,NA,32589
XXX-01,8,3,8,1,2014,8,25,15,3,6,20,539,11,115,0.27,671,8,NA,NA,32590
XXX-01,8,3,8,1,2014,8,26,15,3,6,20,540,11,120,0.28,671,8,NA,NA,32591
XXX-01,8,3,8,1,2014,8,27,15,3,6,20,541,12,124,0.28,671,8,NA,NA,32592
XXX-01,9,4,9,1,2014,9,1,15,3,6,21,486,0,0,0,671,8,NA,NA,32593
XXX-01,9,4,9,1,2014,9,2,15,3,6,21,490,0,4,0,671,8,NA,NA,32594
XXX-01,9,4,9,1,2014,9,3,15,3,6,21,492,0,9,0,671,8,NA,NA,32595
XXX-01,9,4,9,1,2014,9,4,15,3,6,21,496,0,14,0.25,671,8,NA,NA,32596
XXX-01,9,4,9,1,2014,9,5,15,3,6,21,496,0,19,0.26,671,8,NA,NA,32597
XXX-01,9,4,9,1,2014,9,6,15,3,6,21,497,1,24,0.24,671,8,NA,NA,32598
XXX-01,9,4,9,1,2014,9,7,15,3,6,21,498,2,28,0.21,671,8,NA,NA,32599
XXX-01,9,4,9,1,2014,9,8,15,3,6,21,500,3,33,0.22,671,8,NA,NA,32600
XXX-01,9,4,9,1,2014,9,9,15,3,6,22,500,4,38,0.21,671,8,NA,NA,32601
XXX-01,9,4,9,1,2014,9,10,15,3,6,22,502,4,43,0.21,671,8,NA,NA,32602
XXX-01,9,4,9,1,2014,9,11,15,3,6,22,504,5,48,0.21,671,8,NA,NA,32603
XXX-01,9,4,9,1,2014,9,12,15,3,6,22,506,5,52,0.22,671,8,NA,NA,32604
XXX-01,9,4,9,1,2014,9,13,15,3,6,22,509,5,57,0.23,671,8,NA,NA,32605
XXX-01,9,4,9,1,2014,9,14,15,3,6,22,510,7,62,0.24,671,8,NA,NA,32606
XXX-01,9,4,9,1,2014,9,15,15,3,6,22,511,6,67,0.25,671,8,NA,NA,32607
XXX-01,9,4,9,1,2014,9,16,15,3,6,22,512,7,72,0.26,671,8,NA,NA,32608
XXX-01,9,4,9,1,2014,9,17,15,3,6,22,515,8,76,0.27,671,8,NA,NA,32609
XXX-01,9,4,9,1,2014,9,18,15,3,6,22,516,8,81,0.28,671,8,NA,NA,32610
XXX-01,9,4,9,1,2014,9,19,15,3,6,22,517,9,86,0.29,671,8,NA,NA,32611
XXX-01,9,4,9,1,2014,9,20,15,3,6,22,519,9,91,0.31,671,8,NA,NA,32612
XXX-01,9,4,9,1,2014,9,21,15,3,6,22,520,9,96,0.3,671,8,NA,NA,32613
XXX-01,9,4,9,1,2014,9,22,15,3,6,23,522,9,100,0.3,671,8,NA,NA,32614
XXX-01,9,4,9,1,2014,9,23,15,3,6,23,524,10,105,0.3,671,8,NA,NA,32615
XXX-01,9,4,9,1,2014,9,24,15,3,6,23,524,10,110,0.29,671,8,NA,NA,32616
XXX-01,9,4,9,1,2014,9,25,15,3,6,23,526,11,115,0.29,671,8,NA,NA,32617
XXX-01,9,4,9,1,2014,9,26,15,3,6,23,527,11,120,0.29,671,8,NA,NA,32618
XXX-01,9,4,9,1,2014,9,27,15,3,6,23,528,11,124,0.28,671,8,NA,NA,32619
XXX-01,10,4,10,1,2014,10,1,15,3,6,24,511,0,0,0,671,8,NA,NA,32620
XXX-01,10,4,10,1,2014,10,2,15,3,6,24,515,0,4,0,671,8,NA,NA,32621
XXX-01,10,4,10,1,2014,10,3,15,3,6,24,517,0,9,0,671,8,NA,NA,32622
XXX-01,10,4,10,1,2014,10,4,15,3,6,24,521,7,14,0.17,671,8,NA,NA,32623
XXX-01,10,4,10,1,2014,10,5,15,3,6,24,521,10,19,0.17,671,8,NA,NA,32624
XXX-01,10,4,10,1,2014,10,6,15,3,6,24,522,10,24,0.15,671,8,NA,NA,32625
XXX-01,10,4,10,1,2014,10,7,15,3,6,24,523,11,28,0.15,671,8,NA,NA,32626
XXX-01,10,4,10,1,2014,10,8,15,3,6,24,525,12,33,0.16,671,8,NA,NA,32627
XXX-01,10,4,10,1,2014,10,9,15,3,6,24,525,14,38,0.16,671,8,NA,NA,32628
XXX-01,10,4,10,1,2014,10,10,15,3,6,24,527,15,43,0.17,671,8,NA,NA,32629
XXX-01,10,4,10,1,2014,10,11,15,3,6,25,529,16,48,0.17,671,8,NA,NA,32630
XXX-01,10,4,10,1,2014,10,12,15,3,6,25,531,17,52,0.18,671,8,NA,NA,32631
XXX-01,10,4,10,1,2014,10,13,15,3,6,25,534,18,57,0.19,671,8,NA,NA,32632
XXX-01,10,4,10,1,2014,10,14,15,3,6,25,535,18,62,0.21,671,8,NA,NA,32633
XXX-01,10,4,10,1,2014,10,15,15,3,6,25,536,20,67,0.21,671,8,NA,NA,32634
XXX-01,10,4,10,1,2014,10,16,15,3,6,25,537,20,72,0.22,671,8,NA,NA,32635
XXX-01,10,4,10,1,2014,10,17,15,3,6,25,540,21,76,0.23,671,8,NA,NA,32636
XXX-01,10,4,10,1,2014,10,18,15,3,6,25,541,22,81,0.24,671,8,NA,NA,32637
XXX-01,10,4,10,1,2014,10,19,15,3,6,25,542,23,86,0.24,671,8,NA,NA,32638
XXX-01,10,4,10,1,2014,10,20,15,3,6,25,544,24,91,0.23,671,8,NA,NA,32639
XXX-01,10,4,10,1,2014,10,21,15,3,6,25,545,25,96,0.23,671,8,NA,NA,32640
XXX-01,10,4,10,1,2014,10,22,15,3,6,25,547,26,100,0.23,671,8,NA,NA,32641
XXX-01,10,4,10,1,2014,10,23,15,3,6,25,549,27,105,0.25,671,8,NA,NA,32642
XXX-01,10,4,10,1,2014,10,24,15,3,6,26,549,27,110,0.25,671,8,NA,NA,32643
XXX-01,10,4,10,1,2014,10,25,15,3,6,26,551,28,115,0.26,671,8,NA,NA,32644
XXX-01,10,4,10,1,2014,10,26,15,3,6,26,552,29,120,0.25,671,8,NA,NA,32645
XXX-01,10,4,10,1,2014,10,27,15,3,6,26,553,30,124,0.26,671,8,NA,NA,32646
XXX-01,11,4,11,1,2014,11,1,15,3,6,26,509,0,0,0,671,8,NA,NA,32647
XXX-01,11,4,11,1,2014,11,2,15,3,6,27,510,0,4,0,671,8,NA,NA,32648
XXX-01,11,4,11,1,2014,11,3,15,3,6,27,512,0,9,0,671,8,NA,NA,32649
XXX-01,11,4,11,1,2014,11,4,15,3,6,27,516,3,14,0.14,671,8,NA,NA,32650
XXX-01,11,4,11,1,2014,11,5,15,3,6,27,516,5,19,0.13,671,8,NA,NA,32651
XXX-01,11,4,11,1,2014,11,6,15,3,6,27,517,5,24,0.09,671,8,NA,NA,32652
XXX-01,11,4,11,1,2014,11,7,15,3,6,27,518,7,28,0.11,671,8,NA,NA,32653
XXX-01,11,4,11,1,2014,11,8,15,3,6,27,519,9,33,0.11,671,8,NA,NA,32654
XXX-01,11,4,11,1,2014,11,9,15,3,6,27,520,10,38,0.11,671,8,NA,NA,32655
XXX-01,11,4,11,1,2014,11,10,15,3,6,27,521,12,43,0.1,671,8,NA,NA,32656
XXX-01,11,4,11,1,2014,11,11,15,3,6,27,522,13,48,0.1,671,8,NA,NA,32657
XXX-01,11,4,11,1,2014,11,12,15,3,6,27,523,15,52,0.09,671,8,NA,NA,32658
XXX-01,11,4,11,1,2014,11,13,15,3,6,27,524,17,57,0.09,671,8,NA,NA,32659
XXX-01,11,4,11,1,2014,11,14,15,3,6,27,525,19,62,0.09,671,8,NA,NA,32660
XXX-01,11,4,11,1,2014,11,15,15,3,6,28,526,22,67,0.09,671,8,NA,NA,32661
XXX-01,11,4,11,1,2014,11,16,15,3,6,28,527,24,72,0.09,671,8,NA,NA,32662
XXX-01,11,4,11,1,2014,11,17,15,3,6,28,528,27,76,0.09,671,8,NA,NA,32663
XXX-01,11,4,11,1,2014,11,18,15,3,6,28,529,29,81,0.09,671,8,NA,NA,32664
XXX-01,11,4,11,1,2014,11,19,15,3,6,28,530,31,86,0.09,671,8,NA,NA,32665
XXX-01,11,4,11,1,2014,11,20,15,3,6,28,531,33,91,0.09,671,8,NA,NA,32666
XXX-01,11,4,11,1,2014,11,21,15,3,6,28,532,35,96,0.09,671,8,NA,NA,32667
XXX-01,11,4,11,1,2014,11,22,15,3,6,28,533,37,100,0.09,671,8,NA,NA,32668
XXX-01,11,4,11,1,2014,11,23,15,3,6,28,534,39,105,0.09,671,8,NA,NA,32669
XXX-01,11,4,11,1,2014,11,24,15,3,6,28,535,40,110,0.09,671,8,NA,NA,32670
XXX-01,11,4,11,1,2014,11,25,15,3,6,28,536,42,115,0.09,671,8,NA,NA,32671
XXX-01,11,4,11,1,2014,11,26,15,3,6,28,537,44,120,0.09,671,8,NA,NA,32672
XXX-01,11,4,11,1,2014,11,27,15,3,6,28,538,46,124,0.09,671,8,NA,NA,32673
XXX-01,12,5,12,1,2014,12,1,15,3,6,29,467,0,0,0,672,8,NA,NA,32674
XXX-01,12,5,12,1,2014,12,2,15,3,6,29,471,0,4,0,672,8,NA,NA,32675
XXX-01,12,5,12,1,2014,12,3,15,3,6,29,474,0,9,0,672,8,NA,NA,32676
XXX-01,12,5,12,1,2014,12,4,15,3,6,29,475,7,14,0.34,672,8,NA,NA,32677
XXX-01,12,5,12,1,2014,12,5,15,3,6,29,478,10,19,0.33,671,8,NA,NA,32678
XXX-01,12,5,12,1,2014,12,6,15,3,6,29,478,10,24,0.28,672,8,NA,NA,32679
XXX-01,12,5,12,1,2014,12,7,15,3,6,30,479,11,28,0.26,672,8,NA,NA,32680
XXX-01,12,5,12,1,2014,12,8,15,3,6,30,480,12,33,0.24,672,8,NA,NA,32681
XXX-01,12,5,12,1,2014,12,9,15,3,6,30,483,14,38,0.23,671,8,NA,NA,32682
XXX-01,12,5,12,1,2014,12,10,15,3,6,30,484,15,43,0.23,671,8,NA,NA,32683
XXX-01,12,5,12,1,2014,12,11,15,3,6,30,484,16,48,0.21,672,8,NA,NA,32684
XXX-01,12,5,12,1,2014,12,12,15,3,6,30,486,17,52,0.21,671,8,NA,NA,32685
XXX-01,12,5,12,1,2014,12,13,15,3,6,30,487,18,57,0.2,671,8,NA,NA,32686
XXX-01,12,5,12,1,2014,12,14,15,3,6,30,487,18,62,0.19,672,8,NA,NA,32687
XXX-01,12,5,12,1,2014,12,15,15,3,6,30,489,20,67,0.19,671,8,NA,NA,32688
XXX-01,12,5,12,1,2014,12,16,15,3,6,30,489,20,72,0.18,672,8,NA,NA,32689
XXX-01,12,5,12,1,2014,12,17,15,3,6,30,492,21,76,0.18,671,8,NA,NA,32690
XXX-01,12,5,12,1,2014,12,18,15,3,6,30,493,22,81,0.17,671,8,NA,NA,32691
XXX-01,12,5,12,1,2014,12,19,15,3,6,30,492,23,86,0.17,672,8,NA,NA,32692
XXX-01,12,5,12,1,2014,12,20,15,3,6,31,495,24,91,0.17,671,8,NA,NA,32693
XXX-01,12,5,12,1,2014,12,21,15,3,6,31,495,25,96,0.17,671,8,NA,NA,32694
XXX-01,12,5,12,1,2014,12,22,15,3,6,31,497,26,100,0.16,671,8,NA,NA,32695
XXX-01,12,5,12,1,2014,12,23,15,3,6,31,496,27,105,0.16,672,8,NA,NA,32696
XXX-01,12,5,12,1,2014,12,24,15,3,6,31,497,27,110,0.16,672,8,NA,NA,32697
XXX-01,12,5,12,1,2014,12,25,15,3,6,31,498,28,115,0.15,672,8,NA,NA,32698
XXX-01,12,5,12,1,2014,12,26,15,3,6,31,499,29,120,0.15,672,8,NA,NA,32699
XXX-01,12,5,12,1,2014,12,27,15,3,6,31,501,30,124,0.15,671,8,NA,NA,32700
XXX-01,13,5,13,1,2014,13,1,15,3,6,32,493,0,0,0,671,8,NA,NA,32701
XXX-01,13,5,13,1,2014,13,2,15,3,6,32,495,0,4,0,671,8,NA,NA,32702
XXX-01,13,5,13,1,2014,13,3,15,3,6,32,498,0,9,0,671,8,NA,NA,32703
XXX-01,13,5,13,1,2014,13,4,15,3,6,32,499,7,14,0.34,671,8,NA,NA,32704
XXX-01,13,5,13,1,2014,13,5,15,3,6,32,502,10,19,0.33,671,8,NA,NA,32705
XXX-01,13,5,13,1,2014,13,6,15,3,6,32,502,10,24,0.32,671,8,NA,NA,32706
XXX-01,13,5,13,1,2014,13,7,15,3,6,32,503,11,28,0.32,671,8,NA,NA,32707
XXX-01,13,5,13,1,2014,13,8,15,3,6,32,504,12,33,0.31,671,8,NA,NA,32708
XXX-01,13,5,13,1,2014,13,9,15,3,6,32,507,14,38,0.31,671,8,NA,NA,32709
XXX-01,13,5,13,1,2014,13,10,15,3,6,32,508,15,43,0.29,671,8,NA,NA,32710
XXX-01,13,5,13,1,2014,13,11,15,3,6,32,508,16,48,0.3,671,8,NA,NA,32711
XXX-01,13,5,13,1,2014,13,12,15,3,6,32,510,17,52,0.29,671,8,NA,NA,32712
XXX-01,13,5,13,1,2014,13,13,15,3,6,33,511,18,57,0.28,671,8,NA,NA,32713
XXX-01,13,5,13,1,2014,13,14,15,3,6,33,511,18,62,0.28,671,8,NA,NA,32714
XXX-01,13,5,13,1,2014,13,15,15,3,6,33,513,20,67,0.27,671,8,NA,NA,32715
XXX-01,13,5,13,1,2014,13,16,15,3,6,33,513,20,72,0.27,671,8,NA,NA,32716
XXX-01,13,5,13,1,2014,13,17,15,3,6,33,516,21,76,0.29,671,8,NA,NA,32717
XXX-01,13,5,13,1,2014,13,18,15,3,6,33,517,22,81,0.3,671,8,NA,NA,32718
XXX-01,13,5,13,1,2014,13,19,15,3,6,33,516,23,86,0.31,671,8,NA,NA,32719
XXX-01,13,5,13,1,2014,13,20,15,3,6,33,518,24,91,0.32,671,8,NA,NA,32720
XXX-01,13,5,13,1,2014,13,21,15,3,6,33,520,25,96,0.32,671,8,NA,NA,32721
XXX-01,13,5,13,1,2014,13,22,15,3,6,33,522,26,100,0.33,671,8,NA,NA,32722
