"","plot_code","year","month","sub_plot","Treatment_code","quadrat_num","Plants_type","dry_mass_g","note","is_stock","day","quadrat_area_m2","date","DaysBetween","npp_g_m2_per_day","npp_MgC_ha_year"
"1","ABC-01",2019,3,"1","caged","A1","grass ",0.92,"","N",15,0.25,2019-03-15,90,0.0408888888888889,0.0746222222222222
"2","ABC-01",2019,3,"1","caged","A1","woody",0,"","N",15,0.25,2019-03-15,90,0,0
"3","ABC-01",2019,3,"1","caged","A1","herbs",0.06,"","N",15,0.25,2019-03-15,90,0.00266666666666667,0.00486666666666667
"4","ABC-01",2019,3,"1","caged","A5","grass ",0,"","N",15,0.25,2019-03-15,90,0,0
"5","ABC-01",2019,3,"1","caged","A5","woody",0,"","N",15,0.25,2019-03-15,90,0,0
"6","ABC-01",2019,3,"1","caged","A5","herbs",0.8,"","N",15,0.25,2019-03-15,90,0.0355555555555556,0.0648888888888889
"7","ABC-01",2019,3,"1","open","B3","grass ",44.57,"","N",15,0.25,2019-03-15,90,1.98088888888889,3.61512222222222
"8","ABC-01",2019,3,"1","open","B3","woody",0,"","N",15,0.25,2019-03-15,90,0,0
"9","ABC-01",2019,3,"1","open","B3","herbs",1.73,"","N",15,0.25,2019-03-15,90,0.0768888888888889,0.140322222222222
"10","ABC-01",2019,3,"1","caged","C2","grass ",0,"","N",15,0.25,2019-03-15,90,0,0
"11","ABC-01",2019,3,"1","caged","C2","woody",2.17,"","N",15,0.25,2019-03-15,90,0.0964444444444444,0.176011111111111
"12","ABC-01",2019,3,"1","caged","C2","herbs",0,"","N",15,0.25,2019-03-15,90,0,0
"13","ABC-01",2019,3,"1","caged","C4","grass ",0,"","N",15,0.25,2019-03-15,90,0,0
"14","ABC-01",2019,3,"1","caged","C4","woody",0,"","N",15,0.25,2019-03-15,90,0,0
"15","ABC-01",2019,3,"1","caged","C4","herbs",0,"","N",15,0.25,2019-03-15,90,0,0
"16","ABC-01",2019,3,"1","open","D2","grass ",5.65,"","N",15,0.25,2019-03-15,90,0.251111111111111,0.458277777777778
"17","ABC-01",2019,3,"1","open","D2","woody",0,"","N",15,0.25,2019-03-15,90,0,0
"18","ABC-01",2019,3,"1","open","D2","herbs",0,"","N",15,0.25,2019-03-15,90,0,0
"19","ABC-01",2019,3,"1","open","D4","grass ",0,"","N",15,0.25,2019-03-15,90,0,0
"20","ABC-01",2019,3,"1","open","D4","woody",0,"","N",15,0.25,2019-03-15,90,0,0
"21","ABC-01",2019,3,"1","open","D4","herbs",0.65,"","N",15,0.25,2019-03-15,90,0.0288888888888889,0.0527222222222222
"22","ABC-01",2019,3,"1","caged","E3","grass ",0,"","N",15,0.25,2019-03-15,90,0,0
"23","ABC-01",2019,3,"1","caged","E3","woody",2.88,"","N",15,0.25,2019-03-15,90,0.128,0.2336
"24","ABC-01",2019,3,"1","caged","E3","herbs",0,"","N",15,0.25,2019-03-15,90,0,0
"25","ABC-01",2019,3,"1","open","F1","grass ",0,"","N",15,0.25,2019-03-15,90,0,0
"26","ABC-01",2019,3,"1","open","F1","woody",0,"","N",15,0.25,2019-03-15,90,0,0
"27","ABC-01",2019,3,"1","open","F1","herbs",0,"","N",15,0.25,2019-03-15,90,0,0
"28","ABC-01",2019,3,"1","open","F5","grass ",0,"","N",15,0.25,2019-03-15,90,0,0
"29","ABC-01",2019,3,"1","open","F5","woody",0,"","N",15,0.25,2019-03-15,90,0,0
"30","ABC-01",2019,3,"1","open","F5","herbs",0,"","N",15,0.25,2019-03-15,90,0,0
"31","ABC-01",2019,3,"2","caged","A1","grass ",27.19,"","N",15,0.25,2019-03-15,90,1.20844444444444,2.20541111111111
"32","ABC-01",2019,3,"2","caged","A1","woody",0,"","N",15,0.25,2019-03-15,90,0,0
"33","ABC-01",2019,3,"2","caged","A1","herbs",10.79,"","N",15,0.25,2019-03-15,90,0.479555555555556,0.875188888888889
"34","ABC-01",2019,3,"2","caged","A5","grass ",15.75,"","N",15,0.25,2019-03-15,90,0.7,1.2775
"35","ABC-01",2019,3,"2","caged","A5","woody",8.79,"","N",15,0.25,2019-03-15,90,0.390666666666667,0.712966666666667
"36","ABC-01",2019,3,"2","caged","A5","herbs",0,"","N",15,0.25,2019-03-15,90,0,0
"37","ABC-01",2019,3,"2","open","B3","grass ",33.67,"","N",15,0.25,2019-03-15,90,1.49644444444444,2.73101111111111
"38","ABC-01",2019,3,"2","open","B3","woody",0,"","N",15,0.25,2019-03-15,90,0,0
"39","ABC-01",2019,3,"2","open","B3","herbs",7.98,"","N",15,0.25,2019-03-15,90,0.354666666666667,0.647266666666667
"40","ABC-01",2019,3,"2","caged","C2","grass ",22.74,"","N",15,0.25,2019-03-15,90,1.01066666666667,1.84446666666667
"41","ABC-01",2019,3,"2","caged","C2","woody",0,"","N",15,0.25,2019-03-15,90,0,0
"42","ABC-01",2019,3,"2","caged","C2","herbs",4.84,"","N",15,0.25,2019-03-15,90,0.215111111111111,0.392577777777778
"43","ABC-01",2019,3,"2","caged","C4","grass ",23.35,"","N",15,0.25,2019-03-15,90,1.03777777777778,1.89394444444444
"44","ABC-01",2019,3,"2","caged","C4","woody",0,"","N",15,0.25,2019-03-15,90,0,0
"45","ABC-01",2019,3,"2","caged","C4","herbs",17.16,"","N",15,0.25,2019-03-15,90,0.762666666666667,1.39186666666667
"46","ABC-01",2019,3,"2","open","D2","grass ",4.21,"","N",15,0.25,2019-03-15,90,0.187111111111111,0.341477777777778
"47","ABC-01",2019,3,"2","open","D2","woody",0,"","N",15,0.25,2019-03-15,90,0,0
"48","ABC-01",2019,3,"2","open","D2","herbs",3.19,"","N",15,0.25,2019-03-15,90,0.141777777777778,0.258744444444444
"49","ABC-01",2019,3,"2","open","D4","grass ",20.2,"","N",15,0.25,2019-03-15,90,0.897777777777778,1.63844444444444
"50","ABC-01",2019,3,"2","open","D4","woody",0,"","N",15,0.25,2019-03-15,90,0,0
"51","ABC-01",2019,3,"2","open","D4","herbs",1.28,"","N",15,0.25,2019-03-15,90,0.0568888888888889,0.103822222222222
"52","ABC-01",2019,3,"2","caged","E3","grass ",2.7,"","N",15,0.25,2019-03-15,90,0.12,0.219
"53","ABC-01",2019,3,"2","caged","E3","woody",0,"","N",15,0.25,2019-03-15,90,0,0
"54","ABC-01",2019,3,"2","caged","E3","herbs",12.05,"","N",15,0.25,2019-03-15,90,0.535555555555556,0.977388888888889
"55","ABC-01",2019,3,"2","open","F1","grass ",45.71,"","N",15,0.25,2019-03-15,90,2.03155555555556,3.70758888888889
"56","ABC-01",2019,3,"2","open","F1","woody",0,"","N",15,0.25,2019-03-15,90,0,0
"57","ABC-01",2019,3,"2","open","F1","herbs",4.02,"","N",15,0.25,2019-03-15,90,0.178666666666667,0.326066666666667
"58","ABC-01",2019,3,"2","open","F5","grass ",7.66,"","N",15,0.25,2019-03-15,90,0.340444444444444,0.621311111111111
"59","ABC-01",2019,3,"2","open","F5","woody",0,"","N",15,0.25,2019-03-15,90,0,0
"60","ABC-01",2019,3,"2","open","F5","herbs",7,"","N",15,0.25,2019-03-15,90,0.311111111111111,0.567777777777778
"61","ABC-01",2019,3,"3","caged","A1","grass ",40.54,"","N",15,0.25,2019-03-15,90,1.80177777777778,3.28824444444444
"62","ABC-01",2019,3,"3","caged","A1","woody",0,"","N",15,0.25,2019-03-15,90,0,0
"63","ABC-01",2019,3,"3","caged","A1","herbs",0,"","N",15,0.25,2019-03-15,90,0,0
"64","ABC-01",2019,3,"3","caged","A5","grass ",37.94,"","N",15,0.25,2019-03-15,90,1.68622222222222,3.07735555555556
"65","ABC-01",2019,3,"3","caged","A5","woody",0,"","N",15,0.25,2019-03-15,90,0,0
"66","ABC-01",2019,3,"3","caged","A5","herbs",0,"","N",15,0.25,2019-03-15,90,0,0
"67","ABC-01",2019,3,"3","open","B3","grass ",50.36,"","N",15,0.25,2019-03-15,90,2.23822222222222,4.08475555555556
"68","ABC-01",2019,3,"3","open","B3","woody",0,"","N",15,0.25,2019-03-15,90,0,0
"69","ABC-01",2019,3,"3","open","B3","herbs",0,"","N",15,0.25,2019-03-15,90,0,0
"70","ABC-01",2019,3,"3","caged","C2","grass ",40.44,"","N",15,0.25,2019-03-15,90,1.79733333333333,3.28013333333333
"71","ABC-01",2019,3,"3","caged","C2","woody",0,"","N",15,0.25,2019-03-15,90,0,0
"72","ABC-01",2019,3,"3","caged","C2","herbs",0,"","N",15,0.25,2019-03-15,90,0,0
"73","ABC-01",2019,3,"3","caged","C4","grass ",21.79,"","N",15,0.25,2019-03-15,90,0.968444444444444,1.76741111111111
"74","ABC-01",2019,3,"3","caged","C4","woody",0,"","N",15,0.25,2019-03-15,90,0,0
"75","ABC-01",2019,3,"3","caged","C4","herbs",0,"","N",15,0.25,2019-03-15,90,0,0
"76","ABC-01",2019,3,"3","open","D2","grass ",31.96,"","N",15,0.25,2019-03-15,90,1.42044444444444,2.59231111111111
"77","ABC-01",2019,3,"3","open","D2","woody",0,"","N",15,0.25,2019-03-15,90,0,0
"78","ABC-01",2019,3,"3","open","D2","herbs",0,"","N",15,0.25,2019-03-15,90,0,0
"79","ABC-01",2019,3,"3","open","D4","grass ",0,"","N",15,0.25,2019-03-15,90,0,0
"80","ABC-01",2019,3,"3","open","D4","woody",0,"","N",15,0.25,2019-03-15,90,0,0
"81","ABC-01",2019,3,"3","open","D4","herbs",0,"","N",15,0.25,2019-03-15,90,0,0
"82","ABC-01",2019,3,"3","caged","E3","grass ",0,"","N",15,0.25,2019-03-15,90,0,0
"83","ABC-01",2019,3,"3","caged","E3","woody",0,"","N",15,0.25,2019-03-15,90,0,0
"84","ABC-01",2019,3,"3","caged","E3","herbs",0,"","N",15,0.25,2019-03-15,90,0,0
"85","ABC-01",2019,3,"3","open","F1","grass ",0,"","N",15,0.25,2019-03-15,90,0,0
"86","ABC-01",2019,3,"3","open","F1","woody",0,"","N",15,0.25,2019-03-15,90,0,0
"87","ABC-01",2019,3,"3","open","F1","herbs",0,"","N",15,0.25,2019-03-15,90,0,0
"88","ABC-01",2019,3,"3","open","F5","grass ",0,"","N",15,0.25,2019-03-15,90,0,0
"89","ABC-01",2019,3,"3","open","F5","woody",0,"","N",15,0.25,2019-03-15,90,0,0
"90","ABC-01",2019,3,"3","open","F5","herbs",0,"","N",15,0.25,2019-03-15,90,0,0
"91","ABC-01",2019,3,"4","caged","A1","grass ",0,"","N",15,0.25,2019-03-15,90,0,0
"92","ABC-01",2019,3,"4","caged","A1","woody",0,"","N",15,0.25,2019-03-15,90,0,0
"93","ABC-01",2019,3,"4","caged","A1","herbs",0,"","N",15,0.25,2019-03-15,90,0,0
"94","ABC-01",2019,3,"4","caged","A5","grass ",0,"","N",15,0.25,2019-03-15,90,0,0
"95","ABC-01",2019,3,"4","caged","A5","woody",0,"","N",15,0.25,2019-03-15,90,0,0
"96","ABC-01",2019,3,"4","caged","A5","herbs",0,"","N",15,0.25,2019-03-15,90,0,0
"97","ABC-01",2019,3,"4","open","B3","grass ",0,"","N",15,0.25,2019-03-15,90,0,0
"98","ABC-01",2019,3,"4","open","B3","woody",0,"","N",15,0.25,2019-03-15,90,0,0
"99","ABC-01",2019,3,"4","open","B3","herbs",0,"","N",15,0.25,2019-03-15,90,0,0
"100","ABC-01",2019,3,"4","caged","C2","grass ",0,"","N",15,0.25,2019-03-15,90,0,0
"101","ABC-01",2019,3,"4","caged","C2","woody",0,"","N",15,0.25,2019-03-15,90,0,0
"102","ABC-01",2019,3,"4","caged","C2","herbs",0,"","N",15,0.25,2019-03-15,90,0,0
"103","ABC-01",2019,3,"4","caged","C4","grass ",0,"","N",15,0.25,2019-03-15,90,0,0
"104","ABC-01",2019,3,"4","caged","C4","woody",0,"","N",15,0.25,2019-03-15,90,0,0
"105","ABC-01",2019,3,"4","caged","C4","herbs",0,"","N",15,0.25,2019-03-15,90,0,0
"106","ABC-01",2019,3,"4","open","D2","grass ",15.75,"","N",15,0.25,2019-03-15,90,0.7,1.2775
"107","ABC-01",2019,3,"4","open","D2","woody",0,"","N",15,0.25,2019-03-15,90,0,0
"108","ABC-01",2019,3,"4","open","D2","herbs",0.11,"","N",15,0.25,2019-03-15,90,0.00488888888888889,0.00892222222222222
"109","ABC-01",2019,3,"4","open","D4","grass ",0,"","N",15,0.25,2019-03-15,90,0,0
"110","ABC-01",2019,3,"4","open","D4","woody",0,"","N",15,0.25,2019-03-15,90,0,0
"111","ABC-01",2019,3,"4","open","D4","herbs",0,"","N",15,0.25,2019-03-15,90,0,0
"112","ABC-01",2019,3,"4","caged","E3","grass ",44.04,"","N",15,0.25,2019-03-15,90,1.95733333333333,3.57213333333333
"113","ABC-01",2019,3,"4","caged","E3","woody",0,"","N",15,0.25,2019-03-15,90,0,0
"114","ABC-01",2019,3,"4","caged","E3","herbs",0.33,"","N",15,0.25,2019-03-15,90,0.0146666666666667,0.0267666666666667
"115","ABC-01",2019,3,"4","open","F1","grass ",19.24,"","N",15,0.25,2019-03-15,90,0.855111111111111,1.56057777777778
"116","ABC-01",2019,3,"4","open","F1","woody",0,"","N",15,0.25,2019-03-15,90,0,0
"117","ABC-01",2019,3,"4","open","F1","herbs",0,"","N",15,0.25,2019-03-15,90,0,0
"118","ABC-01",2019,3,"4","open","F5","grass ",3.06,"","N",15,0.25,2019-03-15,90,0.136,0.2482
"119","ABC-01",2019,3,"4","open","F5","woody",0,"","N",15,0.25,2019-03-15,90,0,0
"120","ABC-01",2019,3,"4","open","F5","herbs",0.33,"","N",15,0.25,2019-03-15,90,0.0146666666666667,0.0267666666666667
"121","ABC-01",2019,7,"1","caged","A2","grass ",50.36,"","N",15,0.25,2019-07-15,122,1.65114754098361,3.01334426229508
"122","ABC-01",2019,7,"1","caged","A2","woody",1.1,"","N",15,0.25,2019-07-15,122,0.0360655737704918,0.0658196721311475
"123","ABC-01",2019,7,"1","caged","A2","herbs",0,"","N",15,0.25,2019-07-15,122,0,0
"124","ABC-01",2019,7,"1","open","B2","grass ",8.57,"","N",15,0.25,2019-07-15,122,0.280983606557377,0.512795081967213
"125","ABC-01",2019,7,"1","open","B2","woody",0.05,"","N",15,0.25,2019-07-15,122,0.00163934426229508,0.00299180327868852
"126","ABC-01",2019,7,"1","open","B2","herbs",0,"","N",15,0.25,2019-07-15,122,0,0
"127","ABC-01",2019,7,"1","open","B4","grass ",16.43,"","N",15,0.25,2019-07-15,122,0.538688524590164,0.983106557377049
"128","ABC-01",2019,7,"1","open","B4","woody",0,"","N",15,0.25,2019-07-15,122,0,0
"129","ABC-01",2019,7,"1","open","B4","herbs",0,"","N",15,0.25,2019-07-15,122,0,0
"130","ABC-01",2019,7,"1","caged","C1","grass ",31.17,"","N",15,0.25,2019-07-15,122,1.02196721311475,1.86509016393443
"131","ABC-01",2019,7,"1","caged","C1","woody",0,"","N",15,0.25,2019-07-15,122,0,0
"132","ABC-01",2019,7,"1","caged","C1","herbs",0,"","N",15,0.25,2019-07-15,122,0,0
"133","ABC-01",2019,7,"1","caged","C5","grass ",25.97,"","N",15,0.25,2019-07-15,122,0.851475409836066,1.55394262295082
"134","ABC-01",2019,7,"1","caged","C5","woody",0.22,"","N",15,0.25,2019-07-15,122,0.00721311475409836,0.0131639344262295
"135","ABC-01",2019,7,"1","caged","C5","herbs",0,"","N",15,0.25,2019-07-15,122,0,0
"136","ABC-01",2019,7,"1","open","D3","grass ",17.68,"","N",15,0.25,2019-07-15,122,0.579672131147541,1.05790163934426
"137","ABC-01",2019,7,"1","open","D3","woody",1.78,"","N",15,0.25,2019-07-15,122,0.0583606557377049,0.106508196721311
"138","ABC-01",2019,7,"1","open","D3","herbs",0,"","N",15,0.25,2019-07-15,122,0,0
"139","ABC-01",2019,7,"1","caged","E2","grass ",33.89,"","N",15,0.25,2019-07-15,122,1.11114754098361,2.02784426229508
"140","ABC-01",2019,7,"1","caged","E2","woody",0.12,"","N",15,0.25,2019-07-15,122,0.0039344262295082,0.00718032786885246
"141","ABC-01",2019,7,"1","caged","E2","herbs",0,"","N",15,0.25,2019-07-15,122,0,0
"142","ABC-01",2019,7,"1","caged","E4","grass ",29.76,"","N",15,0.25,2019-07-15,122,0.975737704918033,1.78072131147541
"143","ABC-01",2019,7,"1","caged","E4","woody",0.3,"","N",15,0.25,2019-07-15,122,0.00983606557377049,0.0179508196721311
"144","ABC-01",2019,7,"1","caged","E4","herbs",0,"","N",15,0.25,2019-07-15,122,0,0
"145","ABC-01",2019,7,"1","open","F1","grass ",1.56,"","N",15,0.25,2019-07-15,122,0.0511475409836066,0.093344262295082
"146","ABC-01",2019,7,"1","open","F1","woody",0,"","N",15,0.25,2019-07-15,122,0,0
"147","ABC-01",2019,7,"1","open","F1","herbs",0,"","N",15,0.25,2019-07-15,122,0,0
"148","ABC-01",2019,7,"1","open","F5","grass ",0,"","N",15,0.25,2019-07-15,122,0,0
"149","ABC-01",2019,7,"1","open","F5","woody",0,"","N",15,0.25,2019-07-15,122,0,0
"150","ABC-01",2019,7,"1","open","F5","herbs",0,"","N",15,0.25,2019-07-15,122,0,0
"151","ABC-01",2019,7,"2","caged","A2","grass ",0,"","N",15,0.25,2019-07-15,122,0,0
"152","ABC-01",2019,7,"2","caged","A2","woody",0.05,"","N",15,0.25,2019-07-15,122,0.00163934426229508,0.00299180327868852
"153","ABC-01",2019,7,"2","caged","A2","herbs",0,"","N",15,0.25,2019-07-15,122,0,0
"154","ABC-01",2019,7,"2","open","B2","grass ",15.48,"","N",15,0.25,2019-07-15,122,0.507540983606557,0.926262295081967
"155","ABC-01",2019,7,"2","open","B2","woody",8.11,"","N",15,0.25,2019-07-15,122,0.265901639344262,0.485270491803279
"156","ABC-01",2019,7,"2","open","B2","herbs",0,"","N",15,0.25,2019-07-15,122,0,0
"157","ABC-01",2019,7,"2","open","B4","grass ",35.47,"","N",15,0.25,2019-07-15,122,1.16295081967213,2.12238524590164
"158","ABC-01",2019,7,"2","open","B4","woody",0,"","N",15,0.25,2019-07-15,122,0,0
"159","ABC-01",2019,7,"2","open","B4","herbs",1.16,"","N",15,0.25,2019-07-15,122,0.0380327868852459,0.0694098360655738
"160","ABC-01",2019,7,"2","caged","C1","grass ",74.59,"","N",15,0.25,2019-07-15,122,2.4455737704918,4.46317213114754
"161","ABC-01",2019,7,"2","caged","C1","woody",0,"","N",15,0.25,2019-07-15,122,0,0
"162","ABC-01",2019,7,"2","caged","C1","herbs",0,"","N",15,0.25,2019-07-15,122,0,0
"163","ABC-01",2019,7,"2","caged","C5","grass ",0,"","N",15,0.25,2019-07-15,122,0,0
"164","ABC-01",2019,7,"2","caged","C5","woody",0.22,"","N",15,0.25,2019-07-15,122,0.00721311475409836,0.0131639344262295
"165","ABC-01",2019,7,"2","caged","C5","herbs",0,"","N",15,0.25,2019-07-15,122,0,0
"166","ABC-01",2019,7,"2","open","D3","grass ",11.08,"","N",15,0.25,2019-07-15,122,0.36327868852459,0.662983606557377
"167","ABC-01",2019,7,"2","open","D3","woody",2.36,"","N",15,0.25,2019-07-15,122,0.0773770491803279,0.141213114754098
"168","ABC-01",2019,7,"2","open","D3","herbs",0,"","N",15,0.25,2019-07-15,122,0,0
"169","ABC-01",2019,7,"2","caged","E2","grass ",27.19,"","N",15,0.25,2019-07-15,122,0.891475409836066,1.62694262295082
"170","ABC-01",2019,7,"2","caged","E2","woody",0,"","N",15,0.25,2019-07-15,122,0,0
"171","ABC-01",2019,7,"2","caged","E2","herbs",4.01,"","N",15,0.25,2019-07-15,122,0.131475409836066,0.23994262295082
"172","ABC-01",2019,7,"2","caged","E4","grass ",11.24,"","N",15,0.25,2019-07-15,122,0.368524590163934,0.67255737704918
"173","ABC-01",2019,7,"2","caged","E4","woody",1.71,"","N",15,0.25,2019-07-15,122,0.0560655737704918,0.102319672131148
"174","ABC-01",2019,7,"2","caged","E4","herbs",0,"","N",15,0.25,2019-07-15,122,0,0
"175","ABC-01",2019,7,"2","open","F1","grass ",10.48,"","N",15,0.25,2019-07-15,122,0.343606557377049,0.627081967213115
"176","ABC-01",2019,7,"2","open","F1","woody",0,"","N",15,0.25,2019-07-15,122,0,0
"177","ABC-01",2019,7,"2","open","F1","herbs",0.06,"","N",15,0.25,2019-07-15,122,0.0019672131147541,0.00359016393442623
"178","ABC-01",2019,7,"2","open","F5","grass ",0.89,"","N",15,0.25,2019-07-15,122,0.0291803278688525,0.0532540983606557
"179","ABC-01",2019,7,"2","open","F5","woody",0,"","N",15,0.25,2019-07-15,122,0,0
"180","ABC-01",2019,7,"2","open","F5","herbs",0,"","N",15,0.25,2019-07-15,122,0,0
"181","ABC-01",2019,7,"3","caged","A2","grass ",17.5,"","N",15,0.25,2019-07-15,122,0.573770491803279,1.04713114754098
"182","ABC-01",2019,7,"3","caged","A2","woody",0.25,"","N",15,0.25,2019-07-15,122,0.00819672131147541,0.0149590163934426
"183","ABC-01",2019,7,"3","caged","A2","herbs",0,"","N",15,0.25,2019-07-15,122,0,0
"184","ABC-01",2019,7,"3","open","B2","grass ",2.44,"","N",15,0.25,2019-07-15,122,0.08,0.146
"185","ABC-01",2019,7,"3","open","B2","woody",0,"","N",15,0.25,2019-07-15,122,0,0
"186","ABC-01",2019,7,"3","open","B2","herbs",0,"","N",15,0.25,2019-07-15,122,0,0
"187","ABC-01",2019,7,"3","open","B4","grass ",7.84,"","N",15,0.25,2019-07-15,122,0.257049180327869,0.469114754098361
"188","ABC-01",2019,7,"3","open","B4","woody",0,"","N",15,0.25,2019-07-15,122,0,0
"189","ABC-01",2019,7,"3","open","B4","herbs",0,"","N",15,0.25,2019-07-15,122,0,0
"190","ABC-01",2019,7,"3","caged","C1","grass ",22.76,"","N",15,0.25,2019-07-15,122,0.746229508196721,1.36186885245902
"191","ABC-01",2019,7,"3","caged","C1","woody",0.26,"","N",15,0.25,2019-07-15,122,0.00852459016393443,0.0155573770491803
"192","ABC-01",2019,7,"3","caged","C1","herbs",0,"","N",15,0.25,2019-07-15,122,0,0
"193","ABC-01",2019,7,"3","caged","C5","grass ",6.13,"","N",15,0.25,2019-07-15,122,0.200983606557377,0.366795081967213
"194","ABC-01",2019,7,"3","caged","C5","woody",18.68,"","N",15,0.25,2019-07-15,122,0.612459016393443,1.11773770491803
"195","ABC-01",2019,7,"3","caged","C5","herbs",0,"","N",15,0.25,2019-07-15,122,0,0
"196","ABC-01",2019,7,"3","open","D3","grass ",7.08,"","N",15,0.25,2019-07-15,122,0.232131147540984,0.423639344262295
"197","ABC-01",2019,7,"3","open","D3","woody",0,"","N",15,0.25,2019-07-15,122,0,0
"198","ABC-01",2019,7,"3","open","D3","herbs",0,"","N",15,0.25,2019-07-15,122,0,0
"199","ABC-01",2019,7,"3","caged","E2","grass ",9.53,"","N",15,0.25,2019-07-15,122,0.312459016393443,0.570237704918033
"200","ABC-01",2019,7,"3","caged","E2","woody",0.7,"","N",15,0.25,2019-07-15,122,0.0229508196721311,0.0418852459016393
"201","ABC-01",2019,7,"3","caged","E2","herbs",0,"","N",15,0.25,2019-07-15,122,0,0
"202","ABC-01",2019,7,"3","caged","E4","grass ",39.93,"","N",15,0.25,2019-07-15,122,1.30918032786885,2.38925409836066
"203","ABC-01",2019,7,"3","caged","E4","woody",0.37,"","N",15,0.25,2019-07-15,122,0.0121311475409836,0.0221393442622951
"204","ABC-01",2019,7,"3","caged","E4","herbs",0,"","N",15,0.25,2019-07-15,122,0,0
"205","ABC-01",2019,7,"3","open","F1","grass ",0.18,"","N",15,0.25,2019-07-15,122,0.0059016393442623,0.0107704918032787
"206","ABC-01",2019,7,"3","open","F1","woody",0,"","N",15,0.25,2019-07-15,122,0,0
"207","ABC-01",2019,7,"3","open","F1","herbs",0,"","N",15,0.25,2019-07-15,122,0,0
"208","ABC-01",2019,7,"3","open","F5","grass ",0.33,"","N",15,0.25,2019-07-15,122,0.0108196721311475,0.0197459016393443
"209","ABC-01",2019,7,"3","open","F5","woody",0,"","N",15,0.25,2019-07-15,122,0,0
"210","ABC-01",2019,7,"3","open","F5","herbs",0,"","N",15,0.25,2019-07-15,122,0,0
"211","ABC-01",2019,7,"4","caged","A2","grass ",25.41,"","N",15,0.25,2019-07-15,122,0.833114754098361,1.52043442622951
"212","ABC-01",2019,7,"4","caged","A2","woody",0.08,"","N",15,0.25,2019-07-15,122,0.00262295081967213,0.00478688524590164
"213","ABC-01",2019,7,"4","caged","A2","herbs",0,"","N",15,0.25,2019-07-15,122,0,0
"214","ABC-01",2019,7,"4","open","B2","grass ",26.18,"","N",15,0.25,2019-07-15,122,0.858360655737705,1.56650819672131
"215","ABC-01",2019,7,"4","open","B2","woody",0.71,"","N",15,0.25,2019-07-15,122,0.0232786885245902,0.042483606557377
"216","ABC-01",2019,7,"4","open","B2","herbs",0,"","N",15,0.25,2019-07-15,122,0,0
"217","ABC-01",2019,7,"4","open","B4","grass ",6.99,"","N",15,0.25,2019-07-15,122,0.229180327868852,0.418254098360656
"218","ABC-01",2019,7,"4","open","B4","woody",0.76,"","N",15,0.25,2019-07-15,122,0.0249180327868852,0.0454754098360656
"219","ABC-01",2019,7,"4","open","B4","herbs",0,"","N",15,0.25,2019-07-15,122,0,0
"220","ABC-01",2019,7,"4","caged","C1","grass ",29.93,"","N",15,0.25,2019-07-15,122,0.981311475409836,1.79089344262295
"221","ABC-01",2019,7,"4","caged","C1","woody",0.17,"","N",15,0.25,2019-07-15,122,0.00557377049180328,0.010172131147541
"222","ABC-01",2019,7,"4","caged","C1","herbs",0,"","N",15,0.25,2019-07-15,122,0,0
"223","ABC-01",2019,7,"4","caged","C5","grass ",26.07,"","N",15,0.25,2019-07-15,122,0.854754098360656,1.5599262295082
"224","ABC-01",2019,7,"4","caged","C5","woody",0.54,"","N",15,0.25,2019-07-15,122,0.0177049180327869,0.0323114754098361
"225","ABC-01",2019,7,"4","caged","C5","herbs",0,"","N",15,0.25,2019-07-15,122,0,0
"226","ABC-01",2019,7,"4","open","D3","grass ",60.77,"","N",15,0.25,2019-07-15,122,1.99245901639344,3.63623770491803
"227","ABC-01",2019,7,"4","open","D3","woody",1.55,"","N",15,0.25,2019-07-15,122,0.0508196721311475,0.0927459016393443
"228","ABC-01",2019,7,"4","open","D3","herbs",0,"","N",15,0.25,2019-07-15,122,0,0
"229","ABC-01",2019,7,"4","caged","E2","grass ",26.32,"","N",15,0.25,2019-07-15,122,0.862950819672131,1.57488524590164
"230","ABC-01",2019,7,"4","caged","E2","woody",0.08,"","N",15,0.25,2019-07-15,122,0.00262295081967213,0.00478688524590164
"231","ABC-01",2019,7,"4","caged","E2","herbs",0,"","N",15,0.25,2019-07-15,122,0,0
"232","ABC-01",2019,7,"4","caged","E4","grass ",14.09,"","N",15,0.25,2019-07-15,122,0.461967213114754,0.843090163934426
"233","ABC-01",2019,7,"4","caged","E4","woody",1.81,"","N",15,0.25,2019-07-15,122,0.059344262295082,0.108303278688525
"234","ABC-01",2019,7,"4","caged","E4","herbs",0,"","N",15,0.25,2019-07-15,122,0,0
"235","ABC-01",2019,7,"4","open","F1","grass ",12.3,"","N",15,0.25,2019-07-15,122,0.40327868852459,0.735983606557377
"236","ABC-01",2019,7,"4","open","F1","woody",4.05,"","N",15,0.25,2019-07-15,122,0.132786885245902,0.24233606557377
"237","ABC-01",2019,7,"4","open","F1","herbs",0,"","N",15,0.25,2019-07-15,122,0,0
"238","ABC-01",2019,7,"4","open","F5","grass ",0,"","N",15,0.25,2019-07-15,122,0,0
"239","ABC-01",2019,7,"4","open","F5","woody",0,"","N",15,0.25,2019-07-15,122,0,0
"240","ABC-01",2019,7,"4","open","F5","herbs",0,"","N",15,0.25,2019-07-15,122,0,0
"241","ABC-01",2019,9,"1","caged","A3","grass ",67.86,"","N",15,0.25,2019-09-15,62,4.37806451612903,7.98996774193548
"242","ABC-01",2019,9,"1","caged","A3","woody",0,"","N",15,0.25,2019-09-15,62,0,0
"243","ABC-01",2019,9,"1","caged","A3","herbs",0,"","N",15,0.25,2019-09-15,62,0,0
"244","ABC-01",2019,9,"1","caged","A4","grass ",31.5,"","N",15,0.25,2019-09-15,62,2.03225806451613,3.70887096774194
"245","ABC-01",2019,9,"1","caged","A4","woody",0,"","N",15,0.25,2019-09-15,62,0,0
"246","ABC-01",2019,9,"1","caged","A4","herbs",0,"","N",15,0.25,2019-09-15,62,0,0
"247","ABC-01",2019,9,"1","open","B1","grass ",13.45,"","N",15,0.25,2019-09-15,62,0.867741935483871,1.58362903225806
"248","ABC-01",2019,9,"1","open","B1","woody",0,"","N",15,0.25,2019-09-15,62,0,0
"249","ABC-01",2019,9,"1","open","B1","herbs",0.05,"","N",15,0.25,2019-09-15,62,0.0032258064516129,0.00588709677419355
"250","ABC-01",2019,9,"1","open","B5","grass ",59.47,"","N",15,0.25,2019-09-15,62,3.83677419354839,7.00211290322581
"251","ABC-01",2019,9,"1","open","B5","woody",0,"","N",15,0.25,2019-09-15,62,0,0
"252","ABC-01",2019,9,"1","open","B5","herbs",0,"","N",15,0.25,2019-09-15,62,0,0
"253","ABC-01",2019,9,"1","caged","C3","grass ",73.63,"","N",15,0.25,2019-09-15,62,4.75032258064516,8.66933870967742
"254","ABC-01",2019,9,"1","caged","C3","woody",0,"","N",15,0.25,2019-09-15,62,0,0
"255","ABC-01",2019,9,"1","caged","C3","herbs",0,"","N",15,0.25,2019-09-15,62,0,0
"256","ABC-01",2019,9,"1","open","D1","grass ",20.39,"","N",15,0.25,2019-09-15,62,1.31548387096774,2.40075806451613
"257","ABC-01",2019,9,"1","open","D1","woody",0,"","N",15,0.25,2019-09-15,62,0,0
"258","ABC-01",2019,9,"1","open","D1","herbs",0.34,"","N",15,0.25,2019-09-15,62,0.0219354838709677,0.0400322580645161
"259","ABC-01",2019,9,"1","open","D5","grass ",23.59,"","N",15,0.25,2019-09-15,62,1.52193548387097,2.77753225806452
"260","ABC-01",2019,9,"1","open","D5","woody",0,"","N",15,0.25,2019-09-15,62,0,0
"261","ABC-01",2019,9,"1","open","D5","herbs",0,"","N",15,0.25,2019-09-15,62,0,0
"262","ABC-01",2019,9,"1","caged","E1","grass ",20.5,"","N",15,0.25,2019-09-15,62,1.32258064516129,2.41370967741935
"263","ABC-01",2019,9,"1","caged","E1","woody",0,"","N",15,0.25,2019-09-15,62,0,0
"264","ABC-01",2019,9,"1","caged","E1","herbs",0,"","N",15,0.25,2019-09-15,62,0,0
"265","ABC-01",2019,9,"1","caged","E5","grass ",41.36,"","N",15,0.25,2019-09-15,62,2.66838709677419,4.8698064516129
"266","ABC-01",2019,9,"1","caged","E5","woody",0,"","N",15,0.25,2019-09-15,62,0,0
"267","ABC-01",2019,9,"1","caged","E5","herbs",0,"","N",15,0.25,2019-09-15,62,0,0
"268","ABC-01",2019,9,"1","open","F3","grass ",0,"","N",15,0.25,2019-09-15,62,0,0
"269","ABC-01",2019,9,"1","open","F3","woody",0,"","N",15,0.25,2019-09-15,62,0,0
"270","ABC-01",2019,9,"1","open","F3","herbs",0.98,"","N",15,0.25,2019-09-15,62,0.0632258064516129,0.115387096774194
"271","ABC-01",2019,9,"2","caged","A3","grass ",110.06,"","N",15,0.25,2019-09-15,62,7.10064516129032,12.9586774193548
"272","ABC-01",2019,9,"2","caged","A3","woody",0.73,"","N",15,0.25,2019-09-15,62,0.0470967741935484,0.0859516129032258
"273","ABC-01",2019,9,"2","caged","A3","herbs",0.36,"","N",15,0.25,2019-09-15,62,0.0232258064516129,0.0423870967741935
"274","ABC-01",2019,9,"2","caged","A4","grass ",72.31,"","N",15,0.25,2019-09-15,62,4.66516129032258,8.51391935483871
"275","ABC-01",2019,9,"2","caged","A4","woody",0,"","N",15,0.25,2019-09-15,62,0,0
"276","ABC-01",2019,9,"2","caged","A4","herbs",0.37,"","N",15,0.25,2019-09-15,62,0.0238709677419355,0.0435645161290323
"277","ABC-01",2019,9,"2","open","B1","grass ",10.86,"","N",15,0.25,2019-09-15,62,0.700645161290323,1.27867741935484
"278","ABC-01",2019,9,"2","open","B1","woody",0,"","N",15,0.25,2019-09-15,62,0,0
"279","ABC-01",2019,9,"2","open","B1","herbs",0,"","N",15,0.25,2019-09-15,62,0,0
"280","ABC-01",2019,9,"2","open","B5","grass ",3.45,"","N",15,0.25,2019-09-15,62,0.22258064516129,0.406209677419355
"281","ABC-01",2019,9,"2","open","B5","woody",0,"","N",15,0.25,2019-09-15,62,0,0
"282","ABC-01",2019,9,"2","open","B5","herbs",0,"","N",15,0.25,2019-09-15,62,0,0
"283","ABC-01",2019,9,"2","caged","C3","grass ",38.38,"","N",15,0.25,2019-09-15,62,2.47612903225806,4.51893548387097
"284","ABC-01",2019,9,"2","caged","C3","woody",0,"","N",15,0.25,2019-09-15,62,0,0
"285","ABC-01",2019,9,"2","caged","C3","herbs",0,"","N",15,0.25,2019-09-15,62,0,0
"286","ABC-01",2019,9,"2","open","D1","grass ",18.8,"","N",15,0.25,2019-09-15,62,1.21290322580645,2.21354838709677
"287","ABC-01",2019,9,"2","open","D1","woody",0,"","N",15,0.25,2019-09-15,62,0,0
"288","ABC-01",2019,9,"2","open","D1","herbs",0.35,"","N",15,0.25,2019-09-15,62,0.0225806451612903,0.0412096774193548
"289","ABC-01",2019,9,"2","open","D5","grass ",8.59,"","N",15,0.25,2019-09-15,62,0.554193548387097,1.01140322580645
"290","ABC-01",2019,9,"2","open","D5","woody",0,"","N",15,0.25,2019-09-15,62,0,0
"291","ABC-01",2019,9,"2","open","D5","herbs",0.53,"","N",15,0.25,2019-09-15,62,0.0341935483870968,0.0624032258064516
"292","ABC-01",2019,9,"2","caged","E1","grass ",28.46,"","N",15,0.25,2019-09-15,62,1.83612903225806,3.35093548387097
"293","ABC-01",2019,9,"2","caged","E1","woody",0,"","N",15,0.25,2019-09-15,62,0,0
"294","ABC-01",2019,9,"2","caged","E1","herbs",0.99,"","N",15,0.25,2019-09-15,62,0.0638709677419355,0.116564516129032
"295","ABC-01",2019,9,"2","caged","E5","grass ",27.48,"","N",15,0.25,2019-09-15,62,1.77290322580645,3.23554838709677
"296","ABC-01",2019,9,"2","caged","E5","woody",0,"","N",15,0.25,2019-09-15,62,0,0
"297","ABC-01",2019,9,"2","caged","E5","herbs",0.2,"","N",15,0.25,2019-09-15,62,0.0129032258064516,0.0235483870967742
"298","ABC-01",2019,9,"2","open","F3","grass ",1.13,"","N",15,0.25,2019-09-15,62,0.0729032258064516,0.133048387096774
"299","ABC-01",2019,9,"2","open","F3","woody",0,"","N",15,0.25,2019-09-15,62,0,0
"300","ABC-01",2019,9,"2","open","F3","herbs",0.98,"","N",15,0.25,2019-09-15,62,0.0632258064516129,0.115387096774194
"301","ABC-01",2019,9,"3","caged","A3","grass ",8.44,"","N",15,0.25,2019-09-15,62,0.544516129032258,0.993741935483871
"302","ABC-01",2019,9,"3","caged","A3","woody",0.19,"","N",15,0.25,2019-09-15,62,0.012258064516129,0.0223709677419355
"303","ABC-01",2019,9,"3","caged","A3","herbs",0.93,"","N",15,0.25,2019-09-15,62,0.06,0.1095
"304","ABC-01",2019,9,"3","caged","A4","grass ",29.9,"","N",15,0.25,2019-09-15,62,1.92903225806452,3.52048387096774
"305","ABC-01",2019,9,"3","caged","A4","woody",0.05,"","N",15,0.25,2019-09-15,62,0.0032258064516129,0.00588709677419355
"306","ABC-01",2019,9,"3","caged","A4","herbs",0,"","N",15,0.25,2019-09-15,62,0,0
"307","ABC-01",2019,9,"3","open","B1","grass ",4.25,"","N",15,0.25,2019-09-15,62,0.274193548387097,0.500403225806452
"308","ABC-01",2019,9,"3","open","B1","woody",0,"","N",15,0.25,2019-09-15,62,0,0
"309","ABC-01",2019,9,"3","open","B1","herbs",0,"","N",15,0.25,2019-09-15,62,0,0
"310","ABC-01",2019,9,"3","open","B5","grass ",18.39,"","N",15,0.25,2019-09-15,62,1.18645161290323,2.16527419354839
"311","ABC-01",2019,9,"3","open","B5","woody",0.35,"","N",15,0.25,2019-09-15,62,0.0225806451612903,0.0412096774193548
"312","ABC-01",2019,9,"3","open","B5","herbs",0,"","N",15,0.25,2019-09-15,62,0,0
"313","ABC-01",2019,9,"3","caged","C3","grass ",45.6,"","N",15,0.25,2019-09-15,62,2.94193548387097,5.36903225806452
"314","ABC-01",2019,9,"3","caged","C3","woody",0,"","N",15,0.25,2019-09-15,62,0,0
"315","ABC-01",2019,9,"3","caged","C3","herbs",0.09,"","N",15,0.25,2019-09-15,62,0.00580645161290323,0.0105967741935484
"316","ABC-01",2019,9,"3","open","D1","grass ",1.17,"","N",15,0.25,2019-09-15,62,0.0754838709677419,0.137758064516129
"317","ABC-01",2019,9,"3","open","D1","woody",0,"","N",15,0.25,2019-09-15,62,0,0
"318","ABC-01",2019,9,"3","open","D1","herbs",0,"","N",15,0.25,2019-09-15,62,0,0
"319","ABC-01",2019,9,"3","open","D5","grass ",30.01,"","N",15,0.25,2019-09-15,62,1.93612903225806,3.53343548387097
"320","ABC-01",2019,9,"3","open","D5","woody",0,"","N",15,0.25,2019-09-15,62,0,0
"321","ABC-01",2019,9,"3","open","D5","herbs",0,"","N",15,0.25,2019-09-15,62,0,0
"322","ABC-01",2019,9,"3","caged","E1","grass ",28.12,"","N",15,0.25,2019-09-15,62,1.8141935483871,3.31090322580645
"323","ABC-01",2019,9,"3","caged","E1","woody",0,"","N",15,0.25,2019-09-15,62,0,0
"324","ABC-01",2019,9,"3","caged","E1","herbs",0,"","N",15,0.25,2019-09-15,62,0,0
"325","ABC-01",2019,9,"3","caged","E5","grass ",17.13,"","N",15,0.25,2019-09-15,62,1.10516129032258,2.01691935483871
"326","ABC-01",2019,9,"3","caged","E5","woody",0.21,"","N",15,0.25,2019-09-15,62,0.0135483870967742,0.0247258064516129
"327","ABC-01",2019,9,"3","caged","E5","herbs",0,"","N",15,0.25,2019-09-15,62,0,0
"328","ABC-01",2019,9,"3","open","F3","grass ",1.98,"","N",15,0.25,2019-09-15,62,0.127741935483871,0.233129032258065
"329","ABC-01",2019,9,"3","open","F3","woody",0.36,"","N",15,0.25,2019-09-15,62,0.0232258064516129,0.0423870967741935
"330","ABC-01",2019,9,"3","open","F3","herbs",0,"","N",15,0.25,2019-09-15,62,0,0
"331","ABC-01",2019,9,"4","caged","A3","grass ",17.41,"","N",15,0.25,2019-09-15,62,1.12322580645161,2.04988709677419
"332","ABC-01",2019,9,"4","caged","A3","woody",0,"","N",15,0.25,2019-09-15,62,0,0
"333","ABC-01",2019,9,"4","caged","A3","herbs",0,"","N",15,0.25,2019-09-15,62,0,0
"334","ABC-01",2019,9,"4","caged","A4","grass ",14.02,"","N",15,0.25,2019-09-15,62,0.904516129032258,1.65074193548387
"335","ABC-01",2019,9,"4","caged","A4","woody",0,"","N",15,0.25,2019-09-15,62,0,0
"336","ABC-01",2019,9,"4","caged","A4","herbs",0.06,"","N",15,0.25,2019-09-15,62,0.00387096774193548,0.00706451612903226
"337","ABC-01",2019,9,"4","open","B1","grass ",4.42,"","N",15,0.25,2019-09-15,62,0.285161290322581,0.52041935483871
"338","ABC-01",2019,9,"4","open","B1","woody",0,"","N",15,0.25,2019-09-15,62,0,0
"339","ABC-01",2019,9,"4","open","B1","herbs",0,"","N",15,0.25,2019-09-15,62,0,0
"340","ABC-01",2019,9,"4","open","B5","grass ",7.53,"","N",15,0.25,2019-09-15,62,0.485806451612903,0.886596774193548
"341","ABC-01",2019,9,"4","open","B5","woody",0,"","N",15,0.25,2019-09-15,62,0,0
"342","ABC-01",2019,9,"4","open","B5","herbs",0,"","N",15,0.25,2019-09-15,62,0,0
"343","ABC-01",2019,9,"4","caged","C3","grass ",4.67,"","N",15,0.25,2019-09-15,62,0.301290322580645,0.549854838709677
"344","ABC-01",2019,9,"4","caged","C3","woody",0.05,"","N",15,0.25,2019-09-15,62,0.0032258064516129,0.00588709677419355
"345","ABC-01",2019,9,"4","caged","C3","herbs",0,"","N",15,0.25,2019-09-15,62,0,0
"346","ABC-01",2019,9,"4","open","D1","grass ",0.55,"","N",15,0.25,2019-09-15,62,0.0354838709677419,0.064758064516129
"347","ABC-01",2019,9,"4","open","D1","woody",0,"","N",15,0.25,2019-09-15,62,0,0
"348","ABC-01",2019,9,"4","open","D1","herbs",0.04,"","N",15,0.25,2019-09-15,62,0.00258064516129032,0.00470967741935484
"349","ABC-01",2019,9,"4","open","D5","grass ",2.71,"","N",15,0.25,2019-09-15,62,0.174838709677419,0.31908064516129
"350","ABC-01",2019,9,"4","open","D5","woody",0,"","N",15,0.25,2019-09-15,62,0,0
"351","ABC-01",2019,9,"4","open","D5","herbs",0.16,"","N",15,0.25,2019-09-15,62,0.0103225806451613,0.0188387096774194
"352","ABC-01",2019,9,"4","caged","E1","grass ",8.29,"","N",15,0.25,2019-09-15,62,0.534838709677419,0.97608064516129
"353","ABC-01",2019,9,"4","caged","E1","woody",0,"","N",15,0.25,2019-09-15,62,0,0
"354","ABC-01",2019,9,"4","caged","E1","herbs",0,"","N",15,0.25,2019-09-15,62,0,0
"355","ABC-01",2019,9,"4","caged","E5","grass ",13.55,"","N",15,0.25,2019-09-15,62,0.874193548387097,1.59540322580645
"356","ABC-01",2019,9,"4","caged","E5","woody",0,"","N",15,0.25,2019-09-15,62,0,0
"357","ABC-01",2019,9,"4","caged","E5","herbs",0,"","N",15,0.25,2019-09-15,62,0,0
"358","ABC-01",2019,9,"4","open","F3","grass ",0,"","N",15,0.25,2019-09-15,62,0,0
"359","ABC-01",2019,9,"4","open","F3","woody",0,"","N",15,0.25,2019-09-15,62,0,0
"360","ABC-01",2019,9,"4","open","F3","herbs",0.1,"","N",15,0.25,2019-09-15,62,0.00645161290322581,0.0117741935483871
