"","flux_umolm2sec","Error","last_inputf","last_time","codew","plot_code","sub_plot","collar_number","replica","day","month","year","measurement_code","treatment_code_partitioning","flux_umolm2sec_modeled","Outlier_id","flux_umolm2sec_no_outlier","MgC_year_per_ha"
"1",6.18202,"NA .Outlier detected, replaced with NA",0.68,52,"XXX-01_1_9999_1_28_5_2013_TOTAL_NA","XXX-01","1",9999,"1",28,5,2013,"TOTAL",NA,6.18202,3.08417234351783,NA,NA
"2",2.47101,"NA",0.31,100,"XXX-01_2_9999_1_28_5_2013_TOTAL_NA","XXX-01","2",9999,"1",28,5,2013,"TOTAL",NA,2.47101,0.071035067919228,2.47101,8.60376472352688
"3",1.1766,"NA",0.17,124,"XXX-01_3_9999_1_28_5_2013_TOTAL_NA","XXX-01","3",9999,"1",28,5,2013,"TOTAL",NA,1.1766,0,1.1766,4.09678211488489
"4",2.43829,"NA",0.37,86,"XXX-01_4_9999_1_28_5_2013_TOTAL_NA","XXX-01","4",9999,"1",28,5,2013,"TOTAL",NA,2.43829,0.044468216399672,2.43829,8.48983755133664
"5",1.4306,"NA",0.21,124,"XXX-01_5_9999_1_28_5_2013_TOTAL_NA","XXX-01","5",9999,"1",28,5,2013,"TOTAL",NA,1.4306,0,1.4306,4.98118008971131
"6",4.82957,"NA",0.78,43,"XXX-01_6_9999_1_28_5_2013_TOTAL_NA","XXX-01","6",9999,"1",28,5,2013,"TOTAL",NA,4.82957,1.9860568686516,4.82957,16.8159918396946
"7",1.78446,"NA",0.28,115,"XXX-01_7_9999_1_28_5_2013_TOTAL_NA","XXX-01","7",9999,"1",28,5,2013,"TOTAL",NA,1.78446,0,1.78446,6.21327878015255
"8",0.73145,"NA",0.1,124,"XXX-01_13_9999_1_28_5_2013_TOTAL_NA","XXX-01","13",9999,"1",28,5,2013,"TOTAL",NA,0.73145,-0.341392567452359,0.73145,2.54682243577474
"9",4.55305,"NA",0.85,38,"XXX-01_18_9999_1_28_5_2013_TOTAL_NA","XXX-01","18",9999,"1",28,5,2013,"TOTAL",NA,4.55305,1.76153774327912,4.55305,15.8531818869426
"10",3.20309,"NA",0.52,62,"XXX-01_17_9999_1_28_5_2013_TOTAL_NA","XXX-01","17",9999,"1",28,5,2013,"TOTAL",NA,3.20309,0.665444012309092,3.20309,11.1527807448297
"11",1.00582,"NA",0.14,124,"XXX-01_15_9999_1_28_5_2013_TOTAL_NA","XXX-01","15",9999,"1",28,5,2013,"TOTAL",NA,1.00582,-0.118619124560535,1.00582,3.5021463426768
"12",1.41306,"NA",0.22,124,"XXX-01_14_9999_1_28_5_2013_TOTAL_NA","XXX-01","14",9999,"1",28,5,2013,"TOTAL",NA,1.41306,0,1.41306,4.92010788310322
"13",3.15521,"NA",0.51,62,"XXX-01_16_9999_1_28_5_2013_TOTAL_NA","XXX-01","16",9999,"1",28,5,2013,"TOTAL",NA,3.15521,0.626568069437566,3.15521,10.9860682446932
"14",2.21939,"NA",0.35,91,"XXX-01_25_9999_1_28_5_2013_TOTAL_NA","XXX-01","25",9999,"1",28,5,2013,"TOTAL",NA,2.21939,0,2.21939,7.72765362736222
"15",1.83089,"NA",0.28,115,"XXX-01_24_9999_1_28_5_2013_TOTAL_NA","XXX-01","24",9999,"1",28,5,2013,"TOTAL",NA,1.83089,0,1.83089,6.37494255169268
"16",4.73571,"NA",0.8,43,"XXX-01_23_9999_1_28_5_2013_TOTAL_NA","XXX-01","23",9999,"1",28,5,2013,"TOTAL",NA,4.73571,1.90984767905425,4.73571,16.4891824148237
"17",0.35803,"NA",0.05,124,"XXX-01_9_9999_1_29_5_2013_TOTAL_NA","XXX-01","9",9999,"1",29,5,2013,"TOTAL",NA,0.35803,-0.644589196255308,0.35803,1.24661813750828
"18",1.84898,"NA",0.27,120,"XXX-01_8_9999_1_29_5_2013_TOTAL_NA","XXX-01","8",9999,"1",29,5,2013,"TOTAL",NA,1.84898,0,1.84898,6.43792979328563
"19",1.91011,"NA",0.29,110,"XXX-01_10_9999_1_29_5_2013_TOTAL_NA","XXX-01","10",9999,"1",29,5,2013,"TOTAL",NA,1.91011,0,1.91011,6.65077722714838
"20",1.31974,"NA",0.2,124,"XXX-01_11_9999_1_29_5_2013_TOTAL_NA","XXX-01","11",9999,"1",29,5,2013,"TOTAL",NA,1.31974,0,1.31974,4.59517867439928
"21",1.11551,"NA",0.17,124,"XXX-01_12_9999_1_29_5_2013_TOTAL_NA","XXX-01","12",9999,"1",29,5,2013,"TOTAL",NA,1.11551,-0.0295568402335154,1.11551,3.88407395629377
"22",0.8159,"NA",0.12,124,"XXX-01_19_9999_1_29_5_2013_TOTAL_NA","XXX-01","19",9999,"1",29,5,2013,"TOTAL",NA,0.8159,-0.272823783502895,0.8159,2.84086735299557
"23",2.73497,"NA",0.4,81,"XXX-01_20_9999_1_29_5_2013_TOTAL_NA","XXX-01","20",9999,"1",29,5,2013,"TOTAL",NA,2.73497,0.285356159823321,2.73497,9.52284224098822
"24",2.55493,"NA",0.4,81,"XXX-01_21_9999_1_29_5_2013_TOTAL_NA","XXX-01","21",9999,"1",29,5,2013,"TOTAL",NA,2.55493,0.139173520838577,2.55493,8.89596424339866
"25",1.38172,"NA",0.2,124,"XXX-01_22_9999_1_29_5_2013_TOTAL_NA","XXX-01","22",9999,"1",29,5,2013,"TOTAL",NA,1.38172,0,1.38172,4.81098570778409
"26",1.03682,"NA",0.16,124,"XXX-01_1_9999_1_22_6_2013_TOTAL_NA","XXX-01","1",9999,"1",22,6,2013,"TOTAL",NA,1.03682,-0.0934488190255031,1.03682,3.61008467818711
"27",1.03521,"NA",0.16,124,"XXX-01_2_9999_1_22_6_2013_TOTAL_NA","XXX-01","2",9999,"1",22,6,2013,"TOTAL",NA,1.03521,-0.0947560510226451,1.03521,3.60447884850416
"28",1.4483,"NA",0.25,124,"XXX-01_8_9999_1_22_6_2013_TOTAL_NA","XXX-01","8",9999,"1",22,6,2013,"TOTAL",NA,1.4483,0,1.4483,5.04280939740591
"29",0.89369,"NA",0.13,124,"XXX-01_9_9999_1_22_6_2013_TOTAL_NA","XXX-01","9",9999,"1",22,6,2013,"TOTAL",NA,0.89369,-0.209662555516763,0.89369,3.11172293749063
"30",1.38043,"NA",0.21,124,"XXX-01_10_9999_1_22_6_2013_TOTAL_NA","XXX-01","10",9999,"1",22,6,2013,"TOTAL",NA,1.38043,0,1.38043,4.80649408027414
"31",1.11574,"NA",0.18,124,"XXX-01_11_9999_1_22_6_2013_TOTAL_NA","XXX-01","11",9999,"1",22,6,2013,"TOTAL",NA,1.11574,-0.0293700928053523,1.11574,3.88487478910562
"32",1.03213,"NA",0.15,124,"XXX-01_12_9999_1_22_6_2013_TOTAL_NA","XXX-01","12",9999,"1",22,6,2013,"TOTAL",NA,1.03213,-0.0972568426693514,1.03213,3.59375465258894
"33",1.39379,"NA",0.21,124,"XXX-01_19_9999_1_22_6_2013_TOTAL_NA","XXX-01","19",9999,"1",22,6,2013,"TOTAL",NA,1.39379,0,1.39379,4.85301202099729
"34",0.81388,"NA",0.13,124,"XXX-01_20_9999_1_22_6_2013_TOTAL_NA","XXX-01","20",9999,"1",22,6,2013,"TOTAL",NA,0.81388,-0.274463913089371,0.81388,2.83383395177844
"35",2.28031,"NA",0.37,86,"XXX-01_21_9999_1_22_6_2013_TOTAL_NA","XXX-01","21",9999,"1",22,6,2013,"TOTAL",NA,2.28031,0,2.28031,7.93976986604893
"36",0.44557,"NA",0.06,124,"XXX-01_22_9999_1_22_6_2013_TOTAL_NA","XXX-01","22",9999,"1",22,6,2013,"TOTAL",NA,0.44557,-0.573511501205739,0.44557,1.55142206946223
"37",1.20153,"NA",0.2,124,"XXX-01_23_9999_1_22_6_2013_TOTAL_NA","XXX-01","23",9999,"1",22,6,2013,"TOTAL",NA,1.20153,0,1.20153,4.18358542792593
"38",1.94471,"NA",0.32,100,"XXX-01_24_9999_1_22_6_2013_TOTAL_NA","XXX-01","24",9999,"1",22,6,2013,"TOTAL",NA,1.94471,0,1.94471,6.77125033710505
"39",0.24757,"NA",0.04,124,"XXX-01_25_9999_1_22_6_2013_TOTAL_NA","XXX-01","25",9999,"1",22,6,2013,"TOTAL",NA,0.24757,-0.734276678494004,0.24757,0.862009474912505
"40",0.87041,"NA",0.15,124,"XXX-01_16_9999_1_22_6_2013_TOTAL_NA","XXX-01","16",9999,"1",22,6,2013,"TOTAL",NA,0.87041,-0.228564643028231,0.87041,3.03066472940418
"41",1.2826,"NA",0.19,124,"XXX-01_15_9999_1_22_6_2013_TOTAL_NA","XXX-01","15",9999,"1",22,6,2013,"TOTAL",NA,1.2826,0,1.2826,4.46586158469434
"42",1.86299,"NA",0.3,105,"XXX-01_14_9999_1_22_6_2013_TOTAL_NA","XXX-01","14",9999,"1",22,6,2013,"TOTAL",NA,1.86299,0,1.86299,6.48671095717271
"43",1.09555,"NA",0.17,124,"XXX-01_17_9999_1_22_6_2013_TOTAL_NA","XXX-01","17",9999,"1",22,6,2013,"TOTAL",NA,1.09555,-0.0457632692167162,1.09555,3.81457559575229
"44",3.96663,"NA",0.69,48,"XXX-01_18_9999_1_22_6_2013_TOTAL_NA","XXX-01","18",9999,"1",22,6,2013,"TOTAL",NA,3.96663,1.28539675709031,3.96663,13.8113367672666
"45",1.01399,"NA",0.17,124,"XXX-01_13_9999_1_22_6_2013_TOTAL_NA","XXX-01","13",9999,"1",22,6,2013,"TOTAL",NA,1.01399,-0.111985531134044,1.01399,3.53059331690645
"46",1.2776,"NA",0.2,124,"XXX-01_5_9999_1_22_6_2013_TOTAL_NA","XXX-01","5",9999,"1",22,6,2013,"TOTAL",NA,1.2776,0,1.2776,4.44845217574107
"47",1.48595,"NA",0.23,124,"XXX-01_6_9999_1_22_6_2013_TOTAL_NA","XXX-01","6",9999,"1",22,6,2013,"TOTAL",NA,1.48595,0,1.48595,5.17390224682408
"48",0.38484,"NA",0.05,124,"XXX-01_7_9999_1_22_6_2013_TOTAL_NA","XXX-01","7",9999,"1",22,6,2013,"TOTAL",NA,0.38484,-0.622820941694205,0.38484,1.33996738831574
"49",0.92819,"NA",0.15,124,"XXX-01_3_9999_1_22_6_2013_TOTAL_NA","XXX-01","3",9999,"1",22,6,2013,"TOTAL",NA,0.92819,-0.181650441292292,0.92819,3.23184785926824
"50",1.33393,"NA",0.2,124,"XXX-01_4_9999_1_22_6_2013_TOTAL_NA","XXX-01","4",9999,"1",22,6,2013,"TOTAL",NA,1.33393,0,1.33393,4.64458657700867
"51",0,"NA",NA,124,"XXX-01_1_9999_1_23_7_2013_TOTAL_NA","XXX-01","1",9999,"1",23,7,2013,"TOTAL",NA,0,-0.935289986278124,0,0
"52",0,"NA",NA,124,"XXX-01_2_9999_1_23_7_2013_TOTAL_NA","XXX-01","2",9999,"1",23,7,2013,"TOTAL",NA,0,-0.935289986278124,0,0
"53",0.00399,"NA",NA,124,"XXX-01_9_9999_1_23_7_2013_TOTAL_NA","XXX-01","9",9999,"1",23,7,2013,"TOTAL",NA,0.00399,-0.932050324372163,0.00399,0.0138927083447142
"54",-0.02082,"NA",NA,124,"XXX-01_8_9999_1_23_7_2013_TOTAL_NA","XXX-01","8",9999,"1",23,7,2013,"TOTAL",NA,-0.02082,-0.952194688253587,-0.02082,-0.072492778881441
"55",-0.0365,"NA",NA,115,"XXX-01_10_9999_1_23_7_2013_TOTAL_NA","XXX-01","10",9999,"1",23,7,2013,"TOTAL",NA,-0.0365,-0.964925991182274,-0.0365,-0.127088685358914
"56",0.01264,"NA",NA,115,"XXX-01_11_9999_1_23_7_2013_TOTAL_NA","XXX-01","11",9999,"1",23,7,2013,"TOTAL",NA,0.01264,-0.92502699718255,0.01264,0.0440109858338816
"57",0,"NA",NA,76,"XXX-01_12_9999_1_23_7_2013_TOTAL_NA","XXX-01","12",9999,"1",23,7,2013,"TOTAL",NA,0,-0.935289986278124,0,0
"58",0,"NA",NA,124,"XXX-01_19_9999_1_24_7_2013_TOTAL_NA","XXX-01","19",9999,"1",24,7,2013,"TOTAL",NA,0,-0.935289986278124,0,0
"59",0,"NA",NA,48,"XXX-01_20_9999_1_24_7_2013_TOTAL_NA","XXX-01","20",9999,"1",24,7,2013,"TOTAL",NA,0,-0.935289986278124,0,0
"60",0,"NA",NA,72,"XXX-01_21_9999_1_24_7_2013_TOTAL_NA","XXX-01","21",9999,"1",24,7,2013,"TOTAL",NA,0,-0.935289986278124,0,0
"61",0,"NA",NA,81,"XXX-01_22_9999_1_24_7_2013_TOTAL_NA","XXX-01","22",9999,"1",24,7,2013,"TOTAL",NA,0,-0.935289986278124,0,0
"62",0,"NA",NA,124,"XXX-01_23_9999_1_24_7_2013_TOTAL_NA","XXX-01","23",9999,"1",24,7,2013,"TOTAL",NA,0,-0.935289986278124,0,0
"63",0,"NA",NA,124,"XXX-01_24_9999_1_24_7_2013_TOTAL_NA","XXX-01","24",9999,"1",24,7,2013,"TOTAL",NA,0,-0.935289986278124,0,0
"64",0,"NA",NA,124,"XXX-01_25_9999_1_24_7_2013_TOTAL_NA","XXX-01","25",9999,"1",24,7,2013,"TOTAL",NA,0,-0.935289986278124,0,0
"65",0,"NA",NA,100,"XXX-01_16_9999_1_24_7_2013_TOTAL_NA","XXX-01","16",9999,"1",24,7,2013,"TOTAL",NA,0,-0.935289986278124,0,0
"66",0,"NA",NA,105,"XXX-01_17_9999_1_24_7_2013_TOTAL_NA","XXX-01","17",9999,"1",24,7,2013,"TOTAL",NA,0,-0.935289986278124,0,0
"67",0,"NA",NA,96,"XXX-01_18_9999_1_24_7_2013_TOTAL_NA","XXX-01","18",9999,"1",24,7,2013,"TOTAL",NA,0,-0.935289986278124,0,0
"68",0.00988,"NA",NA,124,"XXX-01_15_9999_1_24_7_2013_TOTAL_NA","XXX-01","15",9999,"1",24,7,2013,"TOTAL",NA,0.00988,-0.927267966320507,0.00988,0.0344009920916733
"69",0.01626,"NA",NA,124,"XXX-01_14_9999_1_24_7_2013_TOTAL_NA","XXX-01","14",9999,"1",24,7,2013,"TOTAL",NA,0.01626,-0.92208775505233,0.01626,0.0566153979160533
"70",0,"NA",NA,124,"XXX-01_13_9999_1_24_7_2013_TOTAL_NA","XXX-01","13",9999,"1",24,7,2013,"TOTAL",NA,0,-0.935289986278124,0,0
"71",0,"NA",NA,67,"XXX-01_5_9999_1_24_7_2013_TOTAL_NA","XXX-01","5",9999,"1",24,7,2013,"TOTAL",NA,0,-0.935289986278124,0,0
"72",0,"NA",NA,86,"XXX-01_6_9999_1_24_7_2013_TOTAL_NA","XXX-01","6",9999,"1",24,7,2013,"TOTAL",NA,0,-0.935289986278124,0,0
"73",0,"NA",NA,124,"XXX-01_7_9999_1_24_7_2013_TOTAL_NA","XXX-01","7",9999,"1",24,7,2013,"TOTAL",NA,0,-0.935289986278124,0,0
"74",0,"NA",NA,124,"XXX-01_4_9999_1_24_7_2013_TOTAL_NA","XXX-01","4",9999,"1",24,7,2013,"TOTAL",NA,0,-0.935289986278124,0,0
"75",0,"NA",NA,124,"XXX-01_3_9999_1_24_7_2013_TOTAL_NA","XXX-01","3",9999,"1",24,7,2013,"TOTAL",NA,0,-0.935289986278124,0,0
"76",1.7481,"NA",0.24,67,"XXX-01_23_9999_1_26_8_2013_TOTAL_NA","XXX-01","23",9999,"1",26,8,2013,"TOTAL",NA,1.7481,0,1.7481,6.08667755824433
"77",1.23002,"NA",0.16,124,"XXX-01_1_9999_1_26_8_2013_TOTAL_NA","XXX-01","1",9999,"1",26,8,2013,"TOTAL",NA,1.23002,0,1.23002,4.28278424014169
"78",1.20011,"NA",0.16,124,"XXX-01_2_9999_1_26_8_2013_TOTAL_NA","XXX-01","2",9999,"1",26,8,2013,"TOTAL",NA,1.20011,0,1.20011,4.1786411557832
"79",0.88504,"NA",0.1,124,"XXX-01_8_9999_1_26_8_2013_TOTAL_NA","XXX-01","8",9999,"1",26,8,2013,"TOTAL",NA,0.88504,-0.216685882706376,0.88504,3.08160466000147
"80",1.40271,"NA",0.2,124,"XXX-01_9_9999_1_26_8_2013_TOTAL_NA","XXX-01","9",9999,"1",26,8,2013,"TOTAL",NA,1.40271,0,1.40271,4.88407040656994
"81",1.6642,"NA",0.23,124,"XXX-01_10_9999_1_26_8_2013_TOTAL_NA","XXX-01","10",9999,"1",26,8,2013,"TOTAL",NA,1.6642,0,1.6642,5.79454767600836
"82",2.18503,"NA",0.32,100,"XXX-01_11_9999_1_26_8_2013_TOTAL_NA","XXX-01","11",9999,"1",26,8,2013,"TOTAL",NA,2.18503,0,2.18503,7.6080161690353
"83",2.10323,"NA",0.3,105,"XXX-01_12_9999_1_26_8_2013_TOTAL_NA","XXX-01","12",9999,"1",26,8,2013,"TOTAL",NA,2.10323,0,2.10323,7.32319823855971
"84",2.78161,"NA",0.39,86,"XXX-01_19_9999_1_26_8_2013_TOTAL_NA","XXX-01","19",9999,"1",26,8,2013,"TOTAL",NA,2.78161,0.323225290473446,2.78161,9.68523720770438
"85",2.7647,"NA",0.39,86,"XXX-01_20_9999_1_26_8_2013_TOTAL_NA","XXX-01","20",9999,"1",26,8,2013,"TOTAL",NA,2.7647,0.309495294776756,2.7647,9.6263585866244
"86",1.30596,"NA",0.18,124,"XXX-01_21_9999_1_26_8_2013_TOTAL_NA","XXX-01","21",9999,"1",26,8,2013,"TOTAL",NA,1.30596,0,1.30596,4.54719834332405
"87",0.39821,"NA",0.06,124,"XXX-01_22_9999_1_26_8_2013_TOTAL_NA","XXX-01","22",9999,"1",26,8,2013,"TOTAL",NA,0.39821,-0.611965232500548,0.39821,1.3865201478568
"88",1.16495,"NA",0.16,124,"XXX-01_24_9999_1_27_8_2013_TOTAL_NA","XXX-01","24",9999,"1",27,8,2013,"TOTAL",NA,1.16495,0,1.16495,4.05621819202376
"89",1.24074,"NA",0.17,124,"XXX-01_25_9999_1_27_8_2013_TOTAL_NA","XXX-01","25",9999,"1",27,8,2013,"TOTAL",NA,1.24074,0,1.24074,4.32011001293752
"90",2.06163,"NA",0.3,110,"XXX-01_16_9999_1_27_8_2013_TOTAL_NA","XXX-01","16",9999,"1",27,8,2013,"TOTAL",NA,2.06163,0,2.06163,7.17835195606845
"91",1.78049,"NA",0.25,124,"XXX-01_17_9999_1_27_8_2013_TOTAL_NA","XXX-01","17",9999,"1",27,8,2013,"TOTAL",NA,1.78049,0,1.78049,6.19945570944365
"92",2.82737,"NA",0.41,81,"XXX-01_18_9999_1_27_8_2013_TOTAL_NA","XXX-01","18",9999,"1",27,8,2013,"TOTAL",NA,2.82737,0.360379909224511,2.82737,9.84456811844476
"93",1.18954,"NA",0.17,124,"XXX-01_13_9999_1_27_8_2013_TOTAL_NA","XXX-01","13",9999,"1",27,8,2013,"TOTAL",NA,1.18954,0,1.18954,4.14183766525597
"94",3.05894,"NA",0.45,72,"XXX-01_14_9999_1_27_8_2013_TOTAL_NA","XXX-01","14",9999,"1",27,8,2013,"TOTAL",NA,3.05894,0.548402091571196,3.05894,10.6508674847068
"95",1.83994,"NA",0.29,110,"XXX-01_15_9999_1_27_8_2013_TOTAL_NA","XXX-01","15",9999,"1",27,8,2013,"TOTAL",NA,1.83994,0,1.83994,6.4064535818981
"96",1.96608,"NA",0.32,100,"XXX-01_5_9999_1_27_8_2013_TOTAL_NA","XXX-01","5",9999,"1",27,8,2013,"TOTAL",NA,1.96608,0,1.96608,6.84565815097135
"97",1.80485,"NA",0.26,124,"XXX-01_6_9999_1_27_8_2013_TOTAL_NA","XXX-01","6",9999,"1",27,8,2013,"TOTAL",NA,1.80485,0,1.80485,6.28427434986402
"98",1.68789,"NA",0.29,110,"XXX-01_7_9999_1_27_8_2013_TOTAL_NA","XXX-01","7",9999,"1",27,8,2013,"TOTAL",NA,1.68789,0,1.68789,5.87703345562898
"99",1.56761,"NA",0.22,124,"XXX-01_4_9999_1_27_8_2013_TOTAL_NA","XXX-01","4",9999,"1",27,8,2013,"TOTAL",NA,1.56761,0,1.56761,5.45823271384898
"100",0.90548,"NA",0.12,124,"XXX-01_3_9999_1_27_8_2013_TOTAL_NA","XXX-01","3",9999,"1",27,8,2013,"TOTAL",NA,0.90548,-0.200089719960052,0.90548,3.15277432380246
"101",1.59614,"NA",0.22,124,"XXX-01_1_9999_1_24_9_2013_TOTAL_NA","XXX-01","1",9999,"1",24,9,2013,"TOTAL",NA,1.59614,0,1.59614,5.55757080133637
"102",0.80952,"NA",0.12,124,"XXX-01_2_9999_1_24_9_2013_TOTAL_NA","XXX-01","2",9999,"1",24,9,2013,"TOTAL",NA,0.80952,-0.278003994771072,0.80952,2.81865294717119
"103",0.89565,"NA",0.12,124,"XXX-01_8_9999_1_24_9_2013_TOTAL_NA","XXX-01","8",9999,"1",24,9,2013,"TOTAL",NA,0.89565,-0.208071142650677,0.89565,3.11854742580032
"104",2.10152,"NA",0.3,110,"XXX-01_9_9999_1_24_9_2013_TOTAL_NA","XXX-01","9",9999,"1",24,9,2013,"TOTAL",NA,2.10152,0,2.10152,7.31724422069769
"105",1.80696,"NA",0.25,124,"XXX-01_10_9999_1_24_9_2013_TOTAL_NA","XXX-01","10",9999,"1",24,9,2013,"TOTAL",NA,1.80696,0,1.80696,6.2916211204423
"106",1.99756,"NA",0.28,115,"XXX-01_11_9999_1_24_9_2013_TOTAL_NA","XXX-01","11",9999,"1",24,9,2013,"TOTAL",NA,1.99756,0,1.99756,6.95526778974118
"107",2.16966,"NA",0.31,105,"XXX-01_12_9999_1_24_9_2013_TOTAL_NA","XXX-01","12",9999,"1",24,9,2013,"TOTAL",NA,2.16966,0,2.16966,7.55449964591293
"108",2.26339,"NA",0.32,100,"XXX-01_19_9999_1_25_9_2013_TOTAL_NA","XXX-01","19",9999,"1",25,9,2013,"TOTAL",NA,2.26339,0,2.26339,7.88085642615104
"109",2.46715,"NA",0.35,91,"XXX-01_20_9999_1_25_9_2013_TOTAL_NA","XXX-01","20",9999,"1",25,9,2013,"TOTAL",NA,2.46715,0.0679009589074467,2.46715,8.59032465981494
"110",1.59102,"NA",0.21,124,"XXX-01_21_9999_1_25_9_2013_TOTAL_NA","XXX-01","21",9999,"1",25,9,2013,"TOTAL",NA,1.59102,0,1.59102,5.53974356656822
"111",0.50482,"NA",0.07,124,"XXX-01_22_9999_1_25_9_2013_TOTAL_NA","XXX-01","22",9999,"1",25,9,2013,"TOTAL",NA,0.50482,-0.525403739820235,0.50482,1.75772356555855
"112",0.93537,"NA",0.12,124,"XXX-01_23_9999_1_25_9_2013_TOTAL_NA","XXX-01","23",9999,"1",25,9,2013,"TOTAL",NA,0.93537,-0.175820673752243,0.93537,3.25684777052514
"113",2.95446,"NA",0.4,81,"XXX-01_24_9999_1_25_9_2013_TOTAL_NA","XXX-01","24",9999,"1",25,9,2013,"TOTAL",NA,2.95446,0.463570042464742,2.95446,10.2870804752191
"114",2.60966,"NA",0.34,96,"XXX-01_25_9999_1_25_9_2013_TOTAL_NA","XXX-01","25",9999,"1",25,9,2013,"TOTAL",NA,2.60966,0.183611289288005,2.60966,9.08652763380122
"115",2.56038,"NA",0.38,86,"XXX-01_16_9999_1_25_9_2013_TOTAL_NA","XXX-01","16",9999,"1",25,9,2013,"TOTAL",NA,2.56038,0.143598622940704,2.56038,8.91494049915773
"116",0.54809,"NA",0.07,124,"XXX-01_17_9999_1_25_9_2013_TOTAL_NA","XXX-01","17",9999,"1",25,9,2013,"TOTAL",NA,0.54809,-0.490270864965371,0.54809,1.9083845906402
"117",2.3808,"NA",0.32,100,"XXX-01_18_9999_1_25_9_2013_TOTAL_NA","XXX-01","18",9999,"1",25,9,2013,"TOTAL",NA,2.3808,0,2.3808,8.28966416719187
"118",1.68572,"NA",0.24,124,"XXX-01_13_9999_1_25_9_2013_TOTAL_NA","XXX-01","13",9999,"1",25,9,2013,"TOTAL",NA,1.68572,0,1.68572,5.86947777214326
"119",0.98063,"NA",0.13,124,"XXX-01_14_9999_1_25_9_2013_TOTAL_NA","XXX-01","14",9999,"1",25,9,2013,"TOTAL",NA,0.98063,-0.139072027671097,0.98063,3.4144377403702
"120",0.57182,"NA",0.07,124,"XXX-01_3_9999_1_25_9_2013_TOTAL_NA","XXX-01","3",9999,"1",25,9,2013,"TOTAL",NA,0.57182,-0.471003402050974,0.57182,1.99100964553245
"121",1.78638,"NA",0.26,124,"XXX-01_4_9999_1_25_9_2013_TOTAL_NA","XXX-01","4",9999,"1",25,9,2013,"TOTAL",NA,1.78638,0,1.78638,6.21996399319061
"122",2.16357,"NA",0.29,110,"XXX-01_7_9999_1_25_9_2013_TOTAL_NA","XXX-01","7",9999,"1",25,9,2013,"TOTAL",NA,2.16357,0,2.16357,7.53329498580784
"123",1.34126,"NA",0.18,124,"XXX-01_6_9999_1_25_9_2013_TOTAL_NA","XXX-01","6",9999,"1",25,9,2013,"TOTAL",NA,1.34126,0,1.34126,4.67010877053418
"124",1.78227,"NA",0.24,124,"XXX-01_5_9999_1_25_9_2013_TOTAL_NA","XXX-01","5",9999,"1",25,9,2013,"TOTAL",NA,1.78227,0,1.78227,6.20565345903102
"125",0.6525,"NA",0.08,124,"XXX-01_15_9999_1_25_9_2013_TOTAL_NA","XXX-01","15",9999,"1",25,9,2013,"TOTAL",NA,0.6525,-0.405495652032705,0.6525,2.27192786840251
"126",2.11164,"NA",0.29,110,"XXX-01_1_9999_1_19_10_2013_TOTAL_NA","XXX-01","1",9999,"1",19,10,2013,"TOTAL",NA,2.11164,0,2.11164,7.35248086441912
"127",1.16441,"NA",0.16,124,"XXX-01_2_9999_1_19_10_2013_TOTAL_NA","XXX-01","2",9999,"1",19,10,2013,"TOTAL",NA,1.16441,0,1.16441,4.05433797585681
"128",1.4998,"NA",0.2,124,"XXX-01_8_9999_1_19_10_2013_TOTAL_NA","XXX-01","8",9999,"1",19,10,2013,"TOTAL",NA,1.4998,0,1.4998,5.22212630962465
"129",1.75804,"NA",0.25,124,"XXX-01_9_9999_1_19_10_2013_TOTAL_NA","XXX-01","9",9999,"1",19,10,2013,"TOTAL",NA,1.75804,0,1.75804,6.12128746324345
"130",2.4132,"NA",0.34,96,"XXX-01_10_9999_1_19_10_2013_TOTAL_NA","XXX-01","10",9999,"1",19,10,2013,"TOTAL",NA,2.4132,0.0240965078230934,2.4132,8.4024771372091
"131",3.31655,"NA",0.42,76,"XXX-01_11_9999_1_19_10_2013_TOTAL_NA","XXX-01","11",9999,"1",19,10,2013,"TOTAL",NA,3.31655,0.757567330567306,3.31655,11.5478350527975
"132",1.44337,"NA",0.19,124,"XXX-01_12_9999_1_19_10_2013_TOTAL_NA","XXX-01","12",9999,"1",19,10,2013,"TOTAL",NA,1.44337,0,1.44337,5.02564372017798
"133",1.54448,"NA",0.22,124,"XXX-01_19_9999_1_19_10_2013_TOTAL_NA","XXX-01","19",9999,"1",19,10,2013,"TOTAL",NA,1.54448,0,1.54448,5.37769678803112
"134",3.55135,"NA",0.47,72,"XXX-01_20_9999_1_19_10_2013_TOTAL_NA","XXX-01","20",9999,"1",19,10,2013,"TOTAL",NA,3.55135,0.948212096361673,3.55135,12.3653808972433
"135",1.78823,"NA",0.25,124,"XXX-01_21_9999_1_19_10_2013_TOTAL_NA","XXX-01","21",9999,"1",19,10,2013,"TOTAL",NA,1.78823,0,1.78823,6.22640547450333
"136",2.22183,"NA",0.31,105,"XXX-01_22_9999_1_20_10_2013_TOTAL_NA","XXX-01","22",9999,"1",20,10,2013,"TOTAL",NA,2.22183,0,2.22183,7.73614941893142
"137",2.75251,"NA",0.39,86,"XXX-01_23_9999_1_20_10_2013_TOTAL_NA","XXX-01","23",9999,"1",20,10,2013,"TOTAL",NA,2.75251,0.29959768108411,2.75251,9.58391444759631
"138",2.08513,"NA",0.29,110,"XXX-01_24_9999_1_20_10_2013_TOTAL_NA","XXX-01","24",9999,"1",20,10,2013,"TOTAL",NA,2.08513,0,2.08513,7.26017617814885
"139",1.23818,"NA",0.17,124,"XXX-01_25_9999_1_20_10_2013_TOTAL_NA","XXX-01","25",9999,"1",20,10,2013,"TOTAL",NA,1.23818,0,1.23818,4.31119639555344
"140",2.85235,"NA",0.41,81,"XXX-01_16_9999_1_20_10_2013_TOTAL_NA","XXX-01","16",9999,"1",20,10,2013,"TOTAL",NA,2.85235,0.380662303813707,2.85235,9.93154552557532
"141",3.32324,"NA",0.49,67,"XXX-01_17_9999_1_20_10_2013_TOTAL_NA","XXX-01","17",9999,"1",20,10,2013,"TOTAL",NA,3.32324,0.762999244890834,3.32324,11.5711288419769
"142",2.36882,"NA",0.36,91,"XXX-01_18_9999_1_20_10_2013_TOTAL_NA","XXX-01","18",9999,"1",20,10,2013,"TOTAL",NA,2.36882,0,2.36882,8.24795122333982
"143",1.79145,"NA",0.25,124,"XXX-01_13_9999_1_20_10_2013_TOTAL_NA","XXX-01","13",9999,"1",20,10,2013,"TOTAL",NA,1.79145,0,1.79145,6.23761713386923
"144",1.56925,"NA",0.21,124,"XXX-01_14_9999_1_20_10_2013_TOTAL_NA","XXX-01","14",9999,"1",20,10,2013,"TOTAL",NA,1.56925,0,1.56925,5.46394299998565
"145",1.87903,"NA",0.27,120,"XXX-01_15_9999_1_20_10_2013_TOTAL_NA","XXX-01","15",9999,"1",20,10,2013,"TOTAL",NA,1.87903,0,1.87903,6.54256034109482
"146",2.75532,"NA",0.39,81,"XXX-01_5_9999_1_20_10_2013_TOTAL_NA","XXX-01","5",9999,"1",20,10,2013,"TOTAL",NA,2.75532,0.301879247489059,2.75532,9.59369853542805
"147",1.83156,"NA",0.25,124,"XXX-01_6_9999_1_20_10_2013_TOTAL_NA","XXX-01","6",9999,"1",20,10,2013,"TOTAL",NA,1.83156,0,1.83156,6.37727541249242
"148",0.53651,"NA",0.07,124,"XXX-01_7_9999_1_20_10_2013_TOTAL_NA","XXX-01","7",9999,"1",20,10,2013,"TOTAL",NA,0.53651,-0.499673192000714,0.53651,1.86806439950441
"149",1.15214,"NA",0.15,124,"XXX-01_3_9999_1_20_10_2013_TOTAL_NA","XXX-01","3",9999,"1",20,10,2013,"TOTAL",NA,1.15214,0,1.15214,4.01161528628547
"150",2.87611,"NA",0.37,91,"XXX-01_4_9999_1_20_10_2013_TOTAL_NA","XXX-01","4",9999,"1",20,10,2013,"TOTAL",NA,2.87611,0.399954125088299,2.87611,10.0142750369213
"151",2.26219,"NA",0.31,105,"XXX-01_1_9999_1_20_11_2013_TOTAL_NA","XXX-01","1",9999,"1",20,11,2013,"TOTAL",NA,2.26219,0,2.26219,7.87667816800226
"152",1.20222,"NA",0.17,124,"XXX-01_2_9999_1_20_11_2013_TOTAL_NA","XXX-01","2",9999,"1",20,11,2013,"TOTAL",NA,1.20222,0,1.20222,4.18598792636148
"153",1.47716,"NA",0.2,124,"XXX-01_8_9999_1_20_11_2013_TOTAL_NA","XXX-01","8",9999,"1",20,11,2013,"TOTAL",NA,1.47716,0,1.47716,5.14329650588422
"154",2.8051,"NA",0.39,81,"XXX-01_9_9999_1_20_11_2013_TOTAL_NA","XXX-01","9",9999,"1",20,11,2013,"TOTAL",NA,2.8051,0.342297886506281,2.8051,9.76702661096687
"155",2.13443,"NA",0.31,100,"XXX-01_10_9999_1_20_11_2013_TOTAL_NA","XXX-01","10",9999,"1",20,11,2013,"TOTAL",NA,2.13443,0,2.13443,7.43183295042815
"156",1.98288,"NA",0.27,115,"XXX-01_11_9999_1_20_11_2013_TOTAL_NA","XXX-01","11",9999,"1",20,11,2013,"TOTAL",NA,1.98288,0,1.98288,6.90415376505436
"157",2.42878,"NA",0.35,91,"XXX-01_12_9999_1_20_11_2013_TOTAL_NA","XXX-01","12",9999,"1",20,11,2013,"TOTAL",NA,2.42878,0.0367466162177965,2.42878,8.45672485550751
"158",2.09825,"NA",0.31,105,"XXX-01_19_9999_1_20_11_2013_TOTAL_NA","XXX-01","19",9999,"1",20,11,2013,"TOTAL",NA,2.09825,0,2.09825,7.30585846724225
"159",1.419,"NA",0.2,124,"XXX-01_20_9999_1_20_11_2013_TOTAL_NA","XXX-01","20",9999,"1",20,11,2013,"TOTAL",NA,1.419,0,1.419,4.94079026093971
"160",3.28285,"NA",0.45,76,"XXX-01_21_9999_1_20_11_2013_TOTAL_NA","XXX-01","21",9999,"1",20,11,2013,"TOTAL",NA,3.28285,0.730204772614708,3.28285,11.4304956364524
"161",1.27448,"NA",0.19,124,"XXX-01_22_9999_1_20_11_2013_TOTAL_NA","XXX-01","22",9999,"1",20,11,2013,"TOTAL",NA,1.27448,0,1.27448,4.43758870455422
"162",3.93083,"NA",0.58,57,"XXX-01_23_9999_1_20_11_2013_TOTAL_NA","XXX-01","23",9999,"1",20,11,2013,"TOTAL",NA,3.93083,1.25632911392405,3.93083,13.6866853991611
"163",2.13456,"NA",0.31,105,"XXX-01_24_9999_1_20_11_2013_TOTAL_NA","XXX-01","24",9999,"1",20,11,2013,"TOTAL",NA,2.13456,0,2.13456,7.43228559506094
"164",3.53534,"NA",0.5,67,"XXX-01_25_9999_1_20_11_2013_TOTAL_NA","XXX-01","25",9999,"1",20,11,2013,"TOTAL",NA,3.53534,0.935212851470839,3.53534,12.3096359697749
"165",2.05146,"NA",0.29,115,"XXX-01_16_9999_1_20_11_2013_TOTAL_NA","XXX-01","16",9999,"1",20,11,2013,"TOTAL",NA,2.05146,0,2.05146,7.14294121825749
"166",2.33239,"NA",0.31,105,"XXX-01_17_9999_1_20_11_2013_TOTAL_NA","XXX-01","17",9999,"1",20,11,2013,"TOTAL",NA,2.33239,0,2.33239,8.12110626970625
"167",2.56153,"NA",0.39,86,"XXX-01_18_9999_1_20_11_2013_TOTAL_NA","XXX-01","18",9999,"1",20,11,2013,"TOTAL",NA,2.56153,0.144532360081519,2.56153,8.91894466321698
"168",1.62269,"NA",0.22,124,"XXX-01_13_9999_1_20_11_2013_TOTAL_NA","XXX-01","13",9999,"1",20,11,2013,"TOTAL",NA,1.62269,0,1.62269,5.65001476287827
"169",3.55629,"NA",0.47,72,"XXX-01_14_9999_1_20_11_2013_TOTAL_NA","XXX-01","14",9999,"1",20,11,2013,"TOTAL",NA,3.55629,0.952223106340482,3.55629,12.3825813932891
"170",1.83747,"NA",0.25,124,"XXX-01_15_9999_1_20_11_2013_TOTAL_NA","XXX-01","15",9999,"1",20,11,2013,"TOTAL",NA,1.83747,0,1.83747,6.39785333387519
"171",2.58375,"NA",0.37,91,"XXX-01_5_9999_1_20_11_2013_TOTAL_NA","XXX-01","5",9999,"1",20,11,2013,"TOTAL",NA,2.58375,0.162573785532758,2.58375,8.99631207660534
"172",1.94996,"NA",0.28,115,"XXX-01_6_9999_1_20_11_2013_TOTAL_NA","XXX-01","6",9999,"1",20,11,2013,"TOTAL",NA,1.94996,0,1.94996,6.78953021650599
"173",0.67649,"NA",0.1,124,"XXX-01_7_9999_1_20_11_2013_TOTAL_NA","XXX-01","7",9999,"1",20,11,2013,"TOTAL",NA,0.67649,-0.38601708332995,0.67649,2.35545821256033
"174",1.50957,"NA",0.21,124,"XXX-01_4_9999_1_20_11_2013_TOTAL_NA","XXX-01","4",9999,"1",20,11,2013,"TOTAL",NA,1.50957,0,1.50957,5.25614429471935
"175",3.14222,"NA",0.43,76,"XXX-01_3_9999_1_20_11_2013_TOTAL_NA","XXX-01","3",9999,"1",20,11,2013,"TOTAL",NA,3.14222,0.616020899473048,3.14222,10.9408386002325
"176",2.44631,"NA",0.35,96,"XXX-01_1_9999_1_9_12_2013_TOTAL_NA","XXX-01","1",9999,"1",9,12,2013,"TOTAL",NA,2.44631,0.0509800180251867,2.44631,8.51776224329769
"177",2.66384,"NA",0.38,86,"XXX-01_2_9999_1_9_12_2013_TOTAL_NA","XXX-01","2",9999,"1",9,12,2013,"TOTAL",NA,2.66384,0.227602487800521,2.66384,9.27517598921891
"178",1.57132,"NA",0.23,124,"XXX-01_8_9999_1_9_12_2013_TOTAL_NA","XXX-01","8",9999,"1",9,12,2013,"TOTAL",NA,1.57132,0,1.57132,5.47115049529231
"179",1.57589,"NA",0.23,124,"XXX-01_9_9999_1_9_12_2013_TOTAL_NA","XXX-01","9",9999,"1",9,12,2013,"TOTAL",NA,1.57589,0,1.57589,5.4870626950756
"180",3.29134,"NA",0.46,72,"XXX-01_10_9999_1_9_12_2013_TOTAL_NA","XXX-01","10",9999,"1",9,12,2013,"TOTAL",NA,3.29134,0.737098188549947,3.29134,11.460056812855
"181",2.35312,"NA",0.33,100,"XXX-01_11_9999_1_9_12_2013_TOTAL_NA","XXX-01","11",9999,"1",9,12,2013,"TOTAL",NA,2.35312,0,2.35312,8.19328567922653
"182",3.06696,"NA",0.42,76,"XXX-01_12_9999_1_9_12_2013_TOTAL_NA","XXX-01","12",9999,"1",9,12,2013,"TOTAL",NA,3.06696,0.55491389319671,3.06696,10.6787921766678
"183",4.54627,"NA",0.61,57,"XXX-01_19_9999_1_9_12_2013_TOTAL_NA","XXX-01","19",9999,"1",9,12,2013,"TOTAL",NA,4.54627,1.75603275387501,4.54627,15.829574728402
"184",2.24473,"NA",0.33,100,"XXX-01_20_9999_1_9_12_2013_TOTAL_NA","XXX-01","20",9999,"1",9,12,2013,"TOTAL",NA,2.24473,0,2.24473,7.81588451193742
"185",2.39169,"NA",0.35,91,"XXX-01_21_9999_1_9_12_2013_TOTAL_NA","XXX-01","21",9999,"1",9,12,2013,"TOTAL",NA,2.39169,0.0066315635631412,2.39169,8.32758185989211
"186",1.9331,"NA",0.27,120,"XXX-01_22_9999_1_9_12_2013_TOTAL_NA","XXX-01","22",9999,"1",9,12,2013,"TOTAL",NA,1.9331,0,1.9331,6.73082568951554
"187",2.34081,"NA",0.32,100,"XXX-01_23_9999_1_9_12_2013_TOTAL_NA","XXX-01","23",9999,"1",9,12,2013,"TOTAL",NA,2.34081,0,2.34081,8.15042371438357
"188",0.98277,"NA",0.13,124,"XXX-01_24_9999_1_10_12_2013_TOTAL_NA","XXX-01","24",9999,"1",10,12,2013,"TOTAL",NA,0.98277,-0.13733446464384,0.98277,3.4218889674022
"189",2.73394,"NA",0.39,81,"XXX-01_25_9999_1_10_12_2013_TOTAL_NA","XXX-01","25",9999,"1",10,12,2013,"TOTAL",NA,2.73394,0.284519856123286,2.73394,9.51925590274384
"190",1.09267,"NA",0.15,124,"XXX-01_18_9999_1_10_12_2013_TOTAL_NA","XXX-01","18",9999,"1",10,12,2013,"TOTAL",NA,1.09267,-0.0481016717954546,1.09267,3.8045477761952
"191",1.87371,"NA",0.25,124,"XXX-01_17_9999_1_10_12_2013_TOTAL_NA","XXX-01","17",9999,"1",10,12,2013,"TOTAL",NA,1.87371,0,1.87371,6.52403672996853
"192",2.99205,"NA",0.42,76,"XXX-01_16_9999_1_10_12_2013_TOTAL_NA","XXX-01","16",9999,"1",10,12,2013,"TOTAL",NA,2.99205,0.494091067789317,2.99205,10.4179644117299
"193",2.24833,"NA",0.32,100,"XXX-01_15_9999_1_10_12_2013_TOTAL_NA","XXX-01","15",9999,"1",10,12,2013,"TOTAL",NA,2.24833,0,2.24833,7.82841928638378
"194",2.88258,"NA",0.39,81,"XXX-01_14_9999_1_10_12_2013_TOTAL_NA","XXX-01","14",9999,"1",10,12,2013,"TOTAL",NA,2.88258,0.405207411437062,2.88258,10.0368028121068
"195",2.89018,"NA",0.4,81,"XXX-01_13_9999_1_10_12_2013_TOTAL_NA","XXX-01","13",9999,"1",10,12,2013,"TOTAL",NA,2.89018,0.411378196019844,2.89018,10.0632651137158
"196",1.36656,"NA",0.19,124,"XXX-01_7_9999_1_10_12_2013_TOTAL_NA","XXX-01","7",9999,"1",10,12,2013,"TOTAL",NA,1.36656,0,1.36656,4.75820037983775
"197",0.98585,"NA",0.17,124,"XXX-01_6_9999_1_10_12_2013_TOTAL_NA","XXX-01","6",9999,"1",10,12,2013,"TOTAL",NA,0.98585,-0.134833672997134,0.98585,3.43261316331742
"198",1.25015,"NA",0.17,124,"XXX-01_5_9999_1_10_12_2013_TOTAL_NA","XXX-01","5",9999,"1",10,12,2013,"TOTAL",NA,1.25015,0,1.25015,4.35287452058758
"199",1.30296,"NA",0.17,124,"XXX-01_4_9999_1_10_12_2013_TOTAL_NA","XXX-01","4",9999,"1",10,12,2013,"TOTAL",NA,1.30296,0,1.30296,4.53675269795208
"200",1.54025,"NA",0.21,124,"XXX-01_3_9999_1_10_12_2013_TOTAL_NA","XXX-01","3",9999,"1",10,12,2013,"TOTAL",NA,1.54025,0,1.54025,5.36296842805665
"201",2.375,"NA",0.32,100,"XXX-01_1_9999_1_12_1_2014_TOTAL_NA","XXX-01","1",9999,"1",12,1,2014,"TOTAL",NA,2.375,0,2.375,8.26946925280607
"202",2.33596,"NA",0.31,105,"XXX-01_2_9999_1_12_1_2014_TOTAL_NA","XXX-01","2",9999,"1",12,1,2014,"TOTAL",NA,2.33596,0,2.33596,8.13353658769889
"203",2.44288,"NA",0.33,100,"XXX-01_8_9999_1_12_1_2014_TOTAL_NA","XXX-01","8",9999,"1",12,1,2014,"TOTAL",NA,2.44288,0.0481950455095366,2.44288,8.50581938875574
"204",2.55865,"NA",0.35,96,"XXX-01_9_9999_1_12_1_2014_TOTAL_NA","XXX-01","9",9999,"1",12,1,2014,"TOTAL",NA,2.55865,0.142193957502781,2.55865,8.9089168436599
"205",0.55711,"NA",0.07,124,"XXX-01_10_9999_1_12_1_2014_TOTAL_NA","XXX-01","10",9999,"1",12,1,2014,"TOTAL",NA,0.55711,-0.482947118000016,0.55711,1.93979116439191
"206",2.45581,"NA",0.34,96,"XXX-01_11_9999_1_12_1_2014_TOTAL_NA","XXX-01","11",9999,"1",12,1,2014,"TOTAL",NA,2.45581,0.0586934987536641,2.45581,8.55084012030892
"207",0.86075,"NA",0.11,124,"XXX-01_12_9999_1_12_1_2014_TOTAL_NA","XXX-01","12",9999,"1",12,1,2014,"TOTAL",NA,0.86075,-0.236408035011083,0.86075,2.99702975130645
"208",1.11076,"NA",0.15,124,"XXX-01_19_9999_1_12_1_2014_TOTAL_NA","XXX-01","19",9999,"1",12,1,2014,"TOTAL",NA,1.11076,-0.0334135805977541,1.11076,3.86753501778816
"209",1.95521,"NA",0.27,120,"XXX-01_20_9999_1_12_1_2014_TOTAL_NA","XXX-01","20",9999,"1",12,1,2014,"TOTAL",NA,1.95521,0,1.95521,6.80781009590693
"210",1.22056,"NA",0.17,124,"XXX-01_21_9999_1_12_1_2014_TOTAL_NA","XXX-01","21",9999,"1",12,1,2014,"TOTAL",NA,1.22056,0,1.22056,4.2498456384021
"211",1.5691,"NA",0.22,124,"XXX-01_22_9999_1_12_1_2014_TOTAL_NA","XXX-01","22",9999,"1",12,1,2014,"TOTAL",NA,1.5691,0,1.5691,5.46342071771705
"212",1.92616,"NA",0.27,120,"XXX-01_23_9999_1_12_1_2014_TOTAL_NA","XXX-01","23",9999,"1",12,1,2014,"TOTAL",NA,1.92616,0,1.92616,6.7066614298884
"213",1.75716,"NA",0.23,124,"XXX-01_24_9999_1_12_1_2014_TOTAL_NA","XXX-01","24",9999,"1",12,1,2014,"TOTAL",NA,1.75716,0,1.75716,6.11822340726767
"214",1.50589,"NA",0.21,124,"XXX-01_25_9999_1_12_1_2014_TOTAL_NA","XXX-01","25",9999,"1",12,1,2014,"TOTAL",NA,1.50589,0,1.50589,5.24333096972974
"215",1.48159,"NA",0.2,124,"XXX-01_16_9999_1_12_1_2014_TOTAL_NA","XXX-01","16",9999,"1",12,1,2014,"TOTAL",NA,1.48159,0,1.48159,5.15872124221682
"216",1.55074,"NA",0.21,124,"XXX-01_17_9999_1_12_1_2014_TOTAL_NA","XXX-01","17",9999,"1",12,1,2014,"TOTAL",NA,1.55074,0,1.55074,5.39949336804063
"217",1.54731,"NA",0.21,124,"XXX-01_18_9999_1_12_1_2014_TOTAL_NA","XXX-01","18",9999,"1",12,1,2014,"TOTAL",NA,1.54731,0,1.54731,5.38755051349868
"218",1.5591,"NA",0.21,124,"XXX-01_13_9999_1_12_1_2014_TOTAL_NA","XXX-01","13",9999,"1",12,1,2014,"TOTAL",NA,1.5591,0,1.5591,5.4286018998105
"219",1.45471,"NA",0.2,124,"XXX-01_14_9999_1_12_1_2014_TOTAL_NA","XXX-01","14",9999,"1",12,1,2014,"TOTAL",NA,1.45471,0,1.45471,5.06512825968401
"220",1.44011,"NA",0.2,124,"XXX-01_15_9999_1_12_1_2014_TOTAL_NA","XXX-01","15",9999,"1",12,1,2014,"TOTAL",NA,1.44011,0,1.44011,5.01429278554044
"221",1.31414,"NA",0.19,124,"XXX-01_5_9999_1_12_1_2014_TOTAL_NA","XXX-01","5",9999,"1",12,1,2014,"TOTAL",NA,1.31414,0,1.31414,4.57568013637161
"222",1.18543,"NA",0.16,124,"XXX-01_6_9999_1_12_1_2014_TOTAL_NA","XXX-01","6",9999,"1",12,1,2014,"TOTAL",NA,1.18543,0,1.18543,4.12752713109638
"223",1.41758,"NA",0.19,124,"XXX-01_7_9999_1_12_1_2014_TOTAL_NA","XXX-01","7",9999,"1",12,1,2014,"TOTAL",NA,1.41758,0,1.41758,4.93584598879698
"224",1.3479,"NA",0.18,124,"XXX-01_3_9999_1_12_1_2014_TOTAL_NA","XXX-01","3",9999,"1",12,1,2014,"TOTAL",NA,1.3479,0,1.3479,4.69322846562413
"225",1.10906,"NA",0.16,124,"XXX-01_4_9999_1_12_1_2014_TOTAL_NA","XXX-01","4",9999,"1",12,1,2014,"TOTAL",NA,1.10906,-0.0347938876754817,1.10906,3.86161581874404
"226",1.35312,"NA",0.18,124,"XXX-01_1_9999_1_9_2_2014_TOTAL_NA","XXX-01","1",9999,"1",9,2,2014,"TOTAL",NA,1.35312,0,1.35312,4.71140388857135
"227",1.25202,"NA",0.18,124,"XXX-01_2_9999_1_9_2_2014_TOTAL_NA","XXX-01","2",9999,"1",9,2,2014,"TOTAL",NA,1.25202,0,1.25202,4.35938563953611
"228",1.40682,"NA",0.2,124,"XXX-01_8_9999_1_9_2_2014_TOTAL_NA","XXX-01","8",9999,"1",9,2,2014,"TOTAL",NA,1.40682,0,1.40682,4.89838094072953
"229",1.44273,"NA",0.21,124,"XXX-01_9_9999_1_9_2_2014_TOTAL_NA","XXX-01","9",9999,"1",9,2,2014,"TOTAL",NA,1.44273,0,1.44273,5.02341531583196
"230",1.17024,"NA",0.16,124,"XXX-01_10_9999_1_9_2_2014_TOTAL_NA","XXX-01","10",9999,"1",9,2,2014,"TOTAL",NA,1.17024,0,1.17024,4.07463734669633
"231",1.45597,"NA",0.2,124,"XXX-01_11_9999_1_9_2_2014_TOTAL_NA","XXX-01","11",9999,"1",9,2,2014,"TOTAL",NA,1.45597,0,1.45597,5.06951543074023
"232",1.44202,"NA",0.2,124,"XXX-01_12_9999_1_9_2_2014_TOTAL_NA","XXX-01","12",9999,"1",9,2,2014,"TOTAL",NA,1.44202,0,1.44202,5.02094317976059
"233",1.32925,"NA",0.19,124,"XXX-01_19_9999_1_9_2_2014_TOTAL_NA","XXX-01","19",9999,"1",9,2,2014,"TOTAL",NA,1.32925,0,1.32925,4.62829137022841
"234",1.39607,"NA",0.19,124,"XXX-01_20_9999_1_9_2_2014_TOTAL_NA","XXX-01","20",9999,"1",9,2,2014,"TOTAL",NA,1.39607,0,1.39607,4.86095071147999
"235",1.09705,"NA",0.15,124,"XXX-01_21_9999_1_9_2_2014_TOTAL_NA","XXX-01","21",9999,"1",9,2,2014,"TOTAL",NA,1.09705,-0.0445453512069566,1.09705,3.81979841843827
"236",2.2115,"NA",0.34,91,"XXX-01_22_9999_1_9_2_2014_TOTAL_NA","XXX-01","22",9999,"1",9,2,2014,"TOTAL",NA,2.2115,0,2.2115,7.70018158003395
"237",1.06722,"NA",0.16,124,"XXX-01_23_9999_1_9_2_2014_TOTAL_NA","XXX-01","23",9999,"1",9,2,2014,"TOTAL",NA,1.06722,-0.0687656806943755,1.06722,3.71593388462303
"238",1.18585,"NA",0.18,124,"XXX-01_24_9999_1_9_2_2014_TOTAL_NA","XXX-01","24",9999,"1",9,2,2014,"TOTAL",NA,1.18585,0,1.18585,4.12898952144845
"239",0.98842,"NA",0.15,124,"XXX-01_25_9999_1_9_2_2014_TOTAL_NA","XXX-01","25",9999,"1",9,2,2014,"TOTAL",NA,0.98842,-0.132746973473746,0.98842,3.4415615995194
"240",3.34424,"NA",0.48,67,"XXX-01_16_9999_1_9_2_2014_TOTAL_NA","XXX-01","16",9999,"1",9,2,2014,"TOTAL",NA,3.34424,0.780050097027468,3.34424,11.6442483595807
"241",4.94574,"NA .Outlier detected, replaced with NA",0.86,38,"XXX-01_17_9999_1_9_2_2014_TOTAL_NA","XXX-01","17",9999,"1",9,2,2014,"TOTAL",NA,4.94574,2.08038055878078,NA,NA
"242",2.4809,"NA",0.35,96,"XXX-01_18_9999_1_9_2_2014_TOTAL_NA","XXX-01","18",9999,"1",9,2,2014,"TOTAL",NA,2.4809,0.0790652073302428,2.4809,8.63820053443645
"243",2.01712,"NA",0.28,115,"XXX-01_13_9999_1_9_2_2014_TOTAL_NA","XXX-01","13",9999,"1",9,2,2014,"TOTAL",NA,2.01712,0,2.01712,7.02337339756639
"244",1.86555,"NA",0.26,124,"XXX-01_14_9999_1_9_2_2014_TOTAL_NA","XXX-01","14",9999,"1",9,2,2014,"TOTAL",NA,1.86555,0,1.86555,6.49562457455679
"245",1.81441,"NA",0.25,124,"XXX-01_15_9999_1_9_2_2014_TOTAL_NA","XXX-01","15",9999,"1",9,2,2014,"TOTAL",NA,1.81441,0,1.81441,6.31756113978268
"246",1.8098,"NA",0.25,124,"XXX-01_5_9999_1_9_2_2014_TOTAL_NA","XXX-01","5",9999,"1",9,2,2014,"TOTAL",NA,1.8098,0,1.8098,6.30150966472776
"247",1.89379,"NA",0.27,120,"XXX-01_6_9999_1_9_2_2014_TOTAL_NA","XXX-01","6",9999,"1",9,2,2014,"TOTAL",NA,1.89379,0,1.89379,6.59395291632489
"248",1.88813,"NA",0.27,120,"XXX-01_7_9999_1_9_2_2014_TOTAL_NA","XXX-01","7",9999,"1",9,2,2014,"TOTAL",NA,1.88813,0,1.88813,6.57424546538978
"249",1.77073,"NA",0.24,124,"XXX-01_3_9999_1_9_2_2014_TOTAL_NA","XXX-01","3",9999,"1",9,2,2014,"TOTAL",NA,1.77073,0,1.77073,6.16547254316686
"250",2.83232,"NA",0.39,86,"XXX-01_4_9999_1_9_2_2014_TOTAL_NA","XXX-01","4",9999,"1",9,2,2014,"TOTAL",NA,2.83232,0.364399038656718,2.83232,9.8618034333085
"251",2.04531,"NA",0.29,110,"XXX-01_9_9999_1_13_3_2014_TOTAL_NA","XXX-01","9",9999,"1",13,3,2014,"TOTAL",NA,2.04531,0,2.04531,7.12152764524496
"252",3.47803,"NA",0.48,67,"XXX-01_10_9999_1_13_3_2014_TOTAL_NA","XXX-01","10",9999,"1",13,3,2014,"TOTAL",NA,3.47803,0.888680264044625,3.47803,12.1100893243525
"253",3.03612,"NA",0.4,81,"XXX-01_11_9999_1_13_3_2014_TOTAL_NA","XXX-01","11",9999,"1",13,3,2014,"TOTAL",NA,3.03612,0.529873498916053,3.03612,10.571410942244
"254",3.44853,"NA",0.45,76,"XXX-01_12_9999_1_13_3_2014_TOTAL_NA","XXX-01","12",9999,"1",13,3,2014,"TOTAL",NA,3.44853,0.864727876519353,3.44853,12.0073738115281
"255",5.50626,"NA .Outlier detected, replaced with NA",0.78,43,"XXX-01_20_9999_1_13_3_2014_TOTAL_NA","XXX-01","20",9999,"1",13,3,2014,"TOTAL",NA,5.50626,2.53549216066774,NA,NA
"256",1.76779,"NA",0.24,124,"XXX-01_21_9999_1_13_3_2014_TOTAL_NA","XXX-01","21",9999,"1",13,3,2014,"TOTAL",NA,1.76779,0,1.76779,6.15523581070233
"257",0.68873,"NA",0.1,124,"XXX-01_25_9999_1_13_3_2014_TOTAL_NA","XXX-01","25",9999,"1",13,3,2014,"TOTAL",NA,0.68873,-0.376078872370312,0.68873,2.39807644567795
"258",2.30914,"NA",0.32,100,"XXX-01_16_9999_1_13_3_2014_TOTAL_NA","XXX-01","16",9999,"1",13,3,2014,"TOTAL",NA,2.30914,0,2.30914,8.04015251807352
"259",1.50798,"NA",0.2,124,"XXX-01_14_9999_1_13_3_2014_TOTAL_NA","XXX-01","14",9999,"1",13,3,2014,"TOTAL",NA,1.50798,0,1.50798,5.25060810267221
"260",1.72002,"NA",0.25,124,"XXX-01_15_9999_1_13_3_2014_TOTAL_NA","XXX-01","15",9999,"1",13,3,2014,"TOTAL",NA,1.72002,0,1.72002,5.98890631756274
"261",0.58345,"NA",0.09,124,"XXX-01_5_9999_1_13_3_2014_TOTAL_NA","XXX-01","5",9999,"1",13,3,2014,"TOTAL",NA,0.58345,-0.461560477748638,0.58345,2.03150393075777
"262",1.89191,"NA",0.27,120,"XXX-01_4_9999_1_13_3_2014_TOTAL_NA","XXX-01","4",9999,"1",13,3,2014,"TOTAL",NA,1.89191,0,1.89191,6.58740697855846
"263",2.67462,"NA",0.36,91,"XXX-01_1_9999_1_15_3_2014_TOTAL_NA","XXX-01","1",9999,"1",15,3,2014,"TOTAL",NA,2.67462,0.236355258563994,2.67462,9.31271067492218
"264",1.84503,"NA",0.25,124,"XXX-01_2_9999_1_15_3_2014_TOTAL_NA","XXX-01","2",9999,"1",15,3,2014,"TOTAL",NA,1.84503,0,1.84503,6.42417636021254
"265",0.99645,"NA",0.13,124,"XXX-01_3_9999_1_15_3_2014_TOTAL_NA","XXX-01","3",9999,"1",15,3,2014,"TOTAL",NA,0.99645,-0.126227052394833,0.99645,3.46952111029836
"266",1.85734,"NA",0.25,124,"XXX-01_8_9999_1_15_3_2014_TOTAL_NA","XXX-01","8",9999,"1",15,3,2014,"TOTAL",NA,1.85734,0,1.85734,6.46703832505551
"267",2.87296,"NA",0.33,96,"XXX-01_19_9999_1_15_3_2014_TOTAL_NA","XXX-01","19",9999,"1",15,3,2014,"TOTAL",NA,2.87296,0.397396497267804,2.87296,10.0033071092807
"268",0.68026,"NA",0.08,124,"XXX-01_22_9999_1_15_3_2014_TOTAL_NA","XXX-01","22",9999,"1",15,3,2014,"TOTAL",NA,0.68026,-0.382956049398754,0.68026,2.3685849069111
"269",1.63381,"NA",0.22,124,"XXX-01_23_9999_1_15_3_2014_TOTAL_NA","XXX-01","23",9999,"1",15,3,2014,"TOTAL",NA,1.63381,0,1.63381,5.68873328839035
"270",1.35464,"NA",0.18,124,"XXX-01_24_9999_1_15_3_2014_TOTAL_NA","XXX-01","24",9999,"1",15,3,2014,"TOTAL",NA,1.35464,0,1.35464,4.71669634889314
"271",1.46398,"NA",0.19,124,"XXX-01_17_9999_1_15_3_2014_TOTAL_NA","XXX-01","17",9999,"1",15,3,2014,"TOTAL",NA,1.46398,0,1.46398,5.09740530388338
"272",1.21188,"NA",0.16,124,"XXX-01_18_9999_1_15_3_2014_TOTAL_NA","XXX-01","18",9999,"1",15,3,2014,"TOTAL",NA,1.21188,0,1.21188,4.21962290445921
"273",0.84712,"NA",0.1,124,"XXX-01_13_9999_1_15_3_2014_TOTAL_NA","XXX-01","13",9999,"1",15,3,2014,"TOTAL",NA,0.84712,-0.247474849993098,0.84712,2.94957170249982
"274",0.45789,"NA",0.05,124,"XXX-01_7_9999_1_15_3_2014_TOTAL_NA","XXX-01","7",9999,"1",15,3,2014,"TOTAL",NA,0.45789,-0.563508334618913,0.45789,1.5943188531231
"275",1.2934,"NA",0.17,124,"XXX-01_6_9999_1_15_3_2014_TOTAL_NA","XXX-01","6",9999,"1",15,3,2014,"TOTAL",NA,1.2934,0,1.2934,4.50346590803342
"276",2.26768,"NA",0.32,100,"XXX-01_1_9999_1_29_4_2014_TOTAL_NA","XXX-01","1",9999,"1",29,4,2014,"TOTAL",NA,2.26768,0,2.26768,7.89579369903295
"277",2.17334,"NA",0.31,105,"XXX-01_2_9999_1_29_4_2014_TOTAL_NA","XXX-01","2",9999,"1",29,4,2014,"TOTAL",NA,2.17334,0,2.17334,7.56731297090255
"278",1.91403,"NA",0.26,120,"XXX-01_8_9999_1_29_4_2014_TOTAL_NA","XXX-01","8",9999,"1",29,4,2014,"TOTAL",NA,1.91403,0,1.91403,6.66442620376775
"279",2.16259,"NA",0.31,100,"XXX-01_9_9999_1_29_4_2014_TOTAL_NA","XXX-01","9",9999,"1",29,4,2014,"TOTAL",NA,2.16259,0,2.16259,7.529882741653
"280",0.24725,"NA",0.03,124,"XXX-01_10_9999_1_29_4_2014_TOTAL_NA","XXX-01","10",9999,"1",29,4,2014,"TOTAL",NA,0.24725,-0.734536501002752,0.24725,0.860895272739495
"281",3.5813,"NA",0.48,67,"XXX-01_11_9999_1_29_4_2014_TOTAL_NA","XXX-01","11",9999,"1",29,4,2014,"TOTAL",NA,3.5813,0.972529859289873,3.5813,12.4696632568734
"282",4.36192,"NA",0.58,57,"XXX-01_12_9999_1_29_4_2014_TOTAL_NA","XXX-01","12",9999,"1",29,4,2014,"TOTAL",NA,4.36192,1.60635063047556,4.36192,15.1876898202947
"283",4.11213,"NA",0.56,57,"XXX-01_19_9999_1_29_4_2014_TOTAL_NA","XXX-01","19",9999,"1",29,4,2014,"TOTAL",NA,4.11213,1.40353480403699,4.11213,14.3179505678069
"284",4.28681,"NA",0.6,57,"XXX-01_20_9999_1_29_4_2014_TOTAL_NA","XXX-01","20",9999,"1",29,4,2014,"TOTAL",NA,4.28681,1.5453654160002,4.28681,14.9261656789986
"285",1.90136,"NA",0.27,120,"XXX-01_21_9999_1_29_4_2014_TOTAL_NA","XXX-01","21",9999,"1",29,4,2014,"TOTAL",NA,1.90136,0,1.90136,6.62031076148015
"286",1.48274,"NA",0.22,124,"XXX-01_22_9999_1_29_4_2014_TOTAL_NA","XXX-01","22",9999,"1",29,4,2014,"TOTAL",NA,1.48274,0,1.48274,5.16272540627607
"287",4.13734,"NA",0.52,67,"XXX-01_23_9999_1_30_4_2014_TOTAL_NA","XXX-01","23",9999,"1",30,4,2014,"TOTAL",NA,4.13734,1.42400394605435,4.13734,14.4057288077493
"288",1.44351,"NA",0.21,124,"XXX-01_24_9999_1_30_4_2014_TOTAL_NA","XXX-01","24",9999,"1",30,4,2014,"TOTAL",NA,1.44351,0,1.44351,5.02613118362867
"289",1.64202,"NA",0.22,124,"XXX-01_25_9999_1_30_4_2014_TOTAL_NA","XXX-01","25",9999,"1",30,4,2014,"TOTAL",NA,1.64202,0,1.64202,5.71731953789163
"290",2.98971,"NA",0.39,86,"XXX-01_16_9999_1_30_4_2014_TOTAL_NA","XXX-01","16",9999,"1",30,4,2014,"TOTAL",NA,2.98971,0.492191115694092,2.98971,10.4098168083397
"291",2.28458,"NA",0.32,100,"XXX-01_17_9999_1_30_4_2014_TOTAL_NA","XXX-01","17",9999,"1",30,4,2014,"TOTAL",NA,2.28458,0,2.28458,7.95463750129503
"292",2.44333,"NA",0.33,100,"XXX-01_18_9999_1_30_4_2014_TOTAL_NA","XXX-01","18",9999,"1",30,4,2014,"TOTAL",NA,2.44333,0.0485604209124644,2.44333,8.50738623556154
"293",2.30769,"NA",0.32,100,"XXX-01_13_9999_1_30_4_2014_TOTAL_NA","XXX-01","13",9999,"1",30,4,2014,"TOTAL",NA,2.30769,0,2.30769,8.03510378947707
"294",3.18957,"NA",0.41,81,"XXX-01_14_9999_1_30_4_2014_TOTAL_NA","XXX-01","14",9999,"1",30,4,2014,"TOTAL",NA,3.18957,0.654466511314458,3.18957,11.1057057030201
"295",2.18843,"NA",0.3,110,"XXX-01_15_9999_1_30_4_2014_TOTAL_NA","XXX-01","15",9999,"1",30,4,2014,"TOTAL",NA,2.18843,0,2.18843,7.61985456712353
"296",2.32021,"NA",0.4,81,"XXX-01_5_9999_1_30_4_2014_TOTAL_NA","XXX-01","5",9999,"1",30,4,2014,"TOTAL",NA,2.32021,0,2.32021,8.07869694949607
"297",2.98313,"NA",0.4,81,"XXX-01_6_9999_1_30_4_2014_TOTAL_NA","XXX-01","6",9999,"1",30,4,2014,"TOTAL",NA,2.98313,0.486848515357946,2.98313,10.3869060261572
"298",2.41828,"NA",0.32,100,"XXX-01_7_9999_1_30_4_2014_TOTAL_NA","XXX-01","7",9999,"1",30,4,2014,"TOTAL",NA,2.41828,0.0282211901494795,2.41828,8.42016509670563
"299",2.42674,"NA",0.33,100,"XXX-01_3_9999_1_1_5_2014_TOTAL_NA","XXX-01","3",9999,"1",1,5,2014,"TOTAL",NA,2.42674,0.0350902477245235,2.42674,8.44962181665457
"300",1.20573,"NA",0.17,124,"XXX-01_4_9999_1_1_5_2014_TOTAL_NA","XXX-01","4",9999,"1",1,5,2014,"TOTAL",NA,1.20573,0,1.20573,4.19820933144668
"301",7.8526,"NA .Outlier detected, replaced with NA",0.83,38,"XXX-01_1_9999_2_28_5_2013_TOTAL_NA","XXX-01","1",9999,"2",28,5,2013,"TOTAL",NA,7.8526,4.44059198934728,NA,NA
"302",1.34567,"NA",0.21,124,"XXX-01_2_9999_2_28_5_2013_TOTAL_NA","XXX-01","2",9999,"2",28,5,2013,"TOTAL",NA,1.34567,0,1.34567,4.68546386923096
"303",1.19589,"NA",0.18,124,"XXX-01_3_9999_2_28_5_2013_TOTAL_NA","XXX-01","3",9999,"2",28,5,2013,"TOTAL",NA,1.19589,0,1.19589,4.16394761462663
"304",2.91982,"NA",0.46,72,"XXX-01_4_9999_2_28_5_2013_TOTAL_NA","XXX-01","4",9999,"2",28,5,2013,"TOTAL",NA,2.91982,0.435444255892694,2.91982,10.1664680899908
"305",0.87913,"NA",0.13,124,"XXX-01_5_9999_2_28_5_2013_TOTAL_NA","XXX-01","5",9999,"2",28,5,2013,"TOTAL",NA,0.87913,-0.221484479664829,0.87913,3.06102673861869
"306",2.991,"NA",0.45,72,"XXX-01_6_9999_2_28_5_2013_TOTAL_NA","XXX-01","6",9999,"2",28,5,2013,"TOTAL",NA,2.991,0.493238525182485,2.991,10.4143084358497
"307",1.41353,"NA",0.21,124,"XXX-01_7_9999_2_28_5_2013_TOTAL_NA","XXX-01","7",9999,"2",28,5,2013,"TOTAL",NA,1.41353,0,1.41353,4.92174436754483
"308",0.90292,"NA",0.12,124,"XXX-01_13_9999_2_28_5_2013_TOTAL_NA","XXX-01","13",9999,"2",28,5,2013,"TOTAL",NA,0.90292,-0.202168300030042,0.90292,3.14386070641838
"309",2.89929,"NA",0.49,67,"XXX-01_18_9999_2_28_5_2013_TOTAL_NA","XXX-01","18",9999,"2",28,5,2013,"TOTAL",NA,2.89929,0.418775018065784,2.89929,10.0949850568287
"310",2.73046,"NA",0.42,76,"XXX-01_17_9999_2_28_5_2013_TOTAL_NA","XXX-01","17",9999,"2",28,5,2013,"TOTAL",NA,2.73046,0.281694286340644,2.73046,9.50713895411236
"311",1.12762,"NA",0.16,124,"XXX-01_15_9999_2_28_5_2013_TOTAL_NA","XXX-01","15",9999,"2",28,5,2013,"TOTAL",NA,1.12762,-0.0197241821680563,1.12762,3.9262395447786
"312",1.43869,"NA",0.22,124,"XXX-01_14_9999_2_28_5_2013_TOTAL_NA","XXX-01","14",9999,"2",28,5,2013,"TOTAL",NA,1.43869,0,1.43869,5.00934851339771
"313",3.15521,"NA",0.51,62,"XXX-01_16_9999_2_28_5_2013_TOTAL_NA","XXX-01","16",9999,"2",28,5,2013,"TOTAL",NA,3.15521,0.626568069437566,3.15521,10.9860682446932
"314",1.62706,"NA",0.25,124,"XXX-01_25_9999_2_28_5_2013_TOTAL_NA","XXX-01","25",9999,"2",28,5,2013,"TOTAL",NA,1.62706,0,1.62706,5.66523058630343
"315",1.37767,"NA",0.21,124,"XXX-01_24_9999_2_28_5_2013_TOTAL_NA","XXX-01","24",9999,"2",28,5,2013,"TOTAL",NA,1.37767,0,1.37767,4.79688408653193
"316",3.65996,"NA",0.57,57,"XXX-01_23_9999_2_28_5_2013_TOTAL_NA","XXX-01","23",9999,"2",28,5,2013,"TOTAL",NA,3.65996,1.03639747972167,3.65996,12.7435480785264
"317",0.83993,"NA",0.12,124,"XXX-01_9_9999_2_29_5_2013_TOTAL_NA","XXX-01","9",9999,"2",29,5,2013,"TOTAL",NA,0.83993,-0.253312736986546,0.83993,2.92453697242501
"318",1.7425,"NA",0.25,124,"XXX-01_8_9999_2_29_5_2013_TOTAL_NA","XXX-01","8",9999,"2",29,5,2013,"TOTAL",NA,1.7425,0,1.7425,6.06717902021666
"319",2.34041,"NA",0.35,96,"XXX-01_10_9999_2_29_5_2013_TOTAL_NA","XXX-01","10",9999,"2",29,5,2013,"TOTAL",NA,2.34041,0,2.34041,8.14903096166731
"320",3.20469,"NA",0.5,67,"XXX-01_11_9999_2_29_5_2013_TOTAL_NA","XXX-01","11",9999,"2",29,5,2013,"TOTAL",NA,3.20469,0.666743124852835,3.20469,11.1583517556948
"321",0.91823,"NA",0.13,124,"XXX-01_12_9999_2_29_5_2013_TOTAL_NA","XXX-01","12",9999,"2",29,5,2013,"TOTAL",NA,0.91823,-0.189737416877096,0.91823,3.19716831663331
"322",0.89591,"NA",0.13,124,"XXX-01_19_9999_2_29_5_2013_TOTAL_NA","XXX-01","19",9999,"2",29,5,2013,"TOTAL",NA,0.89591,-0.207860036862318,0.89591,3.11945271506589
"323",2.27131,"NA",0.34,96,"XXX-01_20_9999_2_29_5_2013_TOTAL_NA","XXX-01","20",9999,"2",29,5,2013,"TOTAL",NA,2.27131,0,2.27131,7.90843292993303
"324",1.38534,"NA",0.21,124,"XXX-01_21_9999_2_29_5_2013_TOTAL_NA","XXX-01","21",9999,"2",29,5,2013,"TOTAL",NA,1.38534,0,1.38534,4.82359011986626
"325",1.23175,"NA",0.18,124,"XXX-01_22_9999_2_29_5_2013_TOTAL_NA","XXX-01","22",9999,"2",29,5,2013,"TOTAL",NA,1.23175,0,1.23175,4.28880789563953
"326",0.90134,"NA",0.13,124,"XXX-01_1_9999_2_22_6_2013_TOTAL_NA","XXX-01","1",9999,"2",22,6,2013,"TOTAL",NA,0.90134,-0.203451173666989,0.90134,3.13835933318915
"327",0.76313,"NA",0.11,124,"XXX-01_2_9999_2_22_6_2013_TOTAL_NA","XXX-01","2",9999,"2",22,6,2013,"TOTAL",NA,0.76313,-0.315670139086237,0.76313,2.65712845090269
"328",1.27045,"NA",0.2,124,"XXX-01_8_9999_2_22_6_2013_TOTAL_NA","XXX-01","8",9999,"2",22,6,2013,"TOTAL",NA,1.27045,0,1.27045,4.42355672093788
"329",0.8437,"NA",0.12,124,"XXX-01_9_9999_2_22_6_2013_TOTAL_NA","XXX-01","9",9999,"2",22,6,2013,"TOTAL",NA,0.8437,-0.25025170305535,0.8437,2.93766366677578
"330",1.52885,"NA",0.23,124,"XXX-01_10_9999_2_22_6_2013_TOTAL_NA","XXX-01","10",9999,"2",22,6,2013,"TOTAL",NA,1.52885,0,1.52885,5.32327497564318
"331",2.0533,"NA",0.3,105,"XXX-01_11_9999_2_22_6_2013_TOTAL_NA","XXX-01","11",9999,"2",22,6,2013,"TOTAL",NA,2.0533,0,2.0533,7.1493478807523
"332",0.68112,"NA",0.1,124,"XXX-01_12_9999_2_22_6_2013_TOTAL_NA","XXX-01","12",9999,"2",22,6,2013,"TOTAL",NA,0.68112,-0.382257776406492,0.68112,2.37157932525106
"333",0.81013,"NA",0.12,124,"XXX-01_19_9999_2_22_6_2013_TOTAL_NA","XXX-01","19",9999,"2",22,6,2013,"TOTAL",NA,0.81013,-0.27750870811377,0.81013,2.82077689506349
"334",2.24968,"NA",0.34,96,"XXX-01_20_9999_2_22_6_2013_TOTAL_NA","XXX-01","20",9999,"2",22,6,2013,"TOTAL",NA,2.24968,0,2.24968,7.83311982680116
"335",1.17333,"NA",0.18,124,"XXX-01_21_9999_2_22_6_2013_TOTAL_NA","XXX-01","21",9999,"2",22,6,2013,"TOTAL",NA,1.17333,0,1.17333,4.08539636142945
"336",0.78988,"NA",0.12,124,"XXX-01_22_9999_2_22_6_2013_TOTAL_NA","XXX-01","22",9999,"2",22,6,2013,"TOTAL",NA,0.78988,-0.293950601245524,0.78988,2.75026878880272
"337",1.65466,"NA",0.27,120,"XXX-01_23_9999_2_22_6_2013_TOTAL_NA","XXX-01","23",9999,"2",22,6,2013,"TOTAL",NA,1.65466,0,1.65466,5.76133052372551
"338",1.36733,"NA",0.21,124,"XXX-01_24_9999_2_22_6_2013_TOTAL_NA","XXX-01","24",9999,"2",22,6,2013,"TOTAL",NA,1.36733,0,1.36733,4.76088142881656
"339",0.95229,"NA",0.14,124,"XXX-01_25_9999_2_22_6_2013_TOTAL_NA","XXX-01","25",9999,"2",22,6,2013,"TOTAL",NA,0.95229,-0.162082558602155,0.95229,3.31576121042303
"340",2.37062,"NA",0.38,86,"XXX-01_16_9999_2_22_6_2013_TOTAL_NA","XXX-01","16",9999,"2",22,6,2013,"TOTAL",NA,2.37062,0,2.37062,8.254218610563
"341",0.93893,"NA",0.13,124,"XXX-01_15_9999_2_22_6_2013_TOTAL_NA","XXX-01","15",9999,"2",22,6,2013,"TOTAL",NA,0.93893,-0.172930148342413,0.93893,3.26924326969988
"342",1.39051,"NA",0.22,124,"XXX-01_14_9999_2_22_6_2013_TOTAL_NA","XXX-01","14",9999,"2",22,6,2013,"TOTAL",NA,1.39051,0,1.39051,4.84159144872394
"343",2.66859,"NA",0.42,76,"XXX-01_17_9999_2_22_6_2013_TOTAL_NA","XXX-01","17",9999,"2",22,6,2013,"TOTAL",NA,2.66859,0.23145922816476,2.66859,9.29171492772453
"344",3.36513,"NA",0.52,62,"XXX-01_18_9999_2_22_6_2013_TOTAL_NA","XXX-01","18",9999,"2",22,6,2013,"TOTAL",NA,3.36513,0.79701163517672,3.36513,11.7169848701875
"345",1.62831,"NA",0.24,124,"XXX-01_13_9999_2_22_6_2013_TOTAL_NA","XXX-01","13",9999,"2",22,6,2013,"TOTAL",NA,1.62831,0,1.62831,5.66958293854175
"346",1.32617,"NA",0.2,124,"XXX-01_5_9999_2_22_6_2013_TOTAL_NA","XXX-01","5",9999,"2",22,6,2013,"TOTAL",NA,1.32617,0,1.32617,4.61756717431319
"347",2.12743,"NA",0.32,100,"XXX-01_6_9999_2_22_6_2013_TOTAL_NA","XXX-01","6",9999,"2",22,6,2013,"TOTAL",NA,2.12743,0,2.12743,7.40745977789356
"348",0.42561,"NA",0.06,124,"XXX-01_7_9999_2_22_6_2013_TOTAL_NA","XXX-01","7",9999,"2",22,6,2013,"TOTAL",NA,0.42561,-0.58971793018894,0.42561,1.48192370892075
"349",0.99277,"NA",0.15,124,"XXX-01_3_9999_2_22_6_2013_TOTAL_NA","XXX-01","3",9999,"2",22,6,2013,"TOTAL",NA,0.99277,-0.129215011245443,0.99277,3.45670778530875
"350",0.97333,"NA",0.14,124,"XXX-01_4_9999_2_22_6_2013_TOTAL_NA","XXX-01","4",9999,"2",22,6,2013,"TOTAL",NA,0.97333,-0.144999228651927,0.97333,3.38902000329841
"351",0,"NA",NA,124,"XXX-01_1_9999_2_23_7_2013_TOTAL_NA","XXX-01","1",9999,"2",23,7,2013,"TOTAL",NA,0,-0.935289986278124,0,0
"352",0,"NA",NA,124,"XXX-01_2_9999_2_23_7_2013_TOTAL_NA","XXX-01","2",9999,"2",23,7,2013,"TOTAL",NA,0,-0.935289986278124,0,0
"353",-0.02539,"NA",NA,124,"XXX-01_9_9999_2_23_7_2013_TOTAL_NA","XXX-01","9",9999,"2",23,7,2013,"TOTAL",NA,-0.02539,-0.955905278456654,-0.02539,-0.0884049786647352
"354",-0.00988,"NA",NA,124,"XXX-01_8_9999_2_23_7_2013_TOTAL_NA","XXX-01","8",9999,"2",23,7,2013,"TOTAL",NA,-0.00988,-0.94331200623574,-0.00988,-0.0344009920916733
"355",0,"NA",NA,105,"XXX-01_10_9999_2_23_7_2013_TOTAL_NA","XXX-01","10",9999,"2",23,7,2013,"TOTAL",NA,0,-0.935289986278124,0,0
"356",0,"NA",NA,96,"XXX-01_11_9999_2_23_7_2013_TOTAL_NA","XXX-01","11",9999,"2",23,7,2013,"TOTAL",NA,0,-0.935289986278124,0,0
"357",0,"NA",NA,76,"XXX-01_12_9999_2_23_7_2013_TOTAL_NA","XXX-01","12",9999,"2",23,7,2013,"TOTAL",NA,0,-0.935289986278124,0,0
"358",0,"NA",NA,124,"XXX-01_19_9999_2_24_7_2013_TOTAL_NA","XXX-01","19",9999,"2",24,7,2013,"TOTAL",NA,0,-0.935289986278124,0,0
"359",0,"NA",NA,62,"XXX-01_20_9999_2_24_7_2013_TOTAL_NA","XXX-01","20",9999,"2",24,7,2013,"TOTAL",NA,0,-0.935289986278124,0,0
"360",-0.01432,"NA",NA,67,"XXX-01_21_9999_2_24_7_2013_TOTAL_NA","XXX-01","21",9999,"2",24,7,2013,"TOTAL",NA,-0.01432,-0.946917043544629,-0.01432,-0.0498605472421823
"361",0,"NA",NA,72,"XXX-01_22_9999_2_24_7_2013_TOTAL_NA","XXX-01","22",9999,"2",24,7,2013,"TOTAL",NA,0,-0.935289986278124,0,0
"362",0,"NA",NA,115,"XXX-01_23_9999_2_24_7_2013_TOTAL_NA","XXX-01","23",9999,"2",24,7,2013,"TOTAL",NA,0,-0.935289986278124,0,0
"363",0,"NA",NA,124,"XXX-01_24_9999_2_24_7_2013_TOTAL_NA","XXX-01","24",9999,"2",24,7,2013,"TOTAL",NA,0,-0.935289986278124,0,0
"364",0,"NA",NA,124,"XXX-01_25_9999_2_24_7_2013_TOTAL_NA","XXX-01","25",9999,"2",24,7,2013,"TOTAL",NA,0,-0.935289986278124,0,0
"365",0,"NA",NA,96,"XXX-01_16_9999_2_24_7_2013_TOTAL_NA","XXX-01","16",9999,"2",24,7,2013,"TOTAL",NA,0,-0.935289986278124,0,0
"366",0,"NA",NA,110,"XXX-01_17_9999_2_24_7_2013_TOTAL_NA","XXX-01","17",9999,"2",24,7,2013,"TOTAL",NA,0,-0.935289986278124,0,0
"367",0,"NA",NA,96,"XXX-01_18_9999_2_24_7_2013_TOTAL_NA","XXX-01","18",9999,"2",24,7,2013,"TOTAL",NA,0,-0.935289986278124,0,0
"368",0.00988,"NA",NA,124,"XXX-01_15_9999_2_24_7_2013_TOTAL_NA","XXX-01","15",9999,"2",24,7,2013,"TOTAL",NA,0.00988,-0.927267966320507,0.00988,0.0344009920916733
"369",-0.01328,"NA",NA,124,"XXX-01_14_9999_2_24_7_2013_TOTAL_NA","XXX-01","14",9999,"2",24,7,2013,"TOTAL",NA,-0.01328,-0.946072620391195,-0.01328,-0.0462393901799009
"370",0,"NA",NA,124,"XXX-01_13_9999_2_24_7_2013_TOTAL_NA","XXX-01","13",9999,"2",24,7,2013,"TOTAL",NA,0,-0.935289986278124,0,0
"371",0,"NA",NA,67,"XXX-01_5_9999_2_24_7_2013_TOTAL_NA","XXX-01","5",9999,"2",24,7,2013,"TOTAL",NA,0,-0.935289986278124,0,0
"372",0,"NA",NA,91,"XXX-01_6_9999_2_24_7_2013_TOTAL_NA","XXX-01","6",9999,"2",24,7,2013,"TOTAL",NA,0,-0.935289986278124,0,0
"373",0,"NA",NA,124,"XXX-01_7_9999_2_24_7_2013_TOTAL_NA","XXX-01","7",9999,"2",24,7,2013,"TOTAL",NA,0,-0.935289986278124,0,0
"374",0,"NA",NA,124,"XXX-01_4_9999_2_24_7_2013_TOTAL_NA","XXX-01","4",9999,"2",24,7,2013,"TOTAL",NA,0,-0.935289986278124,0,0
"375",0,"NA",NA,124,"XXX-01_3_9999_2_24_7_2013_TOTAL_NA","XXX-01","3",9999,"2",24,7,2013,"TOTAL",NA,0,-0.935289986278124,0,0
"376",1.16139,"NA",0.16,124,"XXX-01_1_9999_2_26_8_2013_TOTAL_NA","XXX-01","1",9999,"2",26,8,2013,"TOTAL",NA,1.16139,0,1.16139,4.04382269284903
"377",1.07448,"NA",0.15,124,"XXX-01_2_9999_2_26_8_2013_TOTAL_NA","XXX-01","2",9999,"2",26,8,2013,"TOTAL",NA,1.07448,-0.0628709575271391,1.07448,3.74121234642319
"378",1.47122,"NA",0.21,124,"XXX-01_8_9999_2_26_8_2013_TOTAL_NA","XXX-01","8",9999,"2",26,8,2013,"TOTAL",NA,1.47122,0,1.47122,5.12261412804772
"379",1.32547,"NA",0.18,124,"XXX-01_9_9999_2_26_8_2013_TOTAL_NA","XXX-01","9",9999,"2",26,8,2013,"TOTAL",NA,1.32547,0,1.32547,4.61512985705973
"380",1.90401,"NA",0.27,120,"XXX-01_10_9999_2_26_8_2013_TOTAL_NA","XXX-01","10",9999,"2",26,8,2013,"TOTAL",NA,1.90401,0,1.90401,6.62953774822538
"381",1.86522,"NA",0.25,124,"XXX-01_11_9999_2_26_8_2013_TOTAL_NA","XXX-01","11",9999,"2",26,8,2013,"TOTAL",NA,1.86522,0,1.86522,6.49447555356587
"382",2.03083,"NA",0.29,110,"XXX-01_12_9999_2_26_8_2013_TOTAL_NA","XXX-01","12",9999,"2",26,8,2013,"TOTAL",NA,2.03083,0,2.03083,7.07110999691627
"383",2.78161,"NA",0.39,86,"XXX-01_19_9999_2_26_8_2013_TOTAL_NA","XXX-01","19",9999,"2",26,8,2013,"TOTAL",NA,2.78161,0.323225290473446,2.78161,9.68523720770438
"384",2.80548,"NA",0.4,81,"XXX-01_20_9999_2_26_8_2013_TOTAL_NA","XXX-01","20",9999,"2",26,8,2013,"TOTAL",NA,2.80548,0.34260642573542,2.80548,9.76834972604732
"385",1.22867,"NA",0.17,124,"XXX-01_21_9999_2_26_8_2013_TOTAL_NA","XXX-01","21",9999,"2",26,8,2013,"TOTAL",NA,1.22867,0,1.22867,4.27808369972431
"386",0.57433,"NA",0.08,124,"XXX-01_22_9999_2_26_8_2013_TOTAL_NA","XXX-01","22",9999,"2",26,8,2013,"TOTAL",NA,0.57433,-0.468965419247976,0.57433,1.99974916882699
"387",1.90419,"NA",0.27,120,"XXX-01_23_9999_2_27_8_2013_TOTAL_NA","XXX-01","23",9999,"2",27,8,2013,"TOTAL",NA,1.90419,0,1.90419,6.6301644869477
"388",1.28429,"NA",0.18,124,"XXX-01_24_9999_2_27_8_2013_TOTAL_NA","XXX-01","24",9999,"2",27,8,2013,"TOTAL",NA,1.28429,0,1.28429,4.47174596492055
"389",1.08817,"NA",0.15,124,"XXX-01_25_9999_2_27_8_2013_TOTAL_NA","XXX-01","25",9999,"2",27,8,2013,"TOTAL",NA,1.08817,-0.0517554258247333,1.08817,3.78887930813726
"390",1.87122,"NA",0.28,115,"XXX-01_16_9999_2_27_8_2013_TOTAL_NA","XXX-01","16",9999,"2",27,8,2013,"TOTAL",NA,1.87122,0,1.87122,6.5153668443098
"391",1.96471,"NA",0.29,115,"XXX-01_17_9999_2_27_8_2013_TOTAL_NA","XXX-01","17",9999,"2",27,8,2013,"TOTAL",NA,1.96471,0,1.96471,6.84088797291815
"392",3.01717,"NA",0.44,72,"XXX-01_18_9999_2_27_8_2013_TOTAL_NA","XXX-01","18",9999,"2",27,8,2013,"TOTAL",NA,3.01717,0.514487134726091,3.01717,10.5054292823111
"393",1.27181,"NA",0.18,124,"XXX-01_13_9999_2_27_8_2013_TOTAL_NA","XXX-01","13",9999,"2",27,8,2013,"TOTAL",NA,1.27181,0,1.27181,4.42829208017317
"394",3.07994,"NA",0.45,72,"XXX-01_14_9999_2_27_8_2013_TOTAL_NA","XXX-01","14",9999,"2",27,8,2013,"TOTAL",NA,3.07994,0.56545294370783,3.07994,10.7239870023105
"395",1.89221,"NA",0.3,105,"XXX-01_15_9999_2_27_8_2013_TOTAL_NA","XXX-01","15",9999,"2",27,8,2013,"TOTAL",NA,1.89221,0,1.89221,6.58845154309565
"396",1.72216,"NA",0.25,124,"XXX-01_5_9999_2_27_8_2013_TOTAL_NA","XXX-01","5",9999,"2",27,8,2013,"TOTAL",NA,1.72216,0,1.72216,5.99635754459474
"397",1.69733,"NA",0.26,124,"XXX-01_6_9999_2_27_8_2013_TOTAL_NA","XXX-01","6",9999,"2",27,8,2013,"TOTAL",NA,1.69733,0,1.69733,5.90990241973277
"398",1.85193,"NA",0.29,110,"XXX-01_7_9999_2_27_8_2013_TOTAL_NA","XXX-01","7",9999,"2",27,8,2013,"TOTAL",NA,1.85193,0,1.85193,6.44820134456806
"399",3.09389,"NA",0.52,62,"XXX-01_4_9999_2_27_8_2013_TOTAL_NA","XXX-01","4",9999,"2",27,8,2013,"TOTAL",NA,3.09389,0.576779581198594,3.09389,10.7725592532902
"400",1.0849,"NA",0.16,124,"XXX-01_3_9999_2_27_8_2013_TOTAL_NA","XXX-01","3",9999,"2",27,8,2013,"TOTAL",NA,1.0849,-0.0544104870860093,1.0849,3.77749355468181
"401",1.74887,"NA",0.24,124,"XXX-01_1_9999_2_24_9_2013_TOTAL_NA","XXX-01","1",9999,"2",24,9,2013,"TOTAL",NA,1.74887,0,1.74887,6.08935860722314
"402",0.92722,"NA",0.13,124,"XXX-01_2_9999_2_24_9_2013_TOTAL_NA","XXX-01","2",9999,"2",24,9,2013,"TOTAL",NA,0.92722,-0.182438028271937,0.92722,3.2284704339313
"403",1.0328,"NA",0.14,124,"XXX-01_8_9999_2_24_9_2013_TOTAL_NA","XXX-01","8",9999,"2",24,9,2013,"TOTAL",NA,1.0328,-0.0967128392916589,1.0328,3.59608751338868
"404",2.29799,"NA",0.32,100,"XXX-01_9_9999_2_24_9_2013_TOTAL_NA","XXX-01","9",9999,"2",24,9,2013,"TOTAL",NA,2.29799,0,2.29799,8.00132953610771
"405",2.37127,"NA",0.34,96,"XXX-01_10_9999_2_24_9_2013_TOTAL_NA","XXX-01","10",9999,"2",24,9,2013,"TOTAL",NA,2.37127,0,2.37127,8.25648183372692
"406",2.17392,"NA",0.31,105,"XXX-01_11_9999_2_24_9_2013_TOTAL_NA","XXX-01","11",9999,"2",24,9,2013,"TOTAL",NA,2.17392,0,2.17392,7.56933246234112
"407",2.56274,"NA",0.37,86,"XXX-01_12_9999_2_24_9_2013_TOTAL_NA","XXX-01","12",9999,"2",24,9,2013,"TOTAL",NA,2.56274,0.145514813942725,2.56274,8.92315774018367
"408",2.20303,"NA",0.31,105,"XXX-01_19_9999_2_25_9_2013_TOTAL_NA","XXX-01","19",9999,"2",25,9,2013,"TOTAL",NA,2.20303,0,2.20303,7.6706900412671
"409",2.25483,"NA",0.32,100,"XXX-01_20_9999_2_25_9_2013_TOTAL_NA","XXX-01","20",9999,"2",25,9,2013,"TOTAL",NA,2.25483,0,2.25483,7.85105151802304
"410",1.76812,"NA",0.25,124,"XXX-01_21_9999_2_25_9_2013_TOTAL_NA","XXX-01","21",9999,"2",25,9,2013,"TOTAL",NA,1.76812,0,1.76812,6.15638483169325
"411",0.35301,"NA",0.04,124,"XXX-01_22_9999_2_25_9_2013_TOTAL_NA","XXX-01","22",9999,"2",25,9,2013,"TOTAL",NA,0.35301,-0.648665161861303,0.35301,1.22913909091919
"412",0.91418,"NA",0.12,124,"XXX-01_23_9999_2_25_9_2013_TOTAL_NA","XXX-01","23",9999,"2",25,9,2013,"TOTAL",NA,0.91418,-0.193025795503447,0.91418,3.18306669538116
"413",2.12065,"NA",0.29,110,"XXX-01_24_9999_2_25_9_2013_TOTAL_NA","XXX-01","24",9999,"2",25,9,2013,"TOTAL",NA,2.12065,0,2.12065,7.38385261935292
"414",3.28199,"NA",0.56,57,"XXX-01_25_9999_2_25_9_2013_TOTAL_NA","XXX-01","25",9999,"2",25,9,2013,"TOTAL",NA,3.28199,0.729506499622446,3.28199,11.4275012181124
"415",2.45945,"NA",0.34,96,"XXX-01_16_9999_2_25_9_2013_TOTAL_NA","XXX-01","16",9999,"2",25,9,2013,"TOTAL",NA,2.45945,0.0616489797906806,2.45945,8.5635141700269
"416",0.67829,"NA",0.09,124,"XXX-01_17_9999_2_25_9_2013_TOTAL_NA","XXX-01","17",9999,"2",25,9,2013,"TOTAL",NA,0.67829,-0.384555581718239,0.67829,2.36172559978351
"417",2.48196,"NA",0.35,91,"XXX-01_18_9999_2_25_9_2013_TOTAL_NA","XXX-01","18",9999,"2",25,9,2013,"TOTAL",NA,2.48196,0.0799258693904728,2.48196,8.64189132913455
"418",1.78815,"NA",0.25,124,"XXX-01_13_9999_2_25_9_2013_TOTAL_NA","XXX-01","13",9999,"2",25,9,2013,"TOTAL",NA,1.78815,0,1.78815,6.22612692396007
"419",1.03221,"NA",0.14,124,"XXX-01_14_9999_2_25_9_2013_TOTAL_NA","XXX-01","14",9999,"2",25,9,2013,"TOTAL",NA,1.03221,-0.0971918870421642,1.03221,3.59403320313219
"420",0.71194,"NA",0.09,124,"XXX-01_3_9999_2_25_9_2013_TOTAL_NA","XXX-01","3",9999,"2",25,9,2013,"TOTAL",NA,0.71194,-0.357233621032632,0.71194,2.47889092203905
"421",1.56454,"NA",0.22,124,"XXX-01_4_9999_2_25_9_2013_TOTAL_NA","XXX-01","4",9999,"2",25,9,2013,"TOTAL",NA,1.56454,0,1.56454,5.44754333675167
"422",2.55837,"NA",0.35,91,"XXX-01_7_9999_2_25_9_2013_TOTAL_NA","XXX-01","7",9999,"2",25,9,2013,"TOTAL",NA,2.55837,0.141966612807626,2.55837,8.90794191675851
"423",1.57681,"NA",0.21,124,"XXX-01_6_9999_2_25_9_2013_TOTAL_NA","XXX-01","6",9999,"2",25,9,2013,"TOTAL",NA,1.57681,0,1.57681,5.49026602632301
"424",2.13196,"NA",0.29,115,"XXX-01_5_9999_2_25_9_2013_TOTAL_NA","XXX-01","5",9999,"2",25,9,2013,"TOTAL",NA,2.13196,0,2.13196,7.42323270240523
"425",0.80917,"NA",0.11,124,"XXX-01_15_9999_2_25_9_2013_TOTAL_NA","XXX-01","15",9999,"2",25,9,2013,"TOTAL",NA,0.80917,-0.278288175640016,0.80917,2.81743428854446
"426",2.19079,"NA",0.3,105,"XXX-01_1_9999_2_19_10_2013_TOTAL_NA","XXX-01","1",9999,"2",19,10,2013,"TOTAL",NA,2.19079,0,2.19079,7.62807180814948
"427",1.28146,"NA",0.18,124,"XXX-01_2_9999_2_19_10_2013_TOTAL_NA","XXX-01","2",9999,"2",19,10,2013,"TOTAL",NA,1.28146,0,1.28146,4.461892239453
"428",1.50279,"NA",0.21,124,"XXX-01_8_9999_2_19_10_2013_TOTAL_NA","XXX-01","8",9999,"2",19,10,2013,"TOTAL",NA,1.50279,0,1.50279,5.23253713617871
"429",2.06423,"NA",0.3,105,"XXX-01_9_9999_2_19_10_2013_TOTAL_NA","XXX-01","9",9999,"2",19,10,2013,"TOTAL",NA,2.06423,0,2.06423,7.18740484872416
"430",2.64282,"NA",0.37,86,"XXX-01_10_9999_2_19_10_2013_TOTAL_NA","XXX-01","10",9999,"2",19,10,2013,"TOTAL",NA,2.64282,0.21053539675709,2.64282,9.20198683397934
"431",3.65461,"NA",0.48,72,"XXX-01_11_9999_2_19_10_2013_TOTAL_NA","XXX-01","11",9999,"2",19,10,2013,"TOTAL",NA,3.65461,1.03205357215352,3.65461,12.7249200109464
"432",1.74096,"NA",0.25,124,"XXX-01_12_9999_2_19_10_2013_TOTAL_NA","XXX-01","12",9999,"2",19,10,2013,"TOTAL",NA,1.74096,0,1.74096,6.06181692225906
"433",1.7842,"NA",0.26,124,"XXX-01_19_9999_2_19_10_2013_TOTAL_NA","XXX-01","19",9999,"2",19,10,2013,"TOTAL",NA,1.7842,0,1.7842,6.21237349088699
"434",4.3102,"NA",0.6,57,"XXX-01_20_9999_2_19_10_2013_TOTAL_NA","XXX-01","20",9999,"2",19,10,2013,"TOTAL",NA,4.3102,1.56435681749905,4.3102,15.007606894082
"435",2.2697,"NA",0.32,100,"XXX-01_21_9999_2_19_10_2013_TOTAL_NA","XXX-01","21",9999,"2",19,10,2013,"TOTAL",NA,2.2697,0,2.2697,7.90282710025008
"436",1.76452,"NA",0.25,124,"XXX-01_22_9999_2_20_10_2013_TOTAL_NA","XXX-01","22",9999,"2",20,10,2013,"TOTAL",NA,1.76452,0,1.76452,6.14385005724689
"437",3.29725,"NA",0.47,72,"XXX-01_23_9999_2_20_10_2013_TOTAL_NA","XXX-01","23",9999,"2",20,10,2013,"TOTAL",NA,3.29725,0.7418967855084,3.29725,11.4806347342378
"438",1.97218,"NA",0.27,120,"XXX-01_24_9999_2_20_10_2013_TOTAL_NA","XXX-01","24",9999,"2",20,10,2013,"TOTAL",NA,1.97218,0,1.97218,6.86689762989435
"439",1.42268,"NA",0.19,124,"XXX-01_25_9999_2_20_10_2013_TOTAL_NA","XXX-01","25",9999,"2",20,10,2013,"TOTAL",NA,1.42268,0,1.42268,4.95360358592932
"440",3.17422,"NA",0.46,72,"XXX-01_16_9999_2_20_10_2013_TOTAL_NA","XXX-01","16",9999,"2",20,10,2013,"TOTAL",NA,3.17422,0.642003150347919,3.17422,11.0522588175335
"441",3.72487,"NA",0.58,57,"XXX-01_17_9999_2_20_10_2013_TOTAL_NA","XXX-01","17",9999,"2",20,10,2013,"TOTAL",NA,3.72487,1.08910085173066,3.72487,12.9695570255578
"442",2.3501,"NA",0.34,96,"XXX-01_18_9999_2_20_10_2013_TOTAL_NA","XXX-01","18",9999,"2",20,10,2013,"TOTAL",NA,2.3501,0,2.3501,8.18277039621876
"443",1.99464,"NA",0.28,115,"XXX-01_13_9999_2_20_10_2013_TOTAL_NA","XXX-01","13",9999,"2",20,10,2013,"TOTAL",NA,1.99464,0,1.99464,6.94510069491246
"444",1.87809,"NA",0.27,120,"XXX-01_14_9999_2_20_10_2013_TOTAL_NA","XXX-01","14",9999,"2",20,10,2013,"TOTAL",NA,1.87809,0,1.87809,6.5392873722116
"445",1.77889,"NA",0.24,124,"XXX-01_15_9999_2_20_10_2013_TOTAL_NA","XXX-01","15",9999,"2",20,10,2013,"TOTAL",NA,1.77889,0,1.77889,6.19388469857861
"446",2.8719,"NA",0.4,81,"XXX-01_5_9999_2_20_10_2013_TOTAL_NA","XXX-01","5",9999,"2",20,10,2013,"TOTAL",NA,2.8719,0.396535835207574,2.8719,9.99961631458263
"447",2.04055,"NA",0.31,105,"XXX-01_6_9999_2_20_10_2013_TOTAL_NA","XXX-01","6",9999,"2",20,10,2013,"TOTAL",NA,2.04055,0,2.04055,7.10495388792144
"448",0.81249,"NA",0.13,124,"XXX-01_7_9999_2_20_10_2013_TOTAL_NA","XXX-01","7",9999,"2",20,10,2013,"TOTAL",NA,0.81249,-0.275592517111748,0.81249,2.82899413608943
"449",1.1432,"NA",0.15,120,"XXX-01_3_9999_2_20_10_2013_TOTAL_NA","XXX-01","3",9999,"2",20,10,2013,"TOTAL",NA,1.1432,-0.0070740737733535,1.1432,3.98048726307701
"450",2.60808,"NA",0.34,96,"XXX-01_4_9999_2_20_10_2013_TOTAL_NA","XXX-01","4",9999,"2",20,10,2013,"TOTAL",NA,2.60808,0.182328415651059,2.60808,9.08102626057198
"451",2.54713,"NA",0.36,91,"XXX-01_1_9999_2_20_11_2013_TOTAL_NA","XXX-01","1",9999,"2",20,11,2013,"TOTAL",NA,2.54713,0.132840347187828,2.54713,8.86880556543155
"452",1.21086,"NA",0.17,124,"XXX-01_2_9999_2_20_11_2013_TOTAL_NA","XXX-01","2",9999,"2",20,11,2013,"TOTAL",NA,1.21086,0,1.21086,4.21607138503274
"453",1.53257,"NA",0.21,124,"XXX-01_8_9999_2_20_11_2013_TOTAL_NA","XXX-01","8",9999,"2",20,11,2013,"TOTAL",NA,1.53257,0,1.53257,5.33622757590442
"454",2.63907,"NA",0.38,86,"XXX-01_9_9999_2_20_11_2013_TOTAL_NA","XXX-01","9",9999,"2",20,11,2013,"TOTAL",NA,2.63907,0.207490601732691,2.63907,9.18892977726438
"455",2.25449,"NA",0.33,100,"XXX-01_10_9999_2_20_11_2013_TOTAL_NA","XXX-01","10",9999,"2",20,11,2013,"TOTAL",NA,2.25449,0,2.25449,7.84986767821421
"456",2.16263,"NA",0.33,100,"XXX-01_11_9999_2_20_11_2013_TOTAL_NA","XXX-01","11",9999,"2",20,11,2013,"TOTAL",NA,2.16263,0,2.16263,7.53002201692463
"457",2.42129,"NA",0.35,91,"XXX-01_12_9999_2_20_11_2013_TOTAL_NA","XXX-01","12",9999,"2",20,11,2013,"TOTAL",NA,2.42129,0.0306651456223968,2.42129,8.4306455608955
"458",2.14741,"NA",0.31,105,"XXX-01_19_9999_2_20_11_2013_TOTAL_NA","XXX-01","19",9999,"2",20,11,2013,"TOTAL",NA,2.14741,0,2.14741,7.47702777607085
"459",1.65823,"NA",0.23,124,"XXX-01_20_9999_2_20_11_2013_TOTAL_NA","XXX-01","20",9999,"2",20,11,2013,"TOTAL",NA,1.65823,0,1.65823,5.77376084171815
"460",3.29163,"NA",0.45,76,"XXX-01_21_9999_2_20_11_2013_TOTAL_NA","XXX-01","21",9999,"2",20,11,2013,"TOTAL",NA,3.29163,0.737333652698501,3.29163,11.4610665585743
"461",3.07865,"NA",0.39,86,"XXX-01_22_9999_2_20_11_2013_TOTAL_NA","XXX-01","22",9999,"2",20,11,2013,"TOTAL",NA,3.07865,0.564405534219437,3.07865,10.7194953748006
"462",3.862,"NA",0.57,57,"XXX-01_23_9999_2_20_11_2013_TOTAL_NA","XXX-01","23",9999,"2",20,11,2013,"TOTAL",NA,3.862,1.20044291618288,3.862,13.4470274755103
"463",2.11995,"NA",0.3,110,"XXX-01_24_9999_2_20_11_2013_TOTAL_NA","XXX-01","24",9999,"2",20,11,2013,"TOTAL",NA,2.11995,0,2.11995,7.38141530209946
"464",4.09801,"NA",0.62,52,"XXX-01_25_9999_2_20_11_2013_TOTAL_NA","XXX-01","25",9999,"2",20,11,2013,"TOTAL",NA,4.09801,1.39207013583846,4.09801,14.2687863969229
"465",2.78321,"NA",0.38,86,"XXX-01_16_9999_2_20_11_2013_TOTAL_NA","XXX-01","16",9999,"2",20,11,2013,"TOTAL",NA,2.78321,0.324524403017189,2.78321,9.69080821856942
"466",2.53146,"NA",0.36,91,"XXX-01_17_9999_2_20_11_2013_TOTAL_NA","XXX-01","17",9999,"2",20,11,2013,"TOTAL",NA,2.53146,0.120117163712539,2.53146,8.81424447777198
"467",3.18465,"NA",0.53,62,"XXX-01_18_9999_2_20_11_2013_TOTAL_NA","XXX-01","18",9999,"2",20,11,2013,"TOTAL",NA,3.18465,0.650471740242447,3.18465,11.08857484461
"468",1.82529,"NA",0.26,120,"XXX-01_13_9999_2_20_11_2013_TOTAL_NA","XXX-01","13",9999,"2",20,11,2013,"TOTAL",NA,1.82529,0,1.82529,6.35544401366501
"469",4.4157,"NA",0.67,48,"XXX-01_14_9999_2_20_11_2013_TOTAL_NA","XXX-01","14",9999,"2",20,11,2013,"TOTAL",NA,4.4157,1.65001705085214,4.4157,15.3749454229961
"470",1.78478,"NA",0.25,124,"XXX-01_15_9999_2_20_11_2013_TOTAL_NA","XXX-01","15",9999,"2",20,11,2013,"TOTAL",NA,1.78478,0,1.78478,6.21439298232557
"471",3.20503,"NA",0.51,62,"XXX-01_5_9999_2_20_11_2013_TOTAL_NA","XXX-01","5",9999,"2",20,11,2013,"TOTAL",NA,3.20503,0.667019186268381,3.20503,11.1595355955036
"472",1.98601,"NA",0.31,105,"XXX-01_6_9999_2_20_11_2013_TOTAL_NA","XXX-01","6",9999,"2",20,11,2013,"TOTAL",NA,1.98601,0,1.98601,6.91505205505911
"473",0.71568,"NA",0.11,124,"XXX-01_7_9999_2_20_11_2013_TOTAL_NA","XXX-01","7",9999,"2",20,11,2013,"TOTAL",NA,0.71568,-0.354196945461631,0.71568,2.4919131599361
"474",1.43193,"NA",0.2,124,"XXX-01_4_9999_2_20_11_2013_TOTAL_NA","XXX-01","4",9999,"2",20,11,2013,"TOTAL",NA,1.43193,0,1.43193,4.98581099249288
"475",4.23554,"NA",0.61,52,"XXX-01_3_9999_2_20_11_2013_TOTAL_NA","XXX-01","3",9999,"2",20,11,2013,"TOTAL",NA,4.23554,1.50373697842661,4.23554,14.7476495995917
"476",2.54683,"NA",0.36,91,"XXX-01_1_9999_2_9_12_2013_TOTAL_NA","XXX-01","1",9999,"2",9,12,2013,"TOTAL",NA,2.54683,0.132596763585876,2.54683,8.86776100089435
"477",2.45224,"NA",0.34,96,"XXX-01_2_9999_2_9_12_2013_TOTAL_NA","XXX-01","2",9999,"2",9,12,2013,"TOTAL",NA,2.45224,0.0557948538904365,2.45224,8.53840980231628
"478",1.54245,"NA",0.22,124,"XXX-01_8_9999_2_9_12_2013_TOTAL_NA","XXX-01","8",9999,"2",9,12,2013,"TOTAL",NA,1.54245,0,1.54245,5.37062856799609
"479",1.56975,"NA",0.22,124,"XXX-01_9_9999_2_9_12_2013_TOTAL_NA","XXX-01","9",9999,"2",9,12,2013,"TOTAL",NA,1.56975,0,1.56975,5.46568394088098
"480",2.58952,"NA",0.35,96,"XXX-01_10_9999_2_9_12_2013_TOTAL_NA","XXX-01","10",9999,"2",9,12,2013,"TOTAL",NA,2.58952,0.167258710143633,2.58952,9.01640253453742
"481",2.69903,"NA",0.37,86,"XXX-01_11_9999_2_9_12_2013_TOTAL_NA","XXX-01","11",9999,"2",9,12,2013,"TOTAL",NA,2.69903,0.256174844309481,2.69903,9.39770340943207
"482",3.03473,"NA",0.42,76,"XXX-01_12_9999_2_9_12_2013_TOTAL_NA","XXX-01","12",9999,"2",9,12,2013,"TOTAL",NA,3.03473,0.528744894893676,3.03473,10.566571126555
"483",4.62632,"NA",0.66,52,"XXX-01_19_9999_2_9_12_2013_TOTAL_NA","XXX-01","19",9999,"2",9,12,2013,"TOTAL",NA,4.62632,1.82102897832918,4.62632,16.1082993657439
"484",4.31736,"NA",0.62,52,"XXX-01_20_9999_2_9_12_2013_TOTAL_NA","XXX-01","20",9999,"2",9,12,2013,"TOTAL",NA,4.31736,1.5701703461323,4.31736,15.0325371677031
"485",1.86662,"NA",0.28,115,"XXX-01_21_9999_2_9_12_2013_TOTAL_NA","XXX-01","21",9999,"2",9,12,2013,"TOTAL",NA,1.86662,0,1.86662,6.49935018807279
"486",2.3737,"NA",0.33,96,"XXX-01_22_9999_2_9_12_2013_TOTAL_NA","XXX-01","22",9999,"2",9,12,2013,"TOTAL",NA,2.3737,0,2.3737,8.26494280647822
"487",2.66897,"NA",0.38,67,"XXX-01_23_9999_2_9_12_2013_TOTAL_NA","XXX-01","23",9999,"2",9,12,2013,"TOTAL",NA,2.66897,0.231767767393899,2.66897,9.29303804280497
"488",NA,"not enough EGM values for fitting curve",0.37,86,"XXX-01_23_9999_2_10_12_2013_TOTAL_NA","XXX-01","23",9999,"2",10,12,2013,"TOTAL",NA,2.59149123585747,0.168859245911831,2.59149123585747,9.02326614477463
"489",0.98473,"NA",0.14,124,"XXX-01_24_9999_2_10_12_2013_TOTAL_NA","XXX-01","24",9999,"2",10,12,2013,"TOTAL",NA,0.98473,-0.135743051777754,0.98473,3.42871345571188
"490",2.77545,"NA",0.4,81,"XXX-01_25_9999_2_10_12_2013_TOTAL_NA","XXX-01","25",9999,"2",10,12,2013,"TOTAL",NA,2.77545,0.318223707180033,2.77545,9.66378881587394
"491",1.07146,"NA",0.15,124,"XXX-01_18_9999_2_10_12_2013_TOTAL_NA","XXX-01","18",9999,"2",10,12,2013,"TOTAL",NA,1.07146,-0.0653230324534551,1.07146,3.73069706341541
"492",1.93825,"NA",0.26,124,"XXX-01_17_9999_2_10_12_2013_TOTAL_NA","XXX-01","17",9999,"2",10,12,2013,"TOTAL",NA,1.93825,0,1.93825,6.74875738073742
"493",2.99193,"NA",0.42,76,"XXX-01_16_9999_2_10_12_2013_TOTAL_NA","XXX-01","16",9999,"2",10,12,2013,"TOTAL",NA,2.99193,0.493993634348536,2.99193,10.417546585915
"494",2.19504,"NA",0.31,105,"XXX-01_15_9999_2_10_12_2013_TOTAL_NA","XXX-01","15",9999,"2",10,12,2013,"TOTAL",NA,2.19504,0,2.19504,7.64286980575976
"495",2.77388,"NA",0.38,86,"XXX-01_14_9999_2_10_12_2013_TOTAL_NA","XXX-01","14",9999,"2",10,12,2013,"TOTAL",NA,2.77388,0.316948952996485,2.77388,9.65832226146261
"496",3.1175,"NA",0.44,72,"XXX-01_13_9999_2_10_12_2013_TOTAL_NA","XXX-01","13",9999,"2",10,12,2013,"TOTAL",NA,3.1175,0.59594961067221,3.1175,10.8547664823675
"497",1.62771,"NA",0.23,124,"XXX-01_7_9999_2_10_12_2013_TOTAL_NA","XXX-01","7",9999,"2",10,12,2013,"TOTAL",NA,1.62771,0,1.62771,5.66749380946735
"498",1.10899,"NA",0.2,124,"XXX-01_6_9999_2_10_12_2013_TOTAL_NA","XXX-01","6",9999,"2",10,12,2013,"TOTAL",NA,1.10899,-0.0348507238492705,1.10899,3.8613720870187
"499",1.63275,"NA",0.22,124,"XXX-01_4_9999_2_10_12_2013_TOTAL_NA","XXX-01","4",9999,"2",10,12,2013,"TOTAL",NA,1.63275,0,1.63275,5.68504249369226
"500",2.0316,"NA",0.28,115,"XXX-01_3_9999_2_10_12_2013_TOTAL_NA","XXX-01","3",9999,"2",10,12,2013,"TOTAL",NA,2.0316,0,2.0316,7.07379104589508
"501",2.48861,"NA",0.34,96,"XXX-01_1_9999_2_12_1_2014_TOTAL_NA","XXX-01","1",9999,"2",12,1,2014,"TOTAL",NA,2.48861,0.085325305900407,2.48861,8.66504584304241
"502",2.21933,"NA",0.3,110,"XXX-01_2_9999_2_12_1_2014_TOTAL_NA","XXX-01","2",9999,"2",12,1,2014,"TOTAL",NA,2.21933,0,2.21933,7.72744471445478
"503",2.34368,"NA",0.32,100,"XXX-01_8_9999_2_12_1_2014_TOTAL_NA","XXX-01","8",9999,"2",12,1,2014,"TOTAL",NA,2.34368,0,2.34368,8.16041671512275
"504",2.41482,"NA",0.33,100,"XXX-01_9_9999_2_12_1_2014_TOTAL_NA","XXX-01","9",9999,"2",12,1,2014,"TOTAL",NA,2.41482,0.025411859273634,2.41482,8.40811778570996
"505",1.15123,"NA",0.16,124,"XXX-01_10_9999_2_12_1_2014_TOTAL_NA","XXX-01","10",9999,"2",12,1,2014,"TOTAL",NA,1.15123,-0.000554152694440545,1.15123,4.00844677385597
"506",1.93944,"NA",0.27,120,"XXX-01_11_9999_2_12_1_2014_TOTAL_NA","XXX-01","11",9999,"2",12,1,2014,"TOTAL",NA,1.93944,0,1.93944,6.7529008200683
"507",0.93466,"NA",0.13,124,"XXX-01_12_9999_2_12_1_2014_TOTAL_NA","XXX-01","12",9999,"2",12,1,2014,"TOTAL",NA,0.93466,-0.176397154943529,0.93466,3.25437563445378
"508",1.16394,"NA",0.15,124,"XXX-01_19_9999_2_12_1_2014_TOTAL_NA","XXX-01","19",9999,"2",12,1,2014,"TOTAL",NA,1.16394,0,1.16394,4.0527014914152
"509",1.97379,"NA",0.27,120,"XXX-01_20_9999_2_12_1_2014_TOTAL_NA","XXX-01","20",9999,"2",12,1,2014,"TOTAL",NA,1.97379,0,1.97379,6.8725034595773
"510",1.70355,"NA",0.23,124,"XXX-01_21_9999_2_12_1_2014_TOTAL_NA","XXX-01","21",9999,"2",12,1,2014,"TOTAL",NA,1.70355,0,1.70355,5.93155972447064
"511",1.64849,"NA",0.22,124,"XXX-01_22_9999_2_12_1_2014_TOTAL_NA","XXX-01","22",9999,"2",12,1,2014,"TOTAL",NA,1.64849,0,1.64849,5.73984731307717
"512",1.74793,"NA",0.24,124,"XXX-01_23_9999_2_12_1_2014_TOTAL_NA","XXX-01","23",9999,"2",12,1,2014,"TOTAL",NA,1.74793,0,1.74793,6.08608563833992
"513",1.74301,"NA",0.24,124,"XXX-01_24_9999_2_12_1_2014_TOTAL_NA","XXX-01","24",9999,"2",12,1,2014,"TOTAL",NA,1.74301,0,1.74301,6.0689547799299
"514",1.57988,"NA",0.22,124,"XXX-01_25_9999_2_12_1_2014_TOTAL_NA","XXX-01","25",9999,"2",12,1,2014,"TOTAL",NA,1.57988,0,1.57988,5.50095540342032
"515",1.36596,"NA",0.19,124,"XXX-01_16_9999_2_12_1_2014_TOTAL_NA","XXX-01","16",9999,"2",12,1,2014,"TOTAL",NA,1.36596,0,1.36596,4.75611125076336
"516",1.978,"NA",0.26,105,"XXX-01_17_9999_2_12_1_2014_TOTAL_NA","XXX-01","17",9999,"2",12,1,2014,"TOTAL",NA,1.978,0,1.978,6.88716218191596
"517",1.74812,"NA",0.24,124,"XXX-01_18_9999_2_12_1_2014_TOTAL_NA","XXX-01","18",9999,"2",12,1,2014,"TOTAL",NA,1.74812,0,1.74812,6.08674719588014
"518",1.70203,"NA",0.23,124,"XXX-01_13_9999_2_12_1_2014_TOTAL_NA","XXX-01","13",9999,"2",12,1,2014,"TOTAL",NA,1.70203,0,1.70203,5.92626726414885
"519",1.30139,"NA",0.18,124,"XXX-01_14_9999_2_12_1_2014_TOTAL_NA","XXX-01","14",9999,"2",12,1,2014,"TOTAL",NA,1.30139,0,1.30139,4.53128614354075
"520",1.39711,"NA",0.19,124,"XXX-01_15_9999_2_12_1_2014_TOTAL_NA","XXX-01","15",9999,"2",12,1,2014,"TOTAL",NA,1.39711,0,1.39711,4.86457186854227
"521",0.99938,"NA",0.13,124,"XXX-01_5_9999_2_12_1_2014_TOTAL_NA","XXX-01","5",9999,"2",12,1,2014,"TOTAL",NA,0.99938,-0.123848052549102,0.99938,3.47972302394498
"522",1.01696,"NA",0.13,124,"XXX-01_6_9999_2_12_1_2014_TOTAL_NA","XXX-01","6",9999,"2",12,1,2014,"TOTAL",NA,1.01696,-0.10957405347472,1.01696,3.5409345058247
"523",1.17223,"NA",0.16,124,"XXX-01_7_9999_2_12_1_2014_TOTAL_NA","XXX-01","7",9999,"2",12,1,2014,"TOTAL",NA,1.17223,0,1.17223,4.08156629145973
"524",0.97826,"NA",0.14,124,"XXX-01_3_9999_2_12_1_2014_TOTAL_NA","XXX-01","3",9999,"2",12,1,2014,"TOTAL",NA,0.97826,-0.140996338126517,0.97826,3.40618568052634
"525",1.51584,"NA",0.21,124,"XXX-01_4_9999_2_12_1_2014_TOTAL_NA","XXX-01","4",9999,"2",12,1,2014,"TOTAL",NA,1.51584,0,1.51584,5.27797569354676
"526",1.41544,"NA",0.19,124,"XXX-01_1_9999_2_9_2_2014_TOTAL_NA","XXX-01","1",9999,"2",9,2,2014,"TOTAL",NA,1.41544,0,1.41544,4.92839476176498
"527",1.07483,"NA",0.16,124,"XXX-01_2_9999_2_9_2_2014_TOTAL_NA","XXX-01","2",9999,"2",9,2,2014,"TOTAL",NA,1.07483,-0.0625867766581953,1.07483,3.74243100504991
"528",1.38346,"NA",0.2,124,"XXX-01_8_9999_2_9_2_2014_TOTAL_NA","XXX-01","8",9999,"2",9,2,2014,"TOTAL",NA,1.38346,0,1.38346,4.81704418209983
"529",1.22281,"NA",0.17,124,"XXX-01_9_9999_2_9_2_2014_TOTAL_NA","XXX-01","9",9999,"2",9,2,2014,"TOTAL",NA,1.22281,0,1.22281,4.25767987243107
"530",1.40021,"NA",0.2,124,"XXX-01_10_9999_2_9_2_2014_TOTAL_NA","XXX-01","10",9999,"2",9,2,2014,"TOTAL",NA,1.40021,0,1.40021,4.8753657020933
"531",1.58545,"NA",0.22,124,"XXX-01_11_9999_2_9_2_2014_TOTAL_NA","XXX-01","11",9999,"2",9,2,2014,"TOTAL",NA,1.58545,0,1.58545,5.52034948499427
"532",0.33884,"NA",0.06,124,"XXX-01_12_9999_2_9_2_2014_TOTAL_NA","XXX-01","12",9999,"2",9,2,2014,"TOTAL",NA,0.33884,-0.660170427326832,0.33884,1.1798008259456
"533",1.24823,"NA",0.18,124,"XXX-01_19_9999_2_9_2_2014_TOTAL_NA","XXX-01","19",9999,"2",9,2,2014,"TOTAL",NA,1.24823,0,1.24823,4.34618930754952
"534",1.12698,"NA",0.16,124,"XXX-01_20_9999_2_9_2_2014_TOTAL_NA","XXX-01","20",9999,"2",9,2,2014,"TOTAL",NA,1.12698,-0.0202438271855537,1.12698,3.92401114043258
"535",1.17484,"NA",0.16,124,"XXX-01_21_9999_2_9_2_2014_TOTAL_NA","XXX-01","21",9999,"2",9,2,2014,"TOTAL",NA,1.17484,0,1.17484,4.09065400293334
"536",1.42568,"NA",0.23,124,"XXX-01_22_9999_2_9_2_2014_TOTAL_NA","XXX-01","22",9999,"2",9,2,2014,"TOTAL",NA,1.42568,0,1.42568,4.96404923130129
"537",1.0217,"NA",0.14,124,"XXX-01_23_9999_2_9_2_2014_TOTAL_NA","XXX-01","23",9999,"2",9,2,2014,"TOTAL",NA,1.0217,-0.10572543256388,1.0217,3.5574386255124
"538",1.33901,"NA",0.2,124,"XXX-01_24_9999_2_9_2_2014_TOTAL_NA","XXX-01","24",9999,"2",9,2,2014,"TOTAL",NA,1.33901,0,1.33901,4.6622745365052
"539",0.77123,"NA",0.11,124,"XXX-01_25_9999_2_9_2_2014_TOTAL_NA","XXX-01","25",9999,"2",9,2,2014,"TOTAL",NA,0.77123,-0.309093381833535,0.77123,2.685331693407
"540",2.8499,"NA",0.45,72,"XXX-01_16_9999_2_9_2_2014_TOTAL_NA","XXX-01","16",9999,"2",9,2,2014,"TOTAL",NA,2.8499,0.3786730377311,2.8499,9.92301491518822
"541",2.92154,"NA",0.42,81,"XXX-01_17_9999_2_9_2_2014_TOTAL_NA","XXX-01","17",9999,"2",9,2,2014,"TOTAL",NA,2.92154,0.436840801877218,2.92154,10.1724569266708
"542",2.18793,"NA",0.3,110,"XXX-01_18_9999_2_9_2_2014_TOTAL_NA","XXX-01","18",9999,"2",9,2,2014,"TOTAL",NA,2.18793,0,2.18793,7.6181136262282
"543",2.01742,"NA",0.29,115,"XXX-01_13_9999_2_9_2_2014_TOTAL_NA","XXX-01","13",9999,"2",9,2,2014,"TOTAL",NA,2.01742,0,2.01742,7.02441796210359
"544",1.84823,"NA",0.25,124,"XXX-01_14_9999_2_9_2_2014_TOTAL_NA","XXX-01","14",9999,"2",9,2,2014,"TOTAL",NA,1.84823,0,1.84823,6.43531838194264
"545",1.88604,"NA",0.26,124,"XXX-01_15_9999_2_9_2_2014_TOTAL_NA","XXX-01","15",9999,"2",9,2,2014,"TOTAL",NA,1.88604,0,1.88604,6.56696833244731
"546",1.73426,"NA",0.24,124,"XXX-01_5_9999_2_9_2_2014_TOTAL_NA","XXX-01","5",9999,"2",9,2,2014,"TOTAL",NA,1.73426,0,1.73426,6.03848831426166
"547",1.84354,"NA",0.26,124,"XXX-01_6_9999_2_9_2_2014_TOTAL_NA","XXX-01","6",9999,"2",9,2,2014,"TOTAL",NA,1.84354,0,1.84354,6.41898835634446
"548",1.87425,"NA",0.26,124,"XXX-01_7_9999_2_9_2_2014_TOTAL_NA","XXX-01","7",9999,"2",9,2,2014,"TOTAL",NA,1.87425,0,1.87425,6.52591694613548
"549",1.67774,"NA",0.23,124,"XXX-01_3_9999_2_9_2_2014_TOTAL_NA","XXX-01","3",9999,"2",9,2,2014,"TOTAL",NA,1.67774,0,1.67774,5.84169235545383
"550",2.89469,"NA",0.39,86,"XXX-01_4_9999_2_9_2_2014_TOTAL_NA","XXX-01","4",9999,"2",9,2,2014,"TOTAL",NA,2.89469,0.415040069502521,2.89469,10.0789684005917
"551",2.15307,"NA",0.3,105,"XXX-01_9_9999_2_13_3_2014_TOTAL_NA","XXX-01","9",9999,"2",13,3,2014,"TOTAL",NA,2.15307,0,2.15307,7.49673522700596
"552",3.64295,"NA",0.49,67,"XXX-01_10_9999_2_13_3_2014_TOTAL_NA","XXX-01","10",9999,"2",13,3,2014,"TOTAL",NA,3.64295,1.02258628949099,3.64295,12.6843212692673
"553",3.30206,"NA",0.44,72,"XXX-01_11_9999_2_13_3_2014_TOTAL_NA","XXX-01","11",9999,"2",13,3,2014,"TOTAL",NA,3.30206,0.745802242593029,3.30206,11.4973825856509
"554",3.36798,"NA",0.44,76,"XXX-01_12_9999_2_13_3_2014_TOTAL_NA","XXX-01","12",9999,"2",13,3,2014,"TOTAL",NA,3.36798,0.799325679395264,3.36798,11.7269082332909
"555",5.24304,"NA .Outlier detected, replaced with NA",0.74,48,"XXX-01_20_9999_2_13_3_2014_TOTAL_NA","XXX-01","20",9999,"2",13,3,2014,"TOTAL",NA,5.24304,2.32177190831513,NA,NA
"556",1.87756,"NA",0.26,124,"XXX-01_21_9999_2_13_3_2014_TOTAL_NA","XXX-01","21",9999,"2",13,3,2014,"TOTAL",NA,1.87756,0,1.87756,6.53744197486255
"557",1.05395,"NA",0.14,124,"XXX-01_25_9999_2_13_3_2014_TOTAL_NA","XXX-01","25",9999,"2",13,3,2014,"TOTAL",NA,1.05395,-0.0795401953540487,1.05395,3.66972931326103
"558",2.81157,"NA",0.4,81,"XXX-01_16_9999_2_13_3_2014_TOTAL_NA","XXX-01","16",9999,"2",13,3,2014,"TOTAL",NA,2.81157,0.347551172855044,2.81157,9.78955438615241
"559",1.4779,"NA",0.22,124,"XXX-01_14_9999_2_13_3_2014_TOTAL_NA","XXX-01","14",9999,"2",13,3,2014,"TOTAL",NA,1.4779,0,1.4779,5.1458730984093
"560",1.25679,"NA",0.17,124,"XXX-01_15_9999_2_13_3_2014_TOTAL_NA","XXX-01","15",9999,"2",13,3,2014,"TOTAL",NA,1.25679,0,1.25679,4.37599421567753
"561",0.74545,"NA",0.12,124,"XXX-01_5_9999_2_13_3_2014_TOTAL_NA","XXX-01","5",9999,"2",13,3,2014,"TOTAL",NA,0.74545,-0.330025332694603,0.74545,2.59556878084391
"562",1.80902,"NA",0.26,124,"XXX-01_4_9999_2_13_3_2014_TOTAL_NA","XXX-01","4",9999,"2",13,3,2014,"TOTAL",NA,1.80902,0,1.80902,6.29879379693105
"563",3.09583,"NA",0.42,76,"XXX-01_1_9999_2_15_3_2014_TOTAL_NA","XXX-01","1",9999,"2",15,3,2014,"TOTAL",NA,3.09583,0.578354755157883,3.09583,10.779314103964
"564",1.87657,"NA",0.26,124,"XXX-01_2_9999_2_15_3_2014_TOTAL_NA","XXX-01","2",9999,"2",15,3,2014,"TOTAL",NA,1.87657,0,1.87657,6.53399491188981
"565",0.69905,"NA",0.07,124,"XXX-01_3_9999_2_15_3_2014_TOTAL_NA","XXX-01","3",9999,"2",15,3,2014,"TOTAL",NA,0.69905,-0.367699596463166,0.69905,2.43400946575751
"566",1.75603,"NA",0.23,124,"XXX-01_8_9999_2_15_3_2014_TOTAL_NA","XXX-01","8",9999,"2",15,3,2014,"TOTAL",NA,1.75603,0,1.75603,6.11428888084423
"567",3.56701,"NA",0.45,72,"XXX-01_19_9999_2_15_3_2014_TOTAL_NA","XXX-01","19",9999,"2",15,3,2014,"TOTAL",NA,3.56701,0.960927160383563,3.56701,12.419907166085
"568",0.8566,"NA",0.11,124,"XXX-01_22_9999_2_15_3_2014_TOTAL_NA","XXX-01","22",9999,"2",15,3,2014,"TOTAL",NA,0.8566,-0.239777608171418,0.8566,2.98257994187523
"569",2.4042,"NA",0.31,105,"XXX-01_23_9999_2_15_3_2014_TOTAL_NA","XXX-01","23",9999,"2",15,3,2014,"TOTAL",NA,2.4042,0.016788999764536,2.4042,8.3711402010932
"570",1.38783,"NA",0.18,124,"XXX-01_24_9999_2_15_3_2014_TOTAL_NA","XXX-01","24",9999,"2",15,3,2014,"TOTAL",NA,1.38783,0,1.38783,4.83226000552499
"571",2.24014,"NA",0.3,110,"XXX-01_17_9999_2_15_3_2014_TOTAL_NA","XXX-01","17",9999,"2",15,3,2014,"TOTAL",NA,2.24014,0,2.24014,7.79990267451831
"572",1.59751,"NA",0.22,124,"XXX-01_18_9999_2_15_3_2014_TOTAL_NA","XXX-01","18",9999,"2",15,3,2014,"TOTAL",NA,1.59751,0,1.59751,5.56234097938957
"573",1.24369,"NA",0.16,124,"XXX-01_13_9999_2_15_3_2014_TOTAL_NA","XXX-01","13",9999,"2",15,3,2014,"TOTAL",NA,1.24369,0,1.24369,4.33038156421995
"574",0.37467,"NA",0.04,124,"XXX-01_7_9999_2_15_3_2014_TOTAL_NA","XXX-01","7",9999,"2",15,3,2014,"TOTAL",NA,0.37467,-0.631078425800375,0.37467,1.30455665050478
"575",0.76051,"NA",0.08,124,"XXX-01_6_9999_2_15_3_2014_TOTAL_NA","XXX-01","6",9999,"2",15,3,2014,"TOTAL",NA,0.76051,-0.317797435876617,0.76051,2.64800592061118
"576",2.17823,"NA",0.3,105,"XXX-01_1_9999_2_29_4_2014_TOTAL_NA","XXX-01","1",9999,"2",29,4,2014,"TOTAL",NA,2.17823,0,2.17823,7.58433937285885
"577",1.9308,"NA",0.27,120,"XXX-01_2_9999_2_29_4_2014_TOTAL_NA","XXX-01","2",9999,"2",29,4,2014,"TOTAL",NA,1.9308,0,1.9308,6.72281736139704
"578",2.02348,"NA",0.29,110,"XXX-01_8_9999_2_29_4_2014_TOTAL_NA","XXX-01","8",9999,"2",29,4,2014,"TOTAL",NA,2.02348,0,2.02348,7.04551816575496
"579",2.09084,"NA",0.3,105,"XXX-01_9_9999_2_29_4_2014_TOTAL_NA","XXX-01","9",9999,"2",29,4,2014,"TOTAL",NA,2.09084,0,2.09084,7.28005772317349
"580",0.5636,"NA",0.07,124,"XXX-01_10_9999_2_29_4_2014_TOTAL_NA","XXX-01","10",9999,"2",29,4,2014,"TOTAL",NA,0.5636,-0.477677592744456,0.5636,1.96238857721326
"581",3.36979,"NA",0.47,72,"XXX-01_11_9999_2_29_4_2014_TOTAL_NA","XXX-01","11",9999,"2",29,4,2014,"TOTAL",NA,3.36979,0.800795300460373,3.36979,11.7332104393319
"582",4.2393,"NA",0.56,57,"XXX-01_12_9999_2_29_4_2014_TOTAL_NA","XXX-01","12",9999,"2",29,4,2014,"TOTAL",NA,4.2393,1.50678989290441,4.2393,14.7607414751245
"583",3.92247,"NA",0.52,62,"XXX-01_19_9999_2_29_4_2014_TOTAL_NA","XXX-01","19",9999,"2",29,4,2014,"TOTAL",NA,3.92247,1.24954125088299,3.92247,13.6575768673913
"584",4.15405,"NA",0.54,62,"XXX-01_20_9999_2_29_4_2014_TOTAL_NA","XXX-01","20",9999,"2",29,4,2014,"TOTAL",NA,4.15405,1.43757155268307,4.15405,14.4639110524712
"585",2.25746,"NA",0.35,91,"XXX-01_21_9999_2_29_4_2014_TOTAL_NA","XXX-01","21",9999,"2",29,4,2014,"TOTAL",NA,2.25746,0,2.25746,7.86020886713246
"586",1.93034,"NA",0.26,124,"XXX-01_22_9999_2_29_4_2014_TOTAL_NA","XXX-01","22",9999,"2",29,4,2014,"TOTAL",NA,1.93034,0,1.93034,6.72121569577333
"587",1.59584,"NA",0.23,124,"XXX-01_23_9999_2_30_4_2014_TOTAL_NA","XXX-01","23",9999,"2",30,4,2014,"TOTAL",NA,1.59584,0,1.59584,5.55652623679917
"588",1.52485,"NA",0.21,124,"XXX-01_24_9999_2_30_4_2014_TOTAL_NA","XXX-01","24",9999,"2",30,4,2014,"TOTAL",NA,1.52485,0,1.52485,5.30934744848056
"589",1.62071,"NA",0.22,124,"XXX-01_25_9999_2_30_4_2014_TOTAL_NA","XXX-01","25",9999,"2",30,4,2014,"TOTAL",NA,1.62071,0,1.62071,5.64312063693277
"590",3.30312,"NA",0.45,72,"XXX-01_16_9999_2_30_4_2014_TOTAL_NA","XXX-01","16",9999,"2",30,4,2014,"TOTAL",NA,3.30312,0.746662904653259,3.30312,11.501073380349
"591",2.61888,"NA",0.36,91,"XXX-01_17_9999_2_30_4_2014_TOTAL_NA","XXX-01","17",9999,"2",30,4,2014,"TOTAL",NA,2.61888,0.191097425321327,2.61888,9.11863058391106
"592",2.54276,"NA",0.35,91,"XXX-01_18_9999_2_30_4_2014_TOTAL_NA","XXX-01","18",9999,"2",30,4,2014,"TOTAL",NA,2.54276,0.129292146052728,2.54276,8.85358974200638
"593",2.90118,"NA",0.37,86,"XXX-01_13_9999_2_30_4_2014_TOTAL_NA","XXX-01","13",9999,"2",30,4,2014,"TOTAL",NA,2.90118,0.420309594758081,2.90118,10.101565813413
"594",3.07482,"NA",0.41,81,"XXX-01_14_9999_2_30_4_2014_TOTAL_NA","XXX-01","14",9999,"2",30,4,2014,"TOTAL",NA,3.07482,0.56129578356785,3.07482,10.7061597675424
"595",2.62229,"NA",0.37,86,"XXX-01_15_9999_2_30_4_2014_TOTAL_NA","XXX-01","15",9999,"2",30,4,2014,"TOTAL",NA,2.62229,0.193866158930181,2.62229,9.13050380081719
"596",2.66074,"NA",0.36,91,"XXX-01_5_9999_2_30_4_2014_TOTAL_NA","XXX-01","5",9999,"2",30,4,2014,"TOTAL",NA,2.66074,0.225085457247018,2.66074,9.26438215566788
"597",2.95979,"NA",0.41,81,"XXX-01_6_9999_2_30_4_2014_TOTAL_NA","XXX-01","6",9999,"2",30,4,2014,"TOTAL",NA,2.95979,0.467897711126087,2.95979,10.3056389051633
"598",2.97987,"NA",0.39,86,"XXX-01_7_9999_2_30_4_2014_TOTAL_NA","XXX-01","7",9999,"2",30,4,2014,"TOTAL",NA,2.97987,0.484201573550069,2.97987,10.3755550915197
"599",2.27518,"NA",0.3,110,"XXX-01_3_9999_2_1_5_2014_TOTAL_NA","XXX-01","3",9999,"2",1,5,2014,"TOTAL",NA,2.27518,0,2.27518,7.92190781246287
"600",2.30707,"NA",0.3,110,"XXX-01_4_9999_2_1_5_2014_TOTAL_NA","XXX-01","4",9999,"2",1,5,2014,"TOTAL",NA,2.30707,0,2.30707,8.03294502276686
