,plot_code,tree_tag,dbh,height_m,density,year,month,day
1,ABC-05,3,21.4,16,0.69625,2005,1,16
2,ABC-05,4,14,24,0.896384615,2005,1,16
3,ABC-05,5,12.4,21,0.896384615,2005,1,16
4,ABC-05,6,15.9,13.6,0.727,2005,1,16
5,ABC-05,7,17.3,20.3,0.38,2005,1,16
6,ABC-05,8,15.9,22,0.266,2005,1,16
7,ABC-05,9,22.3,14.9,0.6995,2005,1,16
8,ABC-05,11,22.7,13.5,0.625,2005,1,16
9,ABC-05,12,11.3,12.9,0.633333333,2005,1,16
10,ABC-05,12.1,14.9,16,0.37,2005,1,16
11,ABC-05,13,15.2,16.3,0.629,2005,1,16
12,ABC-05,13.1,17.9,18.3,0.37,2005,1,16
13,ABC-05,15,25.4,23.5,0.6,2005,1,16
14,ABC-05,16,22.1,16.1,0.657272727,2005,1,16
15,ABC-05,17,12.2,12.8,0.6405,2005,1,16
16,ABC-05,19,13.1,15.1,0.57,2005,1,16
17,ABC-05,20,39.7,32,0.637,2005,1,16
18,ABC-05,21,20.4,28.1,0.37,2005,1,16
19,ABC-05,23,16.1,11,0.37,2005,1,16
20,ABC-05,25,20.6,12,0.8164,2005,1,16
21,ABC-05,26,30,31,0.37,2005,1,16
22,ABC-05,27,17.8,14.4,0.727,2005,1,16
23,ABC-05,28,10.5,27.7,0.61,2005,1,16
24,ABC-05,28.1,9.7,8.7,0.51772,2005,1,16
25,ABC-05,29,12,16,0.727,2005,1,16
26,ABC-05,31,15.3,19,0.618444444,2005,1,16
27,ABC-05,32,13,15.6,0.615,2005,1,16
28,ABC-05,33,11.5,11.9,0.6405,2005,1,16
29,ABC-05,34,14.6,17,0.727,2005,1,16
30,ABC-05,35,28.5,19,0.614666667,2005,1,16
31,ABC-05,36,12.9,9.7,0.717333333,2005,1,16
32,ABC-05,36.1,NA,NA,0.436,2005,1,16
33,ABC-05,37,42,40,0.8164,2005,1,16
34,ABC-05,40,16.4,9.8,0.8164,2005,1,16
35,ABC-05,43,67.3,37,0.7685,2005,1,16
36,ABC-05,43.1,11.6,10.2,0.53,2005,1,16
37,ABC-05,45,48.2,33,0.825142857,2005,1,16
38,ABC-05,45.1,10.7,11.4,0.808782609,2005,1,16
39,ABC-05,46,16.2,16,0.618444444,2005,1,16
40,ABC-05,47,24.5,6.5,0.6,2005,1,16
41,ABC-05,48,15.9,14.9,0.633333333,2005,1,16
42,ABC-05,51,38.7,23,0.637,2005,1,16
43,ABC-05,53,13.1,11.8,0.754235294,2005,1,16
44,ABC-05,55,40,10.1,0.614666667,2005,1,16
45,ABC-05,56,15.7,15,0.717333333,2005,1,16
46,ABC-05,59,18.6,9.1,0.727,2005,1,16
47,ABC-05,60,18,17.2,0.510488636,2005,1,16
48,ABC-05,61,79.3,38.9,0.8774,2005,1,16
49,ABC-05,62,11.6,16,0.510488636,2005,1,16
50,ABC-05,62.1,10.3,5.7,0.809857143,2005,1,16
51,ABC-05,63,13.9,6.7,0.625,2005,1,16
52,ABC-05,64,14.6,17,0.56,2005,1,16
53,ABC-05,66,17.9,12,0.753,2005,1,16
54,ABC-05,66.1,10.5,8.9,0.6,2005,1,16
55,ABC-05,68,18,20,0.615,2005,1,16
56,ABC-05,69,38.3,17,0.52261165,2005,1,16
57,ABC-05,69.1,10.5,6.5,0.53,2005,1,16
58,ABC-05,69.2,NA,14.9,0.825,2005,1,16
59,ABC-05,70,24,22,0.37,2005,1,16
60,ABC-05,71,24,13.3,0.825,2005,1,16
61,ABC-05,71.1,10.9,9.1,0.633333333,2005,1,16
62,ABC-05,72,21.7,22.7,0.828119403,2005,1,16
63,ABC-05,74,53.4,31.5,0.618444444,2005,1,16
64,ABC-05,75,10.5,11.2,0.510488636,2005,1,16
65,ABC-05,76,14.5,18.1,0.6995,2005,1,16
66,ABC-05,77,24.2,22,0.825142857,2005,1,16
67,ABC-05,78,16.8,9.5,0.811142857,2005,1,16
68,ABC-05,79,20.6,10.2,0.6995,2005,1,16
69,ABC-05,80,14.2,11.7,0.8705,2005,1,16
70,ABC-05,81,27.3,19,0.8705,2005,1,16
71,ABC-05,83,30.1,22.4,0.852083333,2005,1,16
72,ABC-05,83.1,11.2,14.6,0.61,2005,1,16
73,ABC-05,85,10.6,4.5,0.571,2005,1,16
74,ABC-05,86,18.3,21.6,0.436,2005,1,16
75,ABC-05,88,10.2,12.9,0.727,2005,1,16
76,ABC-05,88.1,11.5,11.8,0.37,2005,1,16
77,ABC-05,89,11.7,12.7,0.8705,2005,1,16
78,ABC-05,90,39.1,18.2,0.77675,2005,1,16
79,ABC-05,90.1,10.2,9.2,0.492,2005,1,16
80,ABC-05,91,10.7,7.3,0.707857143,2005,1,16
81,ABC-05,92,32.2,32,0.266,2005,1,16
82,ABC-05,96,NA,NA,0.622769231,2005,1,16
83,ABC-05,96.1,12.1,18.7,0.8705,2005,1,16
84,ABC-05,96.2,16.9,14.2,0.436,2005,1,16
85,ABC-05,97,10.6,9.1,0.622122807,2005,1,16
86,ABC-05,98,15.4,10.5,0.825142857,2005,1,16
87,ABC-05,99,24,20.2,0.37,2005,1,16
88,ABC-05,100,36,20.6,0.589066667,2005,1,16
89,ABC-05,100.1,12,12.4,0.8164,2005,1,16
90,ABC-05,101,23.9,18,0.558533955,2005,1,16
91,ABC-05,102,12.4,16.2,0.8164,2005,1,16
92,ABC-05,103,46.9,32,0.42656962,2005,1,16
93,ABC-05,104,21,17.6,0.436,2005,1,16
94,ABC-05,105,20.5,23.3,0.414333333,2005,1,16
95,ABC-05,105.1,NA,NA,0.660158304,2005,1,16
96,ABC-05,106,31.7,13.5,0.678144059,2005,1,16
97,ABC-05,107,18.9,10.8,0.727,2005,1,16
98,ABC-05,108,12.1,8.9,0.61,2005,1,16
99,ABC-05,109,22.3,30,0.267,2005,1,16
100,ABC-05,110,69,20,0.412789474,2005,1,16
101,ABC-05,111,26.8,23.2,0.66025,2005,1,16
102,ABC-05,112,13.8,11.3,0.633333333,2005,1,16
103,ABC-05,113,14.9,14.1,0.436,2005,1,16
104,ABC-05,114,12.5,13.9,0.825,2005,1,16
105,ABC-05,116,12,20.4,0.558533955,2005,1,16
106,ABC-05,117,21.3,21.9,0.436,2005,1,16
107,ABC-05,119,10.8,3.4,0.629888889,2005,1,16
108,ABC-05,119.1,11,14.2,0.622769231,2005,1,16
109,ABC-05,120,18.5,12,0.629,2005,1,16
110,ABC-05,121,22.8,14.5,0.457,2005,1,16
111,ABC-05,122,76.7,24.8,0.540586207,2005,1,16
112,ABC-05,123,31,14,0.436,2005,1,16
113,ABC-05,124,24,17.1,0.436,2005,1,16
114,ABC-05,124.1,11.7,9.4,0.38,2005,1,16
115,ABC-05,125,17.8,12.4,0.571,2005,1,16
116,ABC-05,126,10.5,12.2,0.6405,2005,1,16
117,ABC-05,127,22.6,16.6,0.38,2005,1,16
118,ABC-05,128,17.3,16.4,0.387666667,2005,1,16
119,ABC-05,131,11.7,5.1,0.54325,2005,1,16
120,ABC-05,132,11.4,7.3,0.615,2005,1,16
121,ABC-05,133,22.5,15.6,0.828119403,2005,1,16
122,ABC-05,134,16,4,0.615,2005,1,16
123,ABC-05,135,16.5,12.3,0.6,2005,1,16
124,ABC-05,136,11.5,13,0.719166667,2005,1,16
125,ABC-05,136.1,10,11.3,0.70209062,2005,1,16
126,ABC-05,137,14.3,12.7,0.633333333,2005,1,16
127,ABC-05,138,34,23,0.571,2005,1,16
128,ABC-05,139,17.3,12.1,0.57,2005,1,16
129,ABC-05,139.1,13.1,11.4,0.436,2005,1,16
130,ABC-05,139.2,10.1,11.3,0.436,2005,1,16
131,ABC-05,140,17.9,15.6,0.808782609,2005,1,16
132,ABC-05,141,15.9,14.5,0.63626178,2005,1,16
133,ABC-05,142,17,15.2,0.589066667,2005,1,16
134,ABC-05,143,14.9,10.7,0.6,2005,1,16
135,ABC-05,144,15.6,8.4,0.6,2005,1,16
136,ABC-05,145,18.9,21.2,0.825,2005,1,16
137,ABC-05,146,26.4,20,0.6556,2005,1,16
138,ABC-05,147,23.8,13.7,0.849888889,2005,1,16
139,ABC-05,147.1,11,20,0.436,2005,1,16
140,ABC-05,148,13.4,14,0.727,2005,1,16
141,ABC-05,149,24.7,18.9,0.8705,2005,1,16
142,ABC-05,150,33.6,21.4,0.786714286,2005,1,16
143,ABC-05,151,18.3,12.5,0.727,2005,1,16
144,ABC-05,151.1,14.6,10.8,0.38,2005,1,16
145,ABC-05,152,14.7,11.9,0.47,2005,1,16
146,ABC-05,153,11.5,13.7,0.825,2005,1,16
147,ABC-05,154,14.6,15.4,0.825,2005,1,16
148,ABC-05,155,13.4,16.4,0.387666667,2005,1,16
149,ABC-05,156,31.5,17,0.727,2005,1,16
150,ABC-05,156.1,10.1,12.3,0.51772,2005,1,16
151,ABC-05,156.2,NA,NA,0.444604162,2005,1,16
152,ABC-05,157,12.6,12.2,0.42,2005,1,16
153,ABC-05,157.1,11.5,12.4,0.629,2005,1,16
154,ABC-05,160,24,15.2,0.8435,2005,1,16
155,ABC-05,162,12.3,14.1,0.727,2005,1,16
156,ABC-05,162.1,14.7,13.9,0.466625,2005,1,16
157,ABC-05,162.2,10.2,11.9,0.633333333,2005,1,16
158,ABC-05,162.3,14.1,13.4,0.633333333,2005,1,16
159,ABC-05,163,10.3,8.4,0.6405,2005,1,16
160,ABC-05,163.1,10,12.9,0.53,2005,1,16
161,ABC-05,164,17,12.1,0.717333333,2005,1,16
162,ABC-05,165,25.9,15.9,0.436,2005,1,16
163,ABC-05,168,12.7,9.7,0.75,2005,1,16
164,ABC-05,169,65.4,36.5,0.69,2005,1,16
165,ABC-05,170,21.8,15.3,0.727,2005,1,16
166,ABC-05,172,10,7.6,0.6405,2005,1,16
167,ABC-05,172.2,9.8,10,0.629888889,2005,1,16
168,ABC-05,172.3,10.3,11.2,0.444604162,2005,1,16
169,ABC-05,173,17.1,12.5,0.37,2005,1,16
170,ABC-05,173.1,13.7,12.6,0.436,2005,1,16
171,ABC-05,174,31.2,20.5,0.54,2005,1,16
172,ABC-05,175,11,6,0.622769231,2005,1,16
173,ABC-05,176,57.7,27.3,0.585428571,2005,1,16
174,ABC-05,177,15.3,12.7,0.56,2005,1,16
175,ABC-05,178,22,13,0.6,2005,1,16
176,ABC-05,179,13.4,6.2,0.725,2005,1,16
177,ABC-05,180,15.4,10,0.8164,2005,1,16
178,ABC-05,180.1,12.7,14.5,0.436,2005,1,16
179,ABC-05,181,12.9,12,0.63,2005,1,16
180,ABC-05,182,33.9,21.2,0.629,2005,1,16
181,ABC-05,182.1,10.2,9.8,0.63626178,2005,1,16
182,ABC-05,183,21.8,11,0.436,2005,1,16
183,ABC-05,183.1,NA,12.3,0.56,2005,1,16
184,ABC-05,184,22.2,14.8,0.571,2005,1,16
185,ABC-05,184.1,17,6.4,0.38625,2005,1,16
186,ABC-05,184.2,NA,8.2,NA,2005,1,16
187,ABC-05,186,18.3,15.1,0.589066667,2005,1,16
188,ABC-05,188,17.7,14.1,0.59,2005,1,16
189,ABC-05,188.1,13,9.6,0.387666667,2005,1,16
190,ABC-05,189,12,3.8,0.8164,2005,1,16
191,ABC-05,191,18.1,13.4,0.727,2005,1,16
192,ABC-05,191.1,10.3,16.2,0.353578132,2005,1,16
193,ABC-05,192,23.4,21.8,0.52239801,2005,1,16
194,ABC-05,193,13,20.3,0.69625,2005,1,16
195,ABC-05,194,12,16.1,0.558533955,2005,1,16
196,ABC-05,195,20.8,20,0.808782609,2005,1,16
197,ABC-05,196,11,7.5,0.56,2005,1,16
198,ABC-05,197,NA,NA,0.570966942,2005,1,16
199,ABC-05,198,13.3,10.3,0.75,2005,1,16
200,ABC-05,199,86,18.1,0.5635,2005,1,16
201,ABC-05,201,13.8,9,0.56,2005,1,16
202,ABC-05,202,30,17.4,0.625,2005,1,16
203,ABC-05,203,34.3,14.6,0.6556,2005,1,16
204,ABC-05,204,12.7,7.9,0.717333333,2005,1,16
205,ABC-05,205,20.3,12,0.633333333,2005,1,16
206,ABC-05,206,13,19.9,0.52261165,2005,1,16
207,ABC-05,207,12.4,9.7,0.8705,2005,1,16
208,ABC-05,208,28.7,17.3,0.629,2005,1,16
209,ABC-05,209,19.7,7.5,0.625,2005,1,16
210,ABC-05,210,82,28,0.350666667,2005,1,16
211,ABC-05,211,13.4,5.9,0.56,2005,1,16
212,ABC-05,212,32,23.7,0.678144059,2005,1,16
213,ABC-05,213,NA,NA,0.579769231,2005,1,16
214,ABC-05,214,11.2,10.6,0.717333333,2005,1,16
215,ABC-05,215,19.1,17,0.436,2005,1,16
216,ABC-05,216.1,10.5,15.3,0.615,2005,1,16
217,ABC-05,217,25.4,19.2,0.571,2005,1,16
218,ABC-05,218,20.1,17.8,0.49,2005,1,16
219,ABC-05,219,13.5,10.6,0.75,2005,1,16
220,ABC-05,220,14.9,11.9,0.825,2005,1,16
221,ABC-05,222,18,12.4,0.625,2005,1,16
222,ABC-05,223,23.2,20,0.52261165,2005,1,16
223,ABC-05,224,18.4,18.1,0.629,2005,1,16
224,ABC-05,226,12.9,13.3,0.754235294,2005,1,16
225,ABC-05,227,35.3,15.2,0.629,2005,1,16
226,ABC-05,228,18.8,14.4,0.62,2005,1,16
227,ABC-05,229,21.8,11.6,0.75,2005,1,16
228,ABC-05,230,18.4,13.1,0.62,2005,1,16
229,ABC-05,231,11.4,13.3,0.69625,2005,1,16
230,ABC-05,232,22.8,20.3,0.77675,2005,1,16
231,ABC-05,232.1,10.3,9.1,0.548492754,2005,1,16
232,ABC-05,232.2,11.4,12.3,0.614666667,2005,1,16
233,ABC-05,233,35.3,27.2,0.38,2005,1,16
234,ABC-05,235,24.6,17.4,0.436,2005,1,16
235,ABC-05,237,22.7,12.7,0.717333333,2005,1,16
236,ABC-05,238,16.2,19.9,0.42656962,2005,1,16
237,ABC-05,239,30.1,NA,0.436,2005,1,16
238,ABC-05,240,13.1,15.2,0.615,2005,1,16
239,ABC-05,241,11.5,11.3,0.782736842,2005,1,16
240,ABC-05,242,16.9,13.7,0.614666667,2005,1,16
241,ABC-05,243,13.4,11,0.5635,2005,1,16
242,ABC-05,244,18.4,15.6,0.825,2005,1,16
243,ABC-05,245,13.4,13.6,0.8164,2005,1,16
244,ABC-05,247,13.7,22.8,0.637,2005,1,16
245,ABC-05,248,16.8,17,0.436,2005,1,16
246,ABC-05,249,29.3,20,0.727,2005,1,16
247,ABC-05,250,28.6,17.4,0.852083333,2005,1,16
248,ABC-05,250.1,12.4,12.1,0.42,2005,1,16
249,ABC-05,252,17.8,12.4,0.575268293,2005,1,16
250,ABC-05,252.1,11.5,9.7,0.56,2005,1,16
251,ABC-05,252.2,11.5,7.1,0.63,2005,1,16
252,ABC-05,253,13.8,12.2,0.625,2005,1,16
253,ABC-05,255,19.8,23.9,0.622122807,2005,1,16
254,ABC-05,256,12.9,11,0.615,2005,1,16
255,ABC-05,258,26.9,15.9,0.657272727,2005,1,16
256,ABC-05,259,31.3,20.1,0.598571429,2005,1,16
257,ABC-05,261,10.4,7.2,0.52261165,2005,1,16
258,ABC-05,262,16.5,11.8,0.511153846,2005,1,16
259,ABC-05,263,20.2,11.7,0.625,2005,1,16
260,ABC-05,263.1,10.5,10.4,0.836190476,2005,1,16
261,ABC-05,263.2,9.3,9.8,0.63697784,2005,1,16
262,ABC-05,264,35.1,19.3,0.436,2005,1,16
263,ABC-05,266,12.8,13.7,0.852083333,2005,1,16
264,ABC-05,268,10.7,5.9,0.49,2005,1,16
265,ABC-05,269,49.7,28.3,0.38,2005,1,16
266,ABC-05,270,19.6,15.5,0.811142857,2005,1,16
267,ABC-05,271,13,12.5,0.8705,2005,1,16
268,ABC-05,272,13.6,15.8,0.8705,2005,1,16
269,ABC-05,273,10.4,8.1,0.618444444,2005,1,16
270,ABC-05,274,18.6,14.4,0.633333333,2005,1,16
271,ABC-05,275,39.4,28,0.657272727,2005,1,16
272,ABC-05,276,41.1,24.3,0.52261165,2005,1,16
273,ABC-05,277,10.2,6.8,0.571,2005,1,16
274,ABC-05,278,12.7,19.2,0.8164,2005,1,16
275,ABC-05,279,21,15.7,0.571,2005,1,16
276,ABC-05,279.1,10.9,12.3,0.436,2005,1,16
277,ABC-05,280,20.1,13.2,0.75,2005,1,16
278,ABC-05,281,22.7,17.9,0.657272727,2005,1,16
279,ABC-05,282,65.3,27.3,0.698916667,2005,1,16
280,ABC-05,283,19.1,14.1,0.625,2005,1,16
281,ABC-05,284,24.8,16.4,0.38,2005,1,16
282,ABC-05,285,51.7,22.4,0.736666667,2005,1,16
283,ABC-05,286,NA,NA,0.713,2005,1,16
284,ABC-05,287,11.6,9.9,0.57,2005,1,16
285,ABC-05,287.1,13.6,13.8,0.436,2005,1,16
286,ABC-05,288,11.3,NA,0.56,2005,1,16
287,ABC-05,289,13.6,4.8,0.691083333,2005,1,16
288,ABC-05,290,62.7,13.4,0.350666667,2005,1,16
289,ABC-05,290.1,NA,NA,0.6815,2005,1,16
290,ABC-05,291,12.4,22.6,0.637,2005,1,16
291,ABC-05,292,22.5,9.7,0.436,2005,1,16
292,ABC-05,293,51,16,0.3604,2005,1,16
293,ABC-05,294,23.6,25.7,0.629,2005,1,16
294,ABC-05,295,25.2,22.2,0.629,2005,1,16
295,ABC-05,296,13,23.9,0.629,2005,1,16
296,ABC-05,297,41.2,14.6,0.622122807,2005,1,16
297,ABC-05,297.1,10.2,7.7,0.510488636,2005,1,16
298,ABC-05,298,26.8,20.7,0.659,2005,1,16
299,ABC-05,298.1,13.9,12.2,0.466625,2005,1,16
300,ABC-05,299,20.9,17.9,0.629888889,2005,1,16
301,ABC-05,300,42.6,29.3,0.629,2005,1,16
302,ABC-05,300.1,10.7,7.1,0.633333333,2005,1,16
303,ABC-05,302,14.1,9.6,0.727,2005,1,16
304,ABC-05,304,16.4,20.5,0.647875,2005,1,16
305,ABC-05,306,51.9,24.6,0.589066667,2005,1,16
306,ABC-05,307,51.2,15.4,0.52261165,2005,1,16
307,ABC-05,308,20.7,22.2,0.825,2005,1,16
308,ABC-05,308.1,10.5,14.1,0.436,2005,1,16
309,ABC-05,309,15.4,14,0.66025,2005,1,16
310,ABC-05,310,23.8,22,0.510488636,2005,1,16
311,ABC-05,311,13.5,18.3,0.852083333,2005,1,16
312,ABC-05,312,30.3,16.6,0.618444444,2005,1,16
313,ABC-05,313,15.7,20.2,0.633333333,2005,1,16
314,ABC-05,314,11.4,16.3,0.56,2005,1,16
315,ABC-05,315,25.4,9,0.66025,2005,1,16
316,ABC-05,315.1,10.1,18.2,0.633264495,2005,1,16
317,ABC-05,316,13.6,8.7,0.436,2005,1,16
318,ABC-05,318,10.4,5.2,0.6,2005,1,16
319,ABC-05,319,55.8,14.6,0.3,2005,1,16
320,ABC-05,321,16.1,12.7,0.895,2005,1,16
321,ABC-05,322,20.7,18.1,0.615,2005,1,16
322,ABC-05,322.1,13,10.2,0.615,2005,1,16
323,ABC-05,323,22.4,14.6,0.54325,2005,1,16
324,ABC-05,324,12,2.7,0.88,2005,1,16
325,ABC-05,326,21.7,10.9,0.6,2005,1,16
326,ABC-05,327,15.5,13.7,0.436,2005,1,16
327,ABC-05,328,33.2,18.6,0.629,2005,1,16
328,ABC-05,329,23,7.4,0.952428571,2005,1,16
329,ABC-05,330,22.6,11.2,0.436,2005,1,16
330,ABC-05,331,36.2,14.6,0.5635,2005,1,16
331,ABC-05,332,27,19.9,0.436,2005,1,16
332,ABC-05,333,10.5,12,0.42,2005,1,16
333,ABC-05,334,16.2,13.7,0.571,2005,1,16
334,ABC-05,335,15.7,20.9,0.387666667,2005,1,16
335,ABC-05,336,25.3,11.1,0.6815,2005,1,16
336,ABC-05,336.1,10.7,14.6,0.37,2005,1,16
337,ABC-05,337,97.9,33.8,0.5038,2005,1,16
338,ABC-05,338,34.6,18,0.42,2005,1,16
339,ABC-05,339,23.7,17.2,0.629,2005,1,16
340,ABC-05,340,12.8,NA,0.633333333,2005,1,16
341,ABC-05,341,12.2,16.2,0.38,2005,1,16
342,ABC-05,341.1,11.1,15.7,0.678144059,2005,1,16
343,ABC-05,342,27,24.5,0.37,2005,1,16
344,ABC-05,343,19.1,15.8,0.52261165,2005,1,16
345,ABC-05,345,10.6,4.5,0.597423077,2005,1,16
346,ABC-05,346,16.6,16.3,0.645,2005,1,16
347,ABC-05,347,25.6,16,0.66025,2005,1,16
348,ABC-05,348,17.6,10.9,0.825,2005,1,16
349,ABC-05,349,19.2,11.5,0.571,2005,1,16
350,ABC-05,350,13.7,11,0.825,2005,1,16
351,ABC-05,351,36,28.9,0.942333333,2005,1,16
352,ABC-05,352,31.1,25.8,0.8,2005,1,16
353,ABC-05,353,12.6,8,0.633333333,2005,1,16
354,ABC-05,354,9.5,12.3,0.713,2005,1,16
355,ABC-05,355,11.9,12,0.8164,2005,1,16
356,ABC-05,356,13,11.9,0.562571429,2005,1,16
357,ABC-05,356.1,9.8,8.7,0.571,2005,1,16
358,ABC-05,357,12.9,3.7,0.7115,2005,1,16
359,ABC-05,358,30.9,20.2,0.436,2005,1,16
360,ABC-05,358.1,13.7,13.6,0.387666667,2005,1,16
361,ABC-05,359,10.5,13.6,0.727,2005,1,16
362,ABC-05,360,78.5,32,0.638,2005,1,16
363,ABC-05,361,18.9,19.3,0.436,2005,1,16
364,ABC-05,362,22.5,22.2,0.8705,2005,1,16
365,ABC-05,363,10.9,5.5,0.633333333,2005,1,16
366,ABC-05,364,19.3,24,0.629,2005,1,16
367,ABC-05,365,23,17.9,0.8705,2005,1,16
368,ABC-05,366,22.1,19.8,0.637,2005,1,16
369,ABC-05,368,25.1,17,0.6,2005,1,16
370,ABC-05,369,12,6.9,0.5,2005,1,16
371,ABC-05,370,25.3,14,0.436,2005,1,16
372,ABC-05,372.1,11,21.1,0.678144059,2005,1,16
373,ABC-05,373,14.3,15,0.37,2005,1,16
374,ABC-05,374,21.4,16.5,0.37,2005,1,16
375,ABC-05,376,12.8,8.8,0.57,2005,1,16
376,ABC-05,377,15,NA,0.38,2005,1,16
377,ABC-05,380,22.1,18.2,0.571,2005,1,16
378,ABC-05,381,18.6,17.5,0.267,2005,1,16
379,ABC-05,382,10.6,10.5,0.713,2005,1,16
380,ABC-05,383,18.1,14,0.445375,2005,1,16
381,ABC-05,384,12.9,14.4,0.629,2005,1,16
382,ABC-05,385,46.4,19.9,0.436,2005,1,16
383,ABC-05,386,15.1,12,0.37,2005,1,16
384,ABC-05,387,10.4,10.2,0.747794521,2005,1,16
385,ABC-05,388,47.7,21.3,0.606714286,2005,1,16
386,ABC-05,389,11.8,10.3,0.691083333,2005,1,16
387,ABC-05,390,16.3,14.3,0.52261165,2005,1,16
388,ABC-05,390.1,9.2,11.5,0.799216,2005,1,16
389,ABC-05,392,11.7,10.9,0.622769231,2005,1,16
390,ABC-05,393,14,8.4,0.571,2005,1,16
391,ABC-05,395,16.5,18.6,0.425,2005,1,16
392,ABC-05,397,14.3,15.4,0.852083333,2005,1,16
393,ABC-05,398,24.1,24.3,0.825,2005,1,16
394,ABC-05,399,16.9,16.7,0.629,2005,1,16
395,ABC-05,401,37.6,30.8,0.88,2005,1,16
396,ABC-05,401.1,10.2,14.8,0.53,2005,1,16
397,ABC-05,403,10,9.4,0.61944,2005,1,16
398,ABC-05,404,20.2,15.3,0.9385,2005,1,16
399,ABC-05,405,14.9,17.3,0.629,2005,1,16
400,ABC-05,406,16.8,15.2,0.637,2005,1,16
401,ABC-05,407,21.6,15,0.589066667,2005,1,16
402,ABC-05,408,42.3,20,0.8164,2005,1,16
403,ABC-05,409,14.5,15.4,0.8435,2005,1,16
404,ABC-05,410,30.1,22.9,0.657272727,2005,1,16
405,ABC-05,411,11.8,7.4,0.7325,2005,1,16
406,ABC-05,413,13.6,15.8,0.571,2005,1,16
407,ABC-05,414,21.7,17.4,0.436,2005,1,16
408,ABC-05,415,14.4,11.4,0.579769231,2005,1,16
409,ABC-05,415.1,11.2,10,0.436,2005,1,16
410,ABC-05,416,28.2,20.5,0.589066667,2005,1,16
411,ABC-05,416.1,12,12.9,0.61,2005,1,16
412,ABC-05,417,18.2,11.2,0.6815,2005,1,16
413,ABC-05,418,12.7,14.5,0.852083333,2005,1,16
414,ABC-05,419,14.9,15,0.579769231,2005,1,16
415,ABC-05,420,NA,NA,0.355666667,2005,1,16
416,ABC-05,424,27,17.8,0.436,2005,1,16
417,ABC-05,425,10.1,43.8,0.6405,2005,1,16
418,ABC-05,426,18.5,43.8,0.6,2005,1,16
419,ABC-05,427,14.3,7.9,0.57,2005,1,16
420,ABC-05,428,NA,9.3,0.23,2005,1,16
421,ABC-05,429,121.8,28.9,0.638,2005,1,16
422,ABC-05,431,55.2,24.2,0.698916667,2005,1,16
423,ABC-05,432,11.4,6.8,0.69625,2005,1,16
424,ABC-05,432.1,10.1,8.6,0.633333333,2005,1,16
425,ABC-05,434,14.2,13.3,0.622122807,2005,1,16
426,ABC-05,435,17.8,12.3,0.836190476,2005,1,16
427,ABC-05,436,18.5,16.3,0.436,2005,1,16
428,ABC-05,438,19.3,18.2,0.615,2005,1,16
429,ABC-05,440,19.3,18.4,0.56,2005,1,16
430,ABC-05,441,14.3,13.4,0.697182292,2005,1,16
431,ABC-05,442,47.1,16.3,0.592333333,2005,1,16
432,ABC-05,443,26.9,15.7,0.593959184,2005,1,16
433,ABC-05,444,24.5,12.2,0.436,2005,1,16
434,ABC-05,445,42.2,16,0.557333333,2005,1,16
435,ABC-05,445.1,13.3,12.7,0.8705,2005,1,16
436,ABC-05,446,27.5,14.2,0.445375,2005,1,16
437,ABC-05,446.1,NA,NA,0.579385555,2005,1,16
438,ABC-05,447,NA,4.9,0.808782609,2005,1,16
439,ABC-05,448,19.3,5.9,0.52239801,2005,1,16
440,ABC-05,448.1,NA,NA,0.444604162,2005,1,16
441,ABC-05,449,23.9,14.4,0.717333333,2005,1,16
442,ABC-05,452,17.5,9.2,0.782736842,2005,1,16
443,ABC-05,453,15.3,11,0.69625,2005,1,16
444,ABC-05,453.1,NA,NA,0.77,2005,1,16
445,ABC-05,453.2,NA,NA,0.578435,2005,1,16
446,ABC-05,454,35.2,16.7,0.37,2005,1,16
447,ABC-05,454.1,NA,NA,0.444604162,2005,1,16
448,ABC-05,456,16.7,12.5,0.808782609,2005,1,16
449,ABC-05,459,18,9,0.579769231,2005,1,16
450,ABC-05,460,16.9,11.3,0.616666667,2005,1,16
451,ABC-05,462,21.6,16,0.37,2005,1,16
452,ABC-05,463,17,12.6,0.52261165,2005,1,16
453,ABC-05,465,30.2,22.6,0.657272727,2005,1,16
454,ABC-05,467,14,19.3,0.697182292,2005,1,16
455,ABC-05,468,21.8,10.6,0.618444444,2005,1,16
456,ABC-05,469,15,13,0.625,2005,1,16
457,ABC-05,471,12.6,11.2,0.6405,2005,1,16
458,ABC-05,472,15,15.2,0.510488636,2005,1,16
459,ABC-05,473,13,16.2,0.791314286,2005,1,16
460,ABC-05,474,10.5,13,0.7,2005,1,16
461,ABC-05,475,17,8.3,0.727,2005,1,16
462,ABC-05,476,12.2,14.3,0.96,2005,1,16
463,ABC-05,477,25.8,20.1,0.585428571,2005,1,16
464,ABC-05,480,13.1,14.2,0.511153846,2005,1,16
465,ABC-05,481,NA,NA,0.629,2005,1,16
466,ABC-05,481.1,10.4,11.2,0.558533955,2005,1,16
467,ABC-05,482,16.5,13.9,0.571,2005,1,16
468,ABC-05,483,37.4,25.1,0.425,2005,1,16
469,ABC-05,485.1,11.7,14.8,0.564472119,2005,1,16
470,ABC-05,486,14.6,12.4,0.6405,2005,1,16
471,ABC-05,486.1,NA,NA,0.518670638,2005,1,16
472,ABC-05,488,13.8,12.3,0.633333333,2005,1,16
473,ABC-05,489,17.3,13.2,0.825,2005,1,16
474,ABC-05,490,15,17.6,0.637,2005,1,16
475,ABC-05,491,36.7,19.9,0.622769231,2005,1,16
476,ABC-05,492,118.5,14.1,0.37,2005,1,16
477,ABC-05,493,17.2,NA,0.589066667,2005,1,16
478,ABC-05,493.1,10.7,8.3,0.557333333,2005,1,16
479,ABC-05,494,48.4,23.1,0.571,2005,1,16
480,ABC-05,495,41.8,22.3,0.786714286,2005,1,16
481,ABC-05,496,17.2,15.1,0.8164,2005,1,16
482,ABC-05,497,32.3,15.5,0.657272727,2005,1,16
483,ABC-05,498,16.8,12.9,0.436,2005,1,16
484,ABC-05,499,15.8,15.2,0.629,2005,1,16
485,ABC-05,500,19,12.3,0.618444444,2005,1,16
486,ABC-05,501,23.4,14.3,0.637,2005,1,16
487,ABC-05,502,11.5,10.7,0.629,2005,1,16
488,ABC-05,505,13.9,11.2,0.510488636,2005,1,16
489,ABC-05,507,26.5,22.1,0.267,2005,1,16
490,ABC-05,508,20.8,18.2,0.267,2005,1,16
491,ABC-05,509,12.8,13.6,0.42656962,2005,1,16
492,ABC-05,510,19.8,10.6,0.657272727,2005,1,16
493,ABC-05,512,14.3,13.2,0.436,2005,1,16
494,ABC-05,513,21.8,18.3,0.8164,2005,1,16
495,ABC-05,514,17,18.9,0.629,2005,1,16
496,ABC-05,515,23.7,19.1,0.267,2005,1,16
497,ABC-05,516,11.6,14.5,0.540586207,2005,1,16
498,ABC-05,517,31.1,23.4,0.589066667,2005,1,16
499,ABC-05,518,18.3,14.1,0.387666667,2005,1,16
500,ABC-05,519,10.6,12.2,0.579769231,2005,1,16
501,ABC-05,520,24.2,24.4,0.805,2005,1,16
502,ABC-05,520.1,9.7,6.2,0.52,2005,1,16
503,ABC-05,521,27.3,24,0.436,2005,1,16
504,ABC-05,521.1,11.4,12.5,0.511153846,2005,1,16
505,ABC-05,522,13.4,8.3,0.42,2005,1,16
506,ABC-05,523,21.4,18.2,0.267,2005,1,16
507,ABC-05,524,21.5,24,0.552857143,2005,1,16
508,ABC-05,525,12.7,11.6,0.77,2005,1,16
509,ABC-05,526,11.4,13.2,0.5785,2005,1,16
510,ABC-05,527,20.1,15,0.436,2005,1,16
511,ABC-05,528,12.3,13.2,0.436,2005,1,16
512,ABC-05,529,33.5,14.5,0.575268293,2005,1,16
513,ABC-05,530,12.1,9.5,0.6405,2005,1,16
514,ABC-05,531,17.1,14.9,0.3,2005,1,16
515,ABC-05,531.1,10.3,14.4,0.436,2005,1,16
516,ABC-05,532,24,16.2,0.48275,2005,1,16
517,ABC-05,533,18.1,14.6,0.895,2005,1,16
518,ABC-05,534,15,20,0.540586207,2005,1,16
519,ABC-05,535,24.7,21.9,0.66025,2005,1,16
520,ABC-05,536,17.7,12.2,0.6556,2005,1,16
521,ABC-05,544,19.5,16.7,0.825,2005,1,16
522,ABC-05,544.1,10.2,7.8,0.713,2005,1,16
523,ABC-05,545,13.5,11.1,0.622122807,2005,1,16
524,ABC-05,546,26.5,13.9,0.622122807,2005,1,16
525,ABC-05,547,20.6,12.2,0.52239801,2005,1,16
526,ABC-05,549,11.7,13.5,0.758333333,2005,1,16
527,ABC-05,550,54.7,26,0.69,2005,1,16
528,ABC-05,550.1,10.3,7.1,0.51772,2005,1,16
529,ABC-05,551,9.2,7.6,NA,2005,1,16
530,ABC-05,552,10.3,7.2,0.42,2005,1,16
531,ABC-05,554,45.2,24.1,0.6556,2005,1,16
532,ABC-05,555,112.4,43.3,0.5038,2005,1,16
533,ABC-05,557,10.8,4.8,0.47,2005,1,16
534,ABC-05,558,13.2,3.9,0.694704545,2005,1,16
535,ABC-05,559,21.5,14.2,0.37,2005,1,16
536,ABC-05,560,37.4,19.2,0.8164,2005,1,16
537,ABC-05,560.1,10.1,10.3,0.510488636,2005,1,16
538,ABC-05,564,21.5,20.5,0.267,2005,1,16
539,ABC-05,565,24.3,17.6,0.825,2005,1,16
540,ABC-05,566,54.9,23.2,0.479,2005,1,16
541,ABC-05,568,18,18,0.597423077,2005,1,16
542,ABC-05,569,11.1,2,0.665902439,2005,1,16
543,ABC-05,570,39.8,25,0.678144059,2005,1,16
544,ABC-05,570.1,12.6,13.9,0.629,2005,1,16
545,ABC-05,570.2,12.6,14.6,0.387666667,2005,1,16
546,ABC-05,570.2,13,14.6,0.387666667,2005,1,16
547,ABC-05,571,17.8,12.1,0.628,2005,1,16
548,ABC-05,572.1,16.2,19.7,0.825,2005,1,16
549,ABC-05,572.2,10.4,13,0.825,2005,1,16
550,ABC-05,575.1,11.4,17.2,0.790333333,2005,1,16
551,ABC-05,578,28.5,20.6,0.42,2005,1,16
552,ABC-05,579,13.2,12.5,0.625,2005,1,16
553,ABC-05,579.1,NA,20.2,NA,2005,1,16
554,ABC-05,580.1,10.9,7.9,0.51772,2005,1,16
555,ABC-05,581,51.5,32,0.637,2005,1,16
556,ABC-05,582,29.6,14.3,0.622122807,2005,1,16
557,ABC-05,583,15,14.5,0.436,2005,1,16
558,ABC-05,583.1,12.8,13.6,0.61,2005,1,16
559,ABC-05,583.2,NA,NA,NA,2005,1,16
560,ABC-05,584,42,26.3,0.52261165,2005,1,16
561,ABC-05,585,23.4,21.2,0.589066667,2005,1,16
562,ABC-05,586,19,16,0.589066667,2005,1,16
563,ABC-05,587,15.2,14.8,0.54325,2005,1,16
564,ABC-05,3,21.6,16,0.69625,2006,1,16
565,ABC-05,4,14.1,24,0.896384615,2006,1,16
566,ABC-05,5,12.6,21,0.896384615,2006,1,16
567,ABC-05,6,16.1,13.6,0.727,2006,1,16
568,ABC-05,7,18,20.3,0.38,2006,1,16
569,ABC-05,8,16.7,22,0.266,2006,1,16
570,ABC-05,9,22.7,14.9,0.6995,2006,1,16
571,ABC-05,11,26.3,13.5,0.625,2006,1,16
572,ABC-05,12,11.5,12.9,0.633333333,2006,1,16
573,ABC-05,12.1,15.7,16,0.37,2006,1,16
574,ABC-05,13,15.2,16.3,0.629,2006,1,16
575,ABC-05,13.1,19.1,18.3,0.37,2006,1,16
576,ABC-05,15,25.8,23.5,0.6,2006,1,16
577,ABC-05,16,22.3,16.1,0.657272727,2006,1,16
578,ABC-05,17,12.2,12.8,0.6405,2006,1,16
579,ABC-05,19,13.1,15.1,0.57,2006,1,16
580,ABC-05,20,41.1,32,0.637,2006,1,16
581,ABC-05,21,21.4,28.1,0.37,2006,1,16
582,ABC-05,23,16.7,11,0.37,2006,1,16
583,ABC-05,25,20.7,12,0.8164,2006,1,16
584,ABC-05,26,30.1,31,0.37,2006,1,16
585,ABC-05,27,18,14.4,0.727,2006,1,16
586,ABC-05,28,10.5,27.7,0.61,2006,1,16
587,ABC-05,28.1,10,8.7,0.51772,2006,1,16
588,ABC-05,29,12.4,16,0.727,2006,1,16
589,ABC-05,31,15.4,19,0.618444444,2006,1,16
590,ABC-05,32,13.2,15.6,0.615,2006,1,16
591,ABC-05,33,11.8,11.9,0.6405,2006,1,16
592,ABC-05,34,14.7,17,0.727,2006,1,16
593,ABC-05,35,28.9,19,0.614666667,2006,1,16
594,ABC-05,36,13.1,9.7,0.717333333,2006,1,16
595,ABC-05,36.1,NA,NA,0.436,2006,1,16
596,ABC-05,37,42.7,40,0.8164,2006,1,16
597,ABC-05,40,16.8,9.8,0.8164,2006,1,16
598,ABC-05,43,71.3,37,0.7685,2006,1,16
599,ABC-05,43.1,11.8,10.2,0.53,2006,1,16
600,ABC-05,45,48.9,33,0.825142857,2006,1,16
601,ABC-05,45.1,10.8,11.4,0.808782609,2006,1,16
602,ABC-05,46,16.3,16,0.618444444,2006,1,16
603,ABC-05,47,24.6,6.5,0.6,2006,1,16
604,ABC-05,48,15.9,14.9,0.633333333,2006,1,16
605,ABC-05,51,40.4,23,0.637,2006,1,16
606,ABC-05,53,13.1,11.8,0.754235294,2006,1,16
607,ABC-05,55,40,10.1,0.614666667,2006,1,16
608,ABC-05,56,15.7,15,0.717333333,2006,1,16
609,ABC-05,59,18.8,9.1,0.727,2006,1,16
610,ABC-05,60,18.1,17.2,0.510488636,2006,1,16
611,ABC-05,61,79.3,38.9,0.8774,2006,1,16
612,ABC-05,62,11.7,16,0.510488636,2006,1,16
613,ABC-05,62.1,10.3,5.7,0.809857143,2006,1,16
614,ABC-05,63,13.9,6.7,0.625,2006,1,16
615,ABC-05,64,14.7,17,0.56,2006,1,16
616,ABC-05,66,17.9,12,0.753,2006,1,16
617,ABC-05,66.1,10.7,8.9,0.6,2006,1,16
618,ABC-05,68,18.3,20,0.615,2006,1,16
619,ABC-05,69,39.4,17,0.52261165,2006,1,16
620,ABC-05,69.1,10.9,6.5,0.53,2006,1,16
621,ABC-05,69.2,NA,14.9,0.825,2006,1,16
622,ABC-05,70,24.4,22,0.37,2006,1,16
623,ABC-05,71,24.2,13.3,0.825,2006,1,16
624,ABC-05,71.1,11.2,9.1,0.633333333,2006,1,16
625,ABC-05,72,22.3,22.7,0.828119403,2006,1,16
626,ABC-05,74,53.4,31.5,0.618444444,2006,1,16
627,ABC-05,75,10.6,11.2,0.510488636,2006,1,16
628,ABC-05,76,14.8,18.1,0.6995,2006,1,16
629,ABC-05,77,24.4,22,0.825142857,2006,1,16
630,ABC-05,78,16.9,9.5,0.811142857,2006,1,16
631,ABC-05,79,20.8,10.2,0.6995,2006,1,16
632,ABC-05,80,14.2,11.7,0.8705,2006,1,16
633,ABC-05,81,27.4,19,0.8705,2006,1,16
634,ABC-05,83,30.2,22.4,0.852083333,2006,1,16
635,ABC-05,83.1,11.5,14.6,0.61,2006,1,16
636,ABC-05,85,10.6,4.5,0.571,2006,1,16
637,ABC-05,86,NA,21.6,0.436,2006,1,16
638,ABC-05,88,10.4,12.9,0.727,2006,1,16
639,ABC-05,88.1,11.9,11.8,0.37,2006,1,16
640,ABC-05,89,11.9,12.7,0.8705,2006,1,16
641,ABC-05,90,39.4,18.2,0.77675,2006,1,16
642,ABC-05,90.1,10.2,9.2,0.492,2006,1,16
643,ABC-05,91,10.7,7.3,0.707857143,2006,1,16
644,ABC-05,92,32.5,32,0.266,2006,1,16
645,ABC-05,96,NA,NA,0.622769231,2006,1,16
646,ABC-05,96.1,12.5,18.7,0.8705,2006,1,16
647,ABC-05,96.2,17.4,14.2,0.436,2006,1,16
648,ABC-05,97,10.7,9.1,0.622122807,2006,1,16
649,ABC-05,98,15.5,10.5,0.825142857,2006,1,16
650,ABC-05,99,25,20.2,0.37,2006,1,16
651,ABC-05,100,37,20.6,0.589066667,2006,1,16
652,ABC-05,100.1,12.4,12.4,0.8164,2006,1,16
653,ABC-05,101,24.2,18,0.558533955,2006,1,16
654,ABC-05,102,12.9,16.2,0.8164,2006,1,16
655,ABC-05,103,47.3,32,0.42656962,2006,1,16
656,ABC-05,104,21.7,17.6,0.436,2006,1,16
657,ABC-05,105,21.2,23.3,0.414333333,2006,1,16
658,ABC-05,105.1,NA,NA,0.660158304,2006,1,16
659,ABC-05,106,31.7,13.5,0.678144059,2006,1,16
660,ABC-05,107,19.2,10.8,0.727,2006,1,16
661,ABC-05,108,12.1,8.9,0.61,2006,1,16
662,ABC-05,109,22.3,30,0.267,2006,1,16
663,ABC-05,110,69.4,20,0.412789474,2006,1,16
664,ABC-05,111,27.4,23.2,0.66025,2006,1,16
665,ABC-05,112,14.1,11.3,0.633333333,2006,1,16
666,ABC-05,113,15.6,14.1,0.436,2006,1,16
667,ABC-05,114,12.9,13.9,0.825,2006,1,16
668,ABC-05,116,12.3,20.4,0.558533955,2006,1,16
669,ABC-05,117,22.3,21.9,0.436,2006,1,16
670,ABC-05,119,11,3.4,0.629888889,2006,1,16
671,ABC-05,119.1,11.15,14.2,0.622769231,2006,1,16
672,ABC-05,120,18.9,12,0.629,2006,1,16
673,ABC-05,121,23.7,14.5,0.457,2006,1,16
674,ABC-05,122,79.1,24.8,0.540586207,2006,1,16
675,ABC-05,123,31.65,14,0.436,2006,1,16
676,ABC-05,124,24.6,17.1,0.436,2006,1,16
677,ABC-05,124.1,12,9.4,0.38,2006,1,16
678,ABC-05,125,17.8,12.4,0.571,2006,1,16
679,ABC-05,126,10.6,12.2,0.6405,2006,1,16
680,ABC-05,127,23.1,16.6,0.38,2006,1,16
681,ABC-05,128,17.3,16.4,0.387666667,2006,1,16
682,ABC-05,131,11.8,5.1,0.54325,2006,1,16
683,ABC-05,132,11.6,7.3,0.615,2006,1,16
684,ABC-05,133,22.5,15.6,0.828119403,2006,1,16
685,ABC-05,134,16,4,0.615,2006,1,16
686,ABC-05,135,16.6,12.3,0.6,2006,1,16
687,ABC-05,136,11.55,13,0.719166667,2006,1,16
688,ABC-05,136.1,10.4,11.3,0.70209062,2006,1,16
689,ABC-05,137,15.6,12.7,0.633333333,2006,1,16
690,ABC-05,138,34.2,23,0.571,2006,1,16
691,ABC-05,139,17.3,12.1,0.57,2006,1,16
692,ABC-05,139.1,13.6,11.4,0.436,2006,1,16
693,ABC-05,139.2,10.3,11.3,0.436,2006,1,16
694,ABC-05,140,18.15,15.6,0.808782609,2006,1,16
695,ABC-05,141,15.9,14.5,0.63626178,2006,1,16
696,ABC-05,142,17.4,15.2,0.589066667,2006,1,16
697,ABC-05,143,15.2,10.7,0.6,2006,1,16
698,ABC-05,144,15.8,8.4,0.6,2006,1,16
699,ABC-05,145,18.9,21.2,0.825,2006,1,16
700,ABC-05,146,26.6,20,0.6556,2006,1,16
701,ABC-05,147,24.2,13.7,0.849888889,2006,1,16
702,ABC-05,147.1,11.2,20,0.436,2006,1,16
703,ABC-05,148,13.6,14,0.727,2006,1,16
704,ABC-05,149,24.8,18.9,0.8705,2006,1,16
705,ABC-05,150,33.85,21.4,0.786714286,2006,1,16
706,ABC-05,151,18.3,12.5,0.727,2006,1,16
707,ABC-05,151.1,14.9,10.8,0.38,2006,1,16
708,ABC-05,152,14.7,11.9,0.47,2006,1,16
709,ABC-05,153,11.5,13.7,0.825,2006,1,16
710,ABC-05,154,15.1,15.4,0.825,2006,1,16
711,ABC-05,155,13.4,16.4,0.387666667,2006,1,16
712,ABC-05,156,31.5,17,0.727,2006,1,16
713,ABC-05,156.1,10.2,12.3,0.51772,2006,1,16
714,ABC-05,156.2,NA,NA,0.444604162,2006,1,16
715,ABC-05,157,12.7,12.2,0.42,2006,1,16
716,ABC-05,157.1,11.5,12.4,0.629,2006,1,16
717,ABC-05,160,24,15.2,0.8435,2006,1,16
718,ABC-05,162,12.6,14.1,0.727,2006,1,16
719,ABC-05,162.1,15.5,13.9,0.466625,2006,1,16
720,ABC-05,162.2,10.3,11.9,0.633333333,2006,1,16
721,ABC-05,162.3,14.8,13.4,0.633333333,2006,1,16
722,ABC-05,163,10.3,8.4,0.6405,2006,1,16
723,ABC-05,163.1,10.3,12.9,0.53,2006,1,16
724,ABC-05,164,17.4,12.1,0.717333333,2006,1,16
725,ABC-05,165,26.6,15.9,0.436,2006,1,16
726,ABC-05,168,12.9,9.7,0.75,2006,1,16
727,ABC-05,169,65.4,36.5,0.69,2006,1,16
728,ABC-05,170,21.8,15.3,0.727,2006,1,16
729,ABC-05,172,10.1,7.6,0.6405,2006,1,16
730,ABC-05,172.2,10.3,10,0.629888889,2006,1,16
731,ABC-05,172.3,10.9,11.2,0.444604162,2006,1,16
732,ABC-05,173,17.9,12.5,0.37,2006,1,16
733,ABC-05,173.1,14,12.6,0.436,2006,1,16
734,ABC-05,174,31.9,20.5,0.54,2006,1,16
735,ABC-05,175,11,6,0.622769231,2006,1,16
736,ABC-05,176,58.4,27.3,0.585428571,2006,1,16
737,ABC-05,177,15.3,12.7,0.56,2006,1,16
738,ABC-05,178,22.1,13,0.6,2006,1,16
739,ABC-05,179,13.5,6.2,0.725,2006,1,16
740,ABC-05,180,15.7,10,0.8164,2006,1,16
741,ABC-05,180.1,13.4,14.5,0.436,2006,1,16
742,ABC-05,181,12.9,12,0.63,2006,1,16
743,ABC-05,182,33.9,21.2,0.629,2006,1,16
744,ABC-05,182.1,10.2,9.8,0.63626178,2006,1,16
745,ABC-05,183,22.5,11,0.436,2006,1,16
746,ABC-05,183.1,NA,12.3,0.56,2006,1,16
747,ABC-05,184,22.2,14.8,0.571,2006,1,16
748,ABC-05,184.1,17.3,6.4,0.38625,2006,1,16
749,ABC-05,184.2,NA,8.2,NA,2006,1,16
750,ABC-05,186,18.7,15.1,0.589066667,2006,1,16
751,ABC-05,188,17.85,14.1,0.59,2006,1,16
752,ABC-05,188.1,13,9.6,0.387666667,2006,1,16
753,ABC-05,189,12.1,3.8,0.8164,2006,1,16
754,ABC-05,191,18.6,13.4,0.727,2006,1,16
755,ABC-05,191.1,10.3,16.2,0.353578132,2006,1,16
756,ABC-05,192,23.8,21.8,0.52239801,2006,1,16
757,ABC-05,193,13.1,20.3,0.69625,2006,1,16
758,ABC-05,194,12,16.1,0.558533955,2006,1,16
759,ABC-05,195,21.05,20,0.808782609,2006,1,16
760,ABC-05,196,11.3,7.5,0.56,2006,1,16
761,ABC-05,197,NA,NA,0.570966942,2006,1,16
762,ABC-05,198,13.5,10.3,0.75,2006,1,16
763,ABC-05,199,86.2,18.1,0.5635,2006,1,16
764,ABC-05,201,13.8,9,0.56,2006,1,16
765,ABC-05,202,30.2,17.4,0.625,2006,1,16
766,ABC-05,203,34.4,14.6,0.6556,2006,1,16
767,ABC-05,204,12.8,7.9,0.717333333,2006,1,16
768,ABC-05,205,20.45,12,0.633333333,2006,1,16
769,ABC-05,206,13.2,19.9,0.52261165,2006,1,16
770,ABC-05,207,12.6,9.7,0.8705,2006,1,16
771,ABC-05,208,28.7,17.3,0.629,2006,1,16
772,ABC-05,209,20.2,7.5,0.625,2006,1,16
773,ABC-05,210,83.9,28,0.350666667,2006,1,16
774,ABC-05,211,13.4,5.9,0.56,2006,1,16
775,ABC-05,212,32.5,23.7,0.678144059,2006,1,16
776,ABC-05,213,NA,NA,0.579769231,2006,1,16
777,ABC-05,214,11.2,10.6,0.717333333,2006,1,16
778,ABC-05,215,19.4,17,0.436,2006,1,16
779,ABC-05,216.1,10.55,15.3,0.615,2006,1,16
780,ABC-05,217,25.4,19.2,0.571,2006,1,16
781,ABC-05,218,20.3,17.8,0.49,2006,1,16
782,ABC-05,219,13.5,10.6,0.75,2006,1,16
783,ABC-05,220,15.4,11.9,0.825,2006,1,16
784,ABC-05,222,18.1,12.4,0.625,2006,1,16
785,ABC-05,223,23.6,20,0.52261165,2006,1,16
786,ABC-05,224,18.7,18.1,0.629,2006,1,16
787,ABC-05,226,12.9,13.3,0.754235294,2006,1,16
788,ABC-05,227,38.1,15.2,0.629,2006,1,16
789,ABC-05,228,19,14.4,0.62,2006,1,16
790,ABC-05,229,21.8,11.6,0.75,2006,1,16
791,ABC-05,230,18.45,13.1,0.62,2006,1,16
792,ABC-05,231,11.4,13.3,0.69625,2006,1,16
793,ABC-05,232,22.8,20.3,0.77675,2006,1,16
794,ABC-05,232.1,10.3,9.1,0.548492754,2006,1,16
795,ABC-05,232.2,11.7,12.3,0.614666667,2006,1,16
796,ABC-05,233,35.9,27.2,0.38,2006,1,16
797,ABC-05,235,25.8,17.4,0.436,2006,1,16
798,ABC-05,237,23,12.7,0.717333333,2006,1,16
799,ABC-05,238,16.3,19.9,0.42656962,2006,1,16
800,ABC-05,239,NA,NA,0.436,2006,1,16
801,ABC-05,240,13.1,15.2,0.615,2006,1,16
802,ABC-05,241,11.5,11.3,0.782736842,2006,1,16
803,ABC-05,242,17.5,13.7,0.614666667,2006,1,16
804,ABC-05,243,13.55,11,0.5635,2006,1,16
805,ABC-05,244,18.6,15.6,0.825,2006,1,16
806,ABC-05,245,13.7,13.6,0.8164,2006,1,16
807,ABC-05,247,13.8,22.8,0.637,2006,1,16
808,ABC-05,248,17.35,17,0.436,2006,1,16
809,ABC-05,249,29.6,20,0.727,2006,1,16
810,ABC-05,250,28.8,17.4,0.852083333,2006,1,16
811,ABC-05,250.1,12.6,12.1,0.42,2006,1,16
812,ABC-05,252,18.7,12.4,0.575268293,2006,1,16
813,ABC-05,252.1,11.5,9.7,0.56,2006,1,16
814,ABC-05,252.2,12.5,7.1,0.63,2006,1,16
815,ABC-05,253,13.8,12.2,0.625,2006,1,16
816,ABC-05,255,19.9,23.9,0.622122807,2006,1,16
817,ABC-05,256,13.1,11,0.615,2006,1,16
818,ABC-05,258,27.95,15.9,0.657272727,2006,1,16
819,ABC-05,259,31.6,20.1,0.598571429,2006,1,16
820,ABC-05,261,10.55,7.2,0.52261165,2006,1,16
821,ABC-05,262,16.5,11.8,0.511153846,2006,1,16
822,ABC-05,263,20.2,11.7,0.625,2006,1,16
823,ABC-05,263.1,10.7,10.4,0.836190476,2006,1,16
824,ABC-05,263.2,9.4,9.8,0.63697784,2006,1,16
825,ABC-05,264,35.7,19.3,0.436,2006,1,16
826,ABC-05,266,12.9,13.7,0.852083333,2006,1,16
827,ABC-05,268,10.7,5.9,0.49,2006,1,16
828,ABC-05,269,50.7,28.3,0.38,2006,1,16
829,ABC-05,270,19.6,15.5,0.811142857,2006,1,16
830,ABC-05,271,13,12.5,0.8705,2006,1,16
831,ABC-05,272,13.7,15.8,0.8705,2006,1,16
832,ABC-05,273,10.4,8.1,0.618444444,2006,1,16
833,ABC-05,274,18.6,14.4,0.633333333,2006,1,16
834,ABC-05,275,39.5,28,0.657272727,2006,1,16
835,ABC-05,276,41.1,24.3,0.52261165,2006,1,16
836,ABC-05,277,10.2,6.8,0.571,2006,1,16
837,ABC-05,278,12.7,19.2,0.8164,2006,1,16
838,ABC-05,279,21.3,15.7,0.571,2006,1,16
839,ABC-05,279.1,11,12.3,0.436,2006,1,16
840,ABC-05,280,20.1,13.2,0.75,2006,1,16
841,ABC-05,281,22.85,17.9,0.657272727,2006,1,16
842,ABC-05,282,65.9,27.3,0.698916667,2006,1,16
843,ABC-05,283,19.2,14.1,0.625,2006,1,16
844,ABC-05,284,24.95,16.4,0.38,2006,1,16
845,ABC-05,285,52.25,22.4,0.736666667,2006,1,16
846,ABC-05,286,NA,NA,0.713,2006,1,16
847,ABC-05,287,11.6,9.9,0.57,2006,1,16
848,ABC-05,287.1,14.2,13.8,0.436,2006,1,16
849,ABC-05,288,11.4,NA,0.56,2006,1,16
850,ABC-05,289,13.7,4.8,0.691083333,2006,1,16
851,ABC-05,290,63.8,13.4,0.350666667,2006,1,16
852,ABC-05,290.1,NA,NA,0.6815,2006,1,16
853,ABC-05,291,12.45,22.6,0.637,2006,1,16
854,ABC-05,292,23,9.7,0.436,2006,1,16
855,ABC-05,293,51.15,16,0.3604,2006,1,16
856,ABC-05,294,23.7,25.7,0.629,2006,1,16
857,ABC-05,295,25.4,22.2,0.629,2006,1,16
858,ABC-05,296,13.3,23.9,0.629,2006,1,16
859,ABC-05,297,41.4,14.6,0.622122807,2006,1,16
860,ABC-05,297.1,10.2,7.7,0.510488636,2006,1,16
861,ABC-05,298,27.2,20.7,0.659,2006,1,16
862,ABC-05,298.1,14.2,12.2,0.466625,2006,1,16
863,ABC-05,299,21.5,17.9,0.629888889,2006,1,16
864,ABC-05,300,43,29.3,0.629,2006,1,16
865,ABC-05,300.1,10.9,7.1,0.633333333,2006,1,16
866,ABC-05,302,15,9.6,0.727,2006,1,16
867,ABC-05,304,16.65,20.5,0.647875,2006,1,16
868,ABC-05,306,52.1,24.6,0.589066667,2006,1,16
869,ABC-05,307,51.2,15.4,0.52261165,2006,1,16
870,ABC-05,308,20.7,22.2,0.825,2006,1,16
871,ABC-05,308.1,10.7,14.1,0.436,2006,1,16
872,ABC-05,309,15.6,14,0.66025,2006,1,16
873,ABC-05,310,23.85,22,0.510488636,2006,1,16
874,ABC-05,311,13.5,18.3,0.852083333,2006,1,16
875,ABC-05,312,30.4,16.6,0.618444444,2006,1,16
876,ABC-05,313,15.8,20.2,0.633333333,2006,1,16
877,ABC-05,314,11.45,16.3,0.56,2006,1,16
878,ABC-05,315,25.4,9,0.66025,2006,1,16
879,ABC-05,315.1,10.15,18.2,0.633264495,2006,1,16
880,ABC-05,316,13.7,8.7,0.436,2006,1,16
881,ABC-05,318,10.5,5.2,0.6,2006,1,16
882,ABC-05,319,56,14.6,0.3,2006,1,16
883,ABC-05,321,16.1,12.7,0.895,2006,1,16
884,ABC-05,322,20.7,18.1,0.615,2006,1,16
885,ABC-05,322.1,13.15,10.2,0.615,2006,1,16
886,ABC-05,323,22.5,14.6,0.54325,2006,1,16
887,ABC-05,324,12,2.7,0.88,2006,1,16
888,ABC-05,326,21.7,10.9,0.6,2006,1,16
889,ABC-05,327,15.5,13.7,0.436,2006,1,16
890,ABC-05,328,33.8,18.6,0.629,2006,1,16
891,ABC-05,329,23,7.4,0.952428571,2006,1,16
892,ABC-05,330,23,11.2,0.436,2006,1,16
893,ABC-05,331,37.3,14.6,0.5635,2006,1,16
894,ABC-05,332,27.55,19.9,0.436,2006,1,16
895,ABC-05,333,10.8,12,0.42,2006,1,16
896,ABC-05,334,16.3,13.7,0.571,2006,1,16
897,ABC-05,335,15.7,20.9,0.387666667,2006,1,16
898,ABC-05,336,25.3,11.1,0.6815,2006,1,16
899,ABC-05,336.1,11.1,14.6,0.37,2006,1,16
900,ABC-05,337,99.9,33.8,0.5038,2006,1,16
901,ABC-05,338,34.7,18,0.42,2006,1,16
902,ABC-05,339,24,17.2,0.629,2006,1,16
903,ABC-05,340,NA,NA,0.633333333,2006,1,16
904,ABC-05,341,12.2,16.2,0.38,2006,1,16
905,ABC-05,341.1,11.6,15.7,0.678144059,2006,1,16
906,ABC-05,342,27,24.5,0.37,2006,1,16
907,ABC-05,343,20.8,15.8,0.52261165,2006,1,16
908,ABC-05,345,10.8,4.5,0.597423077,2006,1,16
909,ABC-05,346,16.6,16.3,0.645,2006,1,16
910,ABC-05,347,25.6,16,0.66025,2006,1,16
911,ABC-05,348,17.6,10.9,0.825,2006,1,16
912,ABC-05,349,19.3,11.5,0.571,2006,1,16
913,ABC-05,350,13.8,11,0.825,2006,1,16
914,ABC-05,351,36.2,28.9,0.942333333,2006,1,16
915,ABC-05,352,31.15,25.8,0.8,2006,1,16
916,ABC-05,353,12.6,8,0.633333333,2006,1,16
917,ABC-05,354,9.5,12.3,0.713,2006,1,16
918,ABC-05,355,12.2,12,0.8164,2006,1,16
919,ABC-05,356,13.3,11.9,0.562571429,2006,1,16
920,ABC-05,356.1,9.8,8.7,0.571,2006,1,16
921,ABC-05,357,12.9,3.7,0.7115,2006,1,16
922,ABC-05,358,31.65,20.2,0.436,2006,1,16
923,ABC-05,358.1,14.1,13.6,0.387666667,2006,1,16
924,ABC-05,359,10.5,13.6,0.727,2006,1,16
925,ABC-05,360,78.7,32,0.638,2006,1,16
926,ABC-05,361,19.35,19.3,0.436,2006,1,16
927,ABC-05,362,22.7,22.2,0.8705,2006,1,16
928,ABC-05,363,10.9,5.5,0.633333333,2006,1,16
929,ABC-05,364,19.75,24,0.629,2006,1,16
930,ABC-05,365,23.2,17.9,0.8705,2006,1,16
931,ABC-05,366,22.4,19.8,0.637,2006,1,16
932,ABC-05,368,25.5,17,0.6,2006,1,16
933,ABC-05,369,NA,6.9,0.5,2006,1,16
934,ABC-05,370,25.8,14,0.436,2006,1,16
935,ABC-05,372.1,11.1,21.1,0.678144059,2006,1,16
936,ABC-05,373,14.6,15,0.37,2006,1,16
937,ABC-05,374,22.5,16.5,0.37,2006,1,16
938,ABC-05,376,13.05,8.8,0.57,2006,1,16
939,ABC-05,377,15,NA,0.38,2006,1,16
940,ABC-05,380,22.2,18.2,0.571,2006,1,16
941,ABC-05,381,18.6,17.5,0.267,2006,1,16
942,ABC-05,382,10.65,10.5,0.713,2006,1,16
943,ABC-05,383,18.1,14,0.445375,2006,1,16
944,ABC-05,384,13.1,14.4,0.629,2006,1,16
945,ABC-05,385,47.1,19.9,0.436,2006,1,16
946,ABC-05,386,15.2,12,0.37,2006,1,16
947,ABC-05,387,10.4,10.2,0.747794521,2006,1,16
948,ABC-05,388,47.8,21.3,0.606714286,2006,1,16
949,ABC-05,389,11.84,10.3,0.691083333,2006,1,16
950,ABC-05,390,16.6,14.3,0.52261165,2006,1,16
951,ABC-05,390.1,9.2,11.5,0.799216,2006,1,16
952,ABC-05,392,12,10.9,0.622769231,2006,1,16
953,ABC-05,393,14,8.4,0.571,2006,1,16
954,ABC-05,395,16.85,18.6,0.425,2006,1,16
955,ABC-05,397,14.35,15.4,0.852083333,2006,1,16
956,ABC-05,398,24.4,24.3,0.825,2006,1,16
957,ABC-05,399,17,16.7,0.629,2006,1,16
958,ABC-05,401,37.7,30.8,0.88,2006,1,16
959,ABC-05,401.1,10.5,14.8,0.53,2006,1,16
960,ABC-05,403,10,9.4,0.61944,2006,1,16
961,ABC-05,404,21.1,15.3,0.9385,2006,1,16
962,ABC-05,405,15,17.3,0.629,2006,1,16
963,ABC-05,406,16.8,15.2,0.637,2006,1,16
964,ABC-05,407,21.8,15,0.589066667,2006,1,16
965,ABC-05,408,43.1,20,0.8164,2006,1,16
966,ABC-05,409,14.6,15.4,0.8435,2006,1,16
967,ABC-05,410,31,22.9,0.657272727,2006,1,16
968,ABC-05,411,11.8,7.4,0.7325,2006,1,16
969,ABC-05,413,13.6,15.8,0.571,2006,1,16
970,ABC-05,414,22.1,17.4,0.436,2006,1,16
971,ABC-05,415,14.7,11.4,0.579769231,2006,1,16
972,ABC-05,415.1,11.5,10,0.436,2006,1,16
973,ABC-05,416,28.9,20.5,0.589066667,2006,1,16
974,ABC-05,416.1,12.4,12.9,0.61,2006,1,16
975,ABC-05,417,18.3,11.2,0.6815,2006,1,16
976,ABC-05,418,12.7,14.5,0.852083333,2006,1,16
977,ABC-05,419,15.1,15,0.579769231,2006,1,16
978,ABC-05,420,NA,NA,0.355666667,2006,1,16
979,ABC-05,424,27.5,17.8,0.436,2006,1,16
980,ABC-05,425,10.1,43.8,0.6405,2006,1,16
981,ABC-05,426,18.6,43.8,0.6,2006,1,16
982,ABC-05,427,14.3,7.9,0.57,2006,1,16
983,ABC-05,428,NA,9.3,0.23,2006,1,16
984,ABC-05,429,121.8,28.9,0.638,2006,1,16
985,ABC-05,431,56.3,24.2,0.698916667,2006,1,16
986,ABC-05,432,11.4,6.8,0.69625,2006,1,16
987,ABC-05,432.1,10.3,8.6,0.633333333,2006,1,16
988,ABC-05,434,14.5,13.3,0.622122807,2006,1,16
989,ABC-05,435,17.8,12.3,0.836190476,2006,1,16
990,ABC-05,436,18.5,16.3,0.436,2006,1,16
991,ABC-05,438,19.3,18.2,0.615,2006,1,16
992,ABC-05,440,19.3,18.4,0.56,2006,1,16
993,ABC-05,441,14.4,13.4,0.697182292,2006,1,16
994,ABC-05,442,47.3,16.3,0.592333333,2006,1,16
995,ABC-05,443,26.9,15.7,0.593959184,2006,1,16
996,ABC-05,444,25.1,12.2,0.436,2006,1,16
997,ABC-05,445,46.2,16,0.557333333,2006,1,16
998,ABC-05,445.1,14.1,12.7,0.8705,2006,1,16
999,ABC-05,446,27.6,14.2,0.445375,2006,1,16
1000,ABC-05,446.1,NA,NA,0.579385555,2006,1,16
1001,ABC-05,447,NA,4.9,0.808782609,2006,1,16
1002,ABC-05,448,19.3,5.9,0.52239801,2006,1,16
1003,ABC-05,448.1,NA,NA,0.444604162,2006,1,16
1004,ABC-05,449,24.3,14.4,0.717333333,2006,1,16
1005,ABC-05,452,17.6,9.2,0.782736842,2006,1,16
1006,ABC-05,453,15.3,11,0.69625,2006,1,16
1007,ABC-05,453.1,NA,NA,0.77,2006,1,16
1008,ABC-05,453.2,NA,NA,0.578435,2006,1,16
1009,ABC-05,454,36,16.7,0.37,2006,1,16
1010,ABC-05,454.1,NA,NA,0.444604162,2006,1,16
1011,ABC-05,456,16.7,12.5,0.808782609,2006,1,16
1012,ABC-05,459,18,9,0.579769231,2006,1,16
1013,ABC-05,460,16.9,11.3,0.616666667,2006,1,16
1014,ABC-05,462,22.6,16,0.37,2006,1,16
1015,ABC-05,463,17.9,12.6,0.52261165,2006,1,16
1016,ABC-05,465,30.3,22.6,0.657272727,2006,1,16
1017,ABC-05,467,14,19.3,0.697182292,2006,1,16
1018,ABC-05,468,21.8,10.6,0.618444444,2006,1,16
1019,ABC-05,469,15,13,0.625,2006,1,16
1020,ABC-05,471,12.7,11.2,0.6405,2006,1,16
1021,ABC-05,472,15,15.2,0.510488636,2006,1,16
1022,ABC-05,473,13.3,16.2,0.791314286,2006,1,16
1023,ABC-05,474,10.5,13,0.7,2006,1,16
1024,ABC-05,475,17,8.3,0.727,2006,1,16
1025,ABC-05,476,12.4,14.3,0.96,2006,1,16
1026,ABC-05,477,26,20.1,0.585428571,2006,1,16
1027,ABC-05,480,13.1,14.2,0.511153846,2006,1,16
1028,ABC-05,481,NA,NA,0.629,2006,1,16
1029,ABC-05,481.1,10.5,11.2,0.558533955,2006,1,16
1030,ABC-05,482,16.9,13.9,0.571,2006,1,16
1031,ABC-05,483,38,25.1,0.425,2006,1,16
1032,ABC-05,485.1,12.3,14.8,0.564472119,2006,1,16
1033,ABC-05,486,14.6,12.4,0.6405,2006,1,16
1034,ABC-05,486.1,NA,NA,0.518670638,2006,1,16
1035,ABC-05,488,13.9,12.3,0.633333333,2006,1,16
1036,ABC-05,489,17.5,13.2,0.825,2006,1,16
1037,ABC-05,490,15.4,17.6,0.637,2006,1,16
1038,ABC-05,491,37.7,19.9,0.622769231,2006,1,16
1039,ABC-05,492,118.5,14.1,0.37,2006,1,16
1040,ABC-05,493,NA,NA,0.589066667,2006,1,16
1041,ABC-05,493.1,10.9,8.3,0.557333333,2006,1,16
1042,ABC-05,494,49.1,23.1,0.571,2006,1,16
1043,ABC-05,495,42.1,22.3,0.786714286,2006,1,16
1044,ABC-05,496,17.5,15.1,0.8164,2006,1,16
1045,ABC-05,497,32.5,15.5,0.657272727,2006,1,16
1046,ABC-05,498,17,12.9,0.436,2006,1,16
1047,ABC-05,499,15.9,15.2,0.629,2006,1,16
1048,ABC-05,500,19,12.3,0.618444444,2006,1,16
1049,ABC-05,501,24.9,14.3,0.637,2006,1,16
1050,ABC-05,502,11.7,10.7,0.629,2006,1,16
1051,ABC-05,505,14.1,11.2,0.510488636,2006,1,16
1052,ABC-05,507,26.6,22.1,0.267,2006,1,16
1053,ABC-05,508,20.8,18.2,0.267,2006,1,16
1054,ABC-05,509,13.1,13.6,0.42656962,2006,1,16
1055,ABC-05,510,20.4,10.6,0.657272727,2006,1,16
1056,ABC-05,512,14.5,13.2,0.436,2006,1,16
1057,ABC-05,513,21.8,18.3,0.8164,2006,1,16
1058,ABC-05,514,17.3,18.9,0.629,2006,1,16
1059,ABC-05,515,24.05,19.1,0.267,2006,1,16
1060,ABC-05,516,11.6,14.5,0.540586207,2006,1,16
1061,ABC-05,517,32,23.4,0.589066667,2006,1,16
1062,ABC-05,518,18.3,14.1,0.387666667,2006,1,16
1063,ABC-05,519,10.6,12.2,0.579769231,2006,1,16
1064,ABC-05,520,24.5,24.4,0.805,2006,1,16
1065,ABC-05,520.1,9.8,6.2,0.52,2006,1,16
1066,ABC-05,521,28.1,24,0.436,2006,1,16
1067,ABC-05,521.1,11.4,12.5,0.511153846,2006,1,16
1068,ABC-05,522,NA,8.3,0.42,2006,1,16
1069,ABC-05,523,21.4,18.2,0.267,2006,1,16
1070,ABC-05,524,22.4,24,0.552857143,2006,1,16
1071,ABC-05,525,12.7,11.6,0.77,2006,1,16
1072,ABC-05,526,11.4,13.2,0.5785,2006,1,16
1073,ABC-05,527,20.4,15,0.436,2006,1,16
1074,ABC-05,528,12.3,13.2,0.436,2006,1,16
1075,ABC-05,529,33.6,14.5,0.575268293,2006,1,16
1076,ABC-05,530,12.1,9.5,0.6405,2006,1,16
1077,ABC-05,531,17.1,14.9,0.3,2006,1,16
1078,ABC-05,531.1,11,14.4,0.436,2006,1,16
1079,ABC-05,532,24.2,16.2,0.48275,2006,1,16
1080,ABC-05,533,18.1,14.6,0.895,2006,1,16
1081,ABC-05,534,15.3,20,0.540586207,2006,1,16
1082,ABC-05,535,25.1,21.9,0.66025,2006,1,16
1083,ABC-05,536,17.7,12.2,0.6556,2006,1,16
1084,ABC-05,544,20.5,16.7,0.825,2006,1,16
1085,ABC-05,544.1,10.3,7.8,0.713,2006,1,16
1086,ABC-05,545,13.7,11.1,0.622122807,2006,1,16
1087,ABC-05,546,26.9,13.9,0.622122807,2006,1,16
1088,ABC-05,547,20.9,12.2,0.52239801,2006,1,16
1089,ABC-05,549,11.8,13.5,0.758333333,2006,1,16
1090,ABC-05,550,55.1,26,0.69,2006,1,16
1091,ABC-05,550.1,10.5,7.1,0.51772,2006,1,16
1092,ABC-05,551,9.2,7.6,NA,2006,1,16
1093,ABC-05,552,10.3,7.2,0.42,2006,1,16
1094,ABC-05,554,45.2,24.1,0.6556,2006,1,16
1095,ABC-05,555,112.4,43.3,0.5038,2006,1,16
1096,ABC-05,557,10.8,4.8,0.47,2006,1,16
1097,ABC-05,558,13.2,3.9,0.694704545,2006,1,16
1098,ABC-05,559,22.1,14.2,0.37,2006,1,16
1099,ABC-05,560,37.6,19.2,0.8164,2006,1,16
1100,ABC-05,560.1,10.2,10.3,0.510488636,2006,1,16
1101,ABC-05,564,21.6,20.5,0.267,2006,1,16
1102,ABC-05,565,24.6,17.6,0.825,2006,1,16
1103,ABC-05,566,55.1,23.2,0.479,2006,1,16
1104,ABC-05,568,18.1,18,0.597423077,2006,1,16
1105,ABC-05,569,11.1,2,0.665902439,2006,1,16
1106,ABC-05,570,40.5,25,0.678144059,2006,1,16
1107,ABC-05,570.1,13,13.9,0.629,2006,1,16
1108,ABC-05,570.2,13.2,14.6,0.387666667,2006,1,16
1109,ABC-05,570.2,13,14.6,0.387666667,2006,1,16
1110,ABC-05,571,17.9,12.1,0.628,2006,1,16
1111,ABC-05,572.1,16.7,19.7,0.825,2006,1,16
1112,ABC-05,572.2,10.6,13,0.825,2006,1,16
1113,ABC-05,575.1,11.4,17.2,0.790333333,2006,1,16
1114,ABC-05,578,28.8,20.6,0.42,2006,1,16
1115,ABC-05,579,13.2,12.5,0.625,2006,1,16
1116,ABC-05,579.1,NA,20.2,NA,2006,1,16
1117,ABC-05,580.1,11.5,7.9,0.51772,2006,1,16
1118,ABC-05,581,51.5,32,0.637,2006,1,16
1119,ABC-05,582,29.7,14.3,0.622122807,2006,1,16
1120,ABC-05,583,15.9,14.5,0.436,2006,1,16
1121,ABC-05,583.1,14.2,13.6,0.61,2006,1,16
1122,ABC-05,583.2,NA,NA,NA,2006,1,16
1123,ABC-05,584,42.7,26.3,0.52261165,2006,1,16
1124,ABC-05,585,24,21.2,0.589066667,2006,1,16
1125,ABC-05,586,19.3,16,0.589066667,2006,1,16
1126,ABC-05,587,16,14.8,0.54325,2006,1,16
1127,ABC-05,3,21.6,16,0.69625,2008,8,25
1128,ABC-05,4,14.1,24,0.896384615,2008,8,25
1129,ABC-05,5,12.6,21,0.896384615,2008,8,25
1130,ABC-05,6,16.2,13.6,0.727,2008,8,25
1131,ABC-05,7,18.2,20.3,0.38,2008,8,25
1132,ABC-05,8,16.7,22,0.266,2008,8,25
1133,ABC-05,9,22.7,14.9,0.6995,2008,8,25
1134,ABC-05,11,26.3,13.5,0.625,2008,8,25
1135,ABC-05,12,11.5,12.9,0.633333333,2008,8,25
1136,ABC-05,12.1,16.2,16,0.37,2008,8,25
1137,ABC-05,13,15.6,16.3,0.629,2008,8,25
1138,ABC-05,13.1,20.1,18.3,0.37,2008,8,25
1139,ABC-05,15,25.8,23.5,0.6,2008,8,25
1140,ABC-05,16,22.3,16.1,0.657272727,2008,8,25
1141,ABC-05,17,12.3,12.8,0.6405,2008,8,25
1142,ABC-05,19,13.15,15.1,0.57,2008,8,25
1143,ABC-05,20,42.15,32,0.637,2008,8,25
1144,ABC-05,21,22,28.1,0.37,2008,8,25
1145,ABC-05,23,18.2,11,0.37,2008,8,25
1146,ABC-05,25,20.9,12,0.8164,2008,8,25
1147,ABC-05,26,30.3,31,0.37,2008,8,25
1148,ABC-05,27,18,14.4,0.727,2008,8,25
1149,ABC-05,28,10.5,27.7,0.61,2008,8,25
1150,ABC-05,28.1,10,8.7,0.51772,2008,8,25
1151,ABC-05,29,12.4,16,0.727,2008,8,25
1152,ABC-05,31,15.4,19,0.618444444,2008,8,25
1153,ABC-05,32,13.2,15.6,0.615,2008,8,25
1154,ABC-05,33,12.9,11.9,0.6405,2008,8,25
1155,ABC-05,34,14.7,17,0.727,2008,8,25
1156,ABC-05,35,28.9,19,0.614666667,2008,8,25
1157,ABC-05,36,13.2,9.7,0.717333333,2008,8,25
1158,ABC-05,36.1,NA,NA,0.436,2008,8,25
1159,ABC-05,37,42.7,40,0.8164,2008,8,25
1160,ABC-05,40,16.9,9.8,0.8164,2008,8,25
1161,ABC-05,43,78.4,37,0.7685,2008,8,25
1162,ABC-05,43.1,11.8,10.2,0.53,2008,8,25
1163,ABC-05,45,48.9,33,0.825142857,2008,8,25
1164,ABC-05,45.1,10.8,11.4,0.808782609,2008,8,25
1165,ABC-05,46,16.4,16,0.618444444,2008,8,25
1166,ABC-05,47,24.6,6.5,0.6,2008,8,25
1167,ABC-05,48,15.9,14.9,0.633333333,2008,8,25
1168,ABC-05,51,42.4,23,0.637,2008,8,25
1169,ABC-05,53,13.1,11.8,0.754235294,2008,8,25
1170,ABC-05,55,40,10.1,0.614666667,2008,8,25
1171,ABC-05,56,15.7,15,0.717333333,2008,8,25
1172,ABC-05,59,18.8,9.1,0.727,2008,8,25
1173,ABC-05,60,18.1,17.2,0.510488636,2008,8,25
1174,ABC-05,61,79.3,38.9,0.8774,2008,8,25
1175,ABC-05,62,11.7,16,0.510488636,2008,8,25
1176,ABC-05,62.1,10.3,5.7,0.809857143,2008,8,25
1177,ABC-05,63,13.9,6.7,0.625,2008,8,25
1178,ABC-05,64,14.7,17,0.56,2008,8,25
1179,ABC-05,66,17.9,12,0.753,2008,8,25
1180,ABC-05,66.1,10.7,8.9,0.6,2008,8,25
1181,ABC-05,68,18.4,20,0.615,2008,8,25
1182,ABC-05,69,39.8,17,0.52261165,2008,8,25
1183,ABC-05,69.1,11.2,6.5,0.53,2008,8,25
1184,ABC-05,69.2,NA,14.9,0.825,2008,8,25
1185,ABC-05,70,24.7,22,0.37,2008,8,25
1186,ABC-05,71,24.2,13.3,0.825,2008,8,25
1187,ABC-05,71.1,11.2,9.1,0.633333333,2008,8,25
1188,ABC-05,72,22.3,22.7,0.828119403,2008,8,25
1189,ABC-05,74,53.4,31.5,0.618444444,2008,8,25
1190,ABC-05,75,10.6,11.2,0.510488636,2008,8,25
1191,ABC-05,76,14.8,18.1,0.6995,2008,8,25
1192,ABC-05,77,24.5,22,0.825142857,2008,8,25
1193,ABC-05,78,16.9,9.5,0.811142857,2008,8,25
1194,ABC-05,79,20.8,10.2,0.6995,2008,8,25
1195,ABC-05,80,14.2,11.7,0.8705,2008,8,25
1196,ABC-05,81,27.5,19,0.8705,2008,8,25
1197,ABC-05,83,30.2,22.4,0.852083333,2008,8,25
1198,ABC-05,83.1,11.8,14.6,0.61,2008,8,25
1199,ABC-05,85,10.6,4.5,0.571,2008,8,25
1200,ABC-05,86,NA,21.6,0.436,2008,8,25
1201,ABC-05,88,10.4,12.9,0.727,2008,8,25
1202,ABC-05,88.1,11.9,11.8,0.37,2008,8,25
1203,ABC-05,89,11.9,12.7,0.8705,2008,8,25
1204,ABC-05,90,39.4,18.2,0.77675,2008,8,25
1205,ABC-05,90.1,10.2,9.2,0.492,2008,8,25
1206,ABC-05,91,10.7,7.3,0.707857143,2008,8,25
1207,ABC-05,92,32.5,32,0.266,2008,8,25
1208,ABC-05,96,NA,NA,0.622769231,2008,8,25
1209,ABC-05,96.1,12.9,18.7,0.8705,2008,8,25
1210,ABC-05,96.2,17.4,14.2,0.436,2008,8,25
1211,ABC-05,97,10.8,9.1,0.622122807,2008,8,25
1212,ABC-05,98,15.5,10.5,0.825142857,2008,8,25
1213,ABC-05,99,25.2,20.2,0.37,2008,8,25
1214,ABC-05,100,37.6,20.6,0.589066667,2008,8,25
1215,ABC-05,100.1,12.9,12.4,0.8164,2008,8,25
1216,ABC-05,101,NA,18,0.558533955,2008,8,25
1217,ABC-05,102,13.4,16.2,0.8164,2008,8,25
1218,ABC-05,103,47.3,32,0.42656962,2008,8,25
1219,ABC-05,104,22,17.6,0.436,2008,8,25
1220,ABC-05,105,21.6,23.3,0.414333333,2008,8,25
1221,ABC-05,105.1,NA,NA,0.660158304,2008,8,25
1222,ABC-05,106,31.7,13.5,0.678144059,2008,8,25
1223,ABC-05,107,19.3,10.8,0.727,2008,8,25
1224,ABC-05,108,12.1,8.9,0.61,2008,8,25
1225,ABC-05,109,22.3,30,0.267,2008,8,25
1226,ABC-05,110,69.5,20,0.412789474,2008,8,25
1227,ABC-05,111,27.4,23.2,0.66025,2008,8,25
1228,ABC-05,112,14.1,11.3,0.633333333,2008,8,25
1229,ABC-05,113,16.15,14.1,0.436,2008,8,25
1230,ABC-05,114,12.9,13.9,0.825,2008,8,25
1231,ABC-05,116,12.3,20.4,0.558533955,2008,8,25
1232,ABC-05,117,23.3,21.9,0.436,2008,8,25
1233,ABC-05,119,11,3.4,0.629888889,2008,8,25
1234,ABC-05,119.1,11.2,14.2,0.622769231,2008,8,25
1235,ABC-05,120,18.9,12,0.629,2008,8,25
1236,ABC-05,121,24.3,14.5,0.457,2008,8,25
1237,ABC-05,122,81.3,24.8,0.540586207,2008,8,25
1238,ABC-05,123,32.2,14,0.436,2008,8,25
1239,ABC-05,124,25.2,17.1,0.436,2008,8,25
1240,ABC-05,124.1,12,9.4,0.38,2008,8,25
1241,ABC-05,125,17.8,12.4,0.571,2008,8,25
1242,ABC-05,126,10.6,12.2,0.6405,2008,8,25
1243,ABC-05,127,23.7,16.6,0.38,2008,8,25
1244,ABC-05,128,17.3,16.4,0.387666667,2008,8,25
1245,ABC-05,131,11.8,5.1,0.54325,2008,8,25
1246,ABC-05,132,11.6,7.3,0.615,2008,8,25
1247,ABC-05,133,22.7,15.6,0.828119403,2008,8,25
1248,ABC-05,134,16,4,0.615,2008,8,25
1249,ABC-05,135,16.7,12.3,0.6,2008,8,25
1250,ABC-05,136,11.6,13,0.719166667,2008,8,25
1251,ABC-05,136.1,10.4,11.3,0.70209062,2008,8,25
1252,ABC-05,137,15.6,12.7,0.633333333,2008,8,25
1253,ABC-05,138,34.2,23,0.571,2008,8,25
1254,ABC-05,139,17.3,12.1,0.57,2008,8,25
1255,ABC-05,139.1,14,11.4,0.436,2008,8,25
1256,ABC-05,139.2,10.3,11.3,0.436,2008,8,25
1257,ABC-05,140,18.2,15.6,0.808782609,2008,8,25
1258,ABC-05,141,15.9,14.5,0.63626178,2008,8,25
1259,ABC-05,142,17.4,15.2,0.589066667,2008,8,25
1260,ABC-05,143,15.2,10.7,0.6,2008,8,25
1261,ABC-05,144,15.8,8.4,0.6,2008,8,25
1262,ABC-05,145,18.9,21.2,0.825,2008,8,25
1263,ABC-05,146,26.6,20,0.6556,2008,8,25
1264,ABC-05,147,24.2,13.7,0.849888889,2008,8,25
1265,ABC-05,147.1,11.2,20,0.436,2008,8,25
1266,ABC-05,148,13.7,14,0.727,2008,8,25
1267,ABC-05,149,24.9,18.9,0.8705,2008,8,25
1268,ABC-05,150,33.9,21.4,0.786714286,2008,8,25
1269,ABC-05,151,18.3,12.5,0.727,2008,8,25
1270,ABC-05,151.1,14.9,10.8,0.38,2008,8,25
1271,ABC-05,152,14.7,11.9,0.47,2008,8,25
1272,ABC-05,153,11.7,13.7,0.825,2008,8,25
1273,ABC-05,154,15.4,15.4,0.825,2008,8,25
1274,ABC-05,155,13.4,16.4,0.387666667,2008,8,25
1275,ABC-05,156,31.5,17,0.727,2008,8,25
1276,ABC-05,156.1,10.2,12.3,0.51772,2008,8,25
1277,ABC-05,156.2,NA,NA,0.444604162,2008,8,25
1278,ABC-05,157,12.75,12.2,0.42,2008,8,25
1279,ABC-05,157.1,12,12.4,0.629,2008,8,25
1280,ABC-05,160,24,15.2,0.8435,2008,8,25
1281,ABC-05,162,12.6,14.1,0.727,2008,8,25
1282,ABC-05,162.1,16,13.9,0.466625,2008,8,25
1283,ABC-05,162.2,10.3,11.9,0.633333333,2008,8,25
1284,ABC-05,162.3,15.2,13.4,0.633333333,2008,8,25
1285,ABC-05,163,10.4,8.4,0.6405,2008,8,25
1286,ABC-05,163.1,10.3,12.9,0.53,2008,8,25
1287,ABC-05,164,17.4,12.1,0.717333333,2008,8,25
1288,ABC-05,165,26.75,15.9,0.436,2008,8,25
1289,ABC-05,168,13,9.7,0.75,2008,8,25
1290,ABC-05,169,65.45,36.5,0.69,2008,8,25
1291,ABC-05,170,22.1,15.3,0.727,2008,8,25
1292,ABC-05,172,10.1,7.6,0.6405,2008,8,25
1293,ABC-05,172.2,10.3,10,0.629888889,2008,8,25
1294,ABC-05,172.3,11.1,11.2,0.444604162,2008,8,25
1295,ABC-05,173,18.1,12.5,0.37,2008,8,25
1296,ABC-05,173.1,14.55,12.6,0.436,2008,8,25
1297,ABC-05,174,32.7,20.5,0.54,2008,8,25
1298,ABC-05,175,NA,6,0.622769231,2008,8,25
1299,ABC-05,176,58.4,27.3,0.585428571,2008,8,25
1300,ABC-05,177,15.3,12.7,0.56,2008,8,25
1301,ABC-05,178,22.1,13,0.6,2008,8,25
1302,ABC-05,179,13.5,6.2,0.725,2008,8,25
1303,ABC-05,180,15.9,10,0.8164,2008,8,25
1304,ABC-05,180.1,13.7,14.5,0.436,2008,8,25
1305,ABC-05,181,12.9,12,0.63,2008,8,25
1306,ABC-05,182,34.1,21.2,0.629,2008,8,25
1307,ABC-05,182.1,10.2,9.8,0.63626178,2008,8,25
1308,ABC-05,183,22.5,11,0.436,2008,8,25
1309,ABC-05,183.1,NA,12.3,0.56,2008,8,25
1310,ABC-05,184,22.2,14.8,0.571,2008,8,25
1311,ABC-05,184.1,17.6,6.4,0.38625,2008,8,25
1312,ABC-05,184.2,NA,8.2,NA,2008,8,25
1313,ABC-05,186,18.8,15.1,0.589066667,2008,8,25
1314,ABC-05,188,17.9,14.1,0.59,2008,8,25
1315,ABC-05,188.1,13,9.6,0.387666667,2008,8,25
1316,ABC-05,189,12.1,3.8,0.8164,2008,8,25
1317,ABC-05,191,18.7,13.4,0.727,2008,8,25
1318,ABC-05,191.1,NA,16.2,0.353578132,2008,8,25
1319,ABC-05,192,23.8,21.8,0.52239801,2008,8,25
1320,ABC-05,193,13.1,20.3,0.69625,2008,8,25
1321,ABC-05,194,12,16.1,0.558533955,2008,8,25
1322,ABC-05,195,21.1,20,0.808782609,2008,8,25
1323,ABC-05,196,11.3,7.5,0.56,2008,8,25
1324,ABC-05,197,NA,NA,0.570966942,2008,8,25
1325,ABC-05,198,13.5,10.3,0.75,2008,8,25
1326,ABC-05,199,88,18.1,0.5635,2008,8,25
1327,ABC-05,201,13.8,9,0.56,2008,8,25
1328,ABC-05,202,30.2,17.4,0.625,2008,8,25
1329,ABC-05,203,34.4,14.6,0.6556,2008,8,25
1330,ABC-05,204,12.8,7.9,0.717333333,2008,8,25
1331,ABC-05,205,20.45,12,0.633333333,2008,8,25
1332,ABC-05,206,13.35,19.9,0.52261165,2008,8,25
1333,ABC-05,207,12.6,9.7,0.8705,2008,8,25
1334,ABC-05,208,28.7,17.3,0.629,2008,8,25
1335,ABC-05,209,20.2,7.5,0.625,2008,8,25
1336,ABC-05,210,83.9,28,0.350666667,2008,8,25
1337,ABC-05,211,13.4,5.9,0.56,2008,8,25
1338,ABC-05,212,32.5,23.7,0.678144059,2008,8,25
1339,ABC-05,213,NA,NA,0.579769231,2008,8,25
1340,ABC-05,214,11.3,10.6,0.717333333,2008,8,25
1341,ABC-05,215,19.65,17,0.436,2008,8,25
1342,ABC-05,216.1,10.6,15.3,0.615,2008,8,25
1343,ABC-05,217,25.5,19.2,0.571,2008,8,25
1344,ABC-05,218,20.5,17.8,0.49,2008,8,25
1345,ABC-05,219,13.5,10.6,0.75,2008,8,25
1346,ABC-05,220,15.4,11.9,0.825,2008,8,25
1347,ABC-05,222,18.1,12.4,0.625,2008,8,25
1348,ABC-05,223,23.8,20,0.52261165,2008,8,25
1349,ABC-05,224,18.9,18.1,0.629,2008,8,25
1350,ABC-05,226,12.9,13.3,0.754235294,2008,8,25
1351,ABC-05,227,NA,15.2,0.629,2008,8,25
1352,ABC-05,228,19.2,14.4,0.62,2008,8,25
1353,ABC-05,229,21.8,11.6,0.75,2008,8,25
1354,ABC-05,230,18.6,13.1,0.62,2008,8,25
1355,ABC-05,231,11.4,13.3,0.69625,2008,8,25
1356,ABC-05,232,22.8,20.3,0.77675,2008,8,25
1357,ABC-05,232.1,10.5,9.1,0.548492754,2008,8,25
1358,ABC-05,232.2,12,12.3,0.614666667,2008,8,25
1359,ABC-05,233,36,27.2,0.38,2008,8,25
1360,ABC-05,235,26.5,17.4,0.436,2008,8,25
1361,ABC-05,237,23.1,12.7,0.717333333,2008,8,25
1362,ABC-05,238,16.3,19.9,0.42656962,2008,8,25
1363,ABC-05,239,NA,NA,0.436,2008,8,25
1364,ABC-05,240,13.1,15.2,0.615,2008,8,25
1365,ABC-05,241,11.5,11.3,0.782736842,2008,8,25
1366,ABC-05,242,17.5,13.7,0.614666667,2008,8,25
1367,ABC-05,243,13.6,11,0.5635,2008,8,25
1368,ABC-05,244,18.6,15.6,0.825,2008,8,25
1369,ABC-05,245,13.9,13.6,0.8164,2008,8,25
1370,ABC-05,247,14,22.8,0.637,2008,8,25
1371,ABC-05,248,17.65,17,0.436,2008,8,25
1372,ABC-05,249,29.6,20,0.727,2008,8,25
1373,ABC-05,250,28.8,17.4,0.852083333,2008,8,25
1374,ABC-05,250.1,12.8,12.1,0.42,2008,8,25
1375,ABC-05,252,19.3,12.4,0.575268293,2008,8,25
1376,ABC-05,252.1,11.55,9.7,0.56,2008,8,25
1377,ABC-05,252.2,12.5,7.1,0.63,2008,8,25
1378,ABC-05,253,13.8,12.2,0.625,2008,8,25
1379,ABC-05,255,20,23.9,0.622122807,2008,8,25
1380,ABC-05,256,13.3,11,0.615,2008,8,25
1381,ABC-05,258,28,15.9,0.657272727,2008,8,25
1382,ABC-05,259,33.7,20.1,0.598571429,2008,8,25
1383,ABC-05,261,10.6,7.2,0.52261165,2008,8,25
1384,ABC-05,262,16.5,11.8,0.511153846,2008,8,25
1385,ABC-05,263,20.3,11.7,0.625,2008,8,25
1386,ABC-05,263.1,10.7,10.4,0.836190476,2008,8,25
1387,ABC-05,263.2,9.4,9.8,0.63697784,2008,8,25
1388,ABC-05,264,35.7,19.3,0.436,2008,8,25
1389,ABC-05,266,13,13.7,0.852083333,2008,8,25
1390,ABC-05,268,10.7,5.9,0.49,2008,8,25
1391,ABC-05,269,50.7,28.3,0.38,2008,8,25
1392,ABC-05,270,19.6,15.5,0.811142857,2008,8,25
1393,ABC-05,271,13,12.5,0.8705,2008,8,25
1394,ABC-05,272,13.7,15.8,0.8705,2008,8,25
1395,ABC-05,273,10.4,8.1,0.618444444,2008,8,25
1396,ABC-05,274,18.6,14.4,0.633333333,2008,8,25
1397,ABC-05,275,39.5,28,0.657272727,2008,8,25
1398,ABC-05,276,41.3,24.3,0.52261165,2008,8,25
1399,ABC-05,277,10.2,6.8,0.571,2008,8,25
1400,ABC-05,278,12.7,19.2,0.8164,2008,8,25
1401,ABC-05,279,21.6,15.7,0.571,2008,8,25
1402,ABC-05,279.1,11,12.3,0.436,2008,8,25
1403,ABC-05,280,20.15,13.2,0.75,2008,8,25
1404,ABC-05,281,22.9,17.9,0.657272727,2008,8,25
1405,ABC-05,282,71.2,27.3,0.698916667,2008,8,25
1406,ABC-05,283,19.2,14.1,0.625,2008,8,25
1407,ABC-05,284,25.3,16.4,0.38,2008,8,25
1408,ABC-05,285,52.7,22.4,0.736666667,2008,8,25
1409,ABC-05,286,NA,NA,0.713,2008,8,25
1410,ABC-05,287,NA,9.9,0.57,2008,8,25
1411,ABC-05,287.1,14.4,13.8,0.436,2008,8,25
1412,ABC-05,288,NA,NA,0.56,2008,8,25
1413,ABC-05,289,13.9,4.8,0.691083333,2008,8,25
1414,ABC-05,290,63.8,13.4,0.350666667,2008,8,25
1415,ABC-05,290.1,NA,NA,0.6815,2008,8,25
1416,ABC-05,291,12.6,22.6,0.637,2008,8,25
1417,ABC-05,292,23.55,9.7,0.436,2008,8,25
1418,ABC-05,293,51.2,16,0.3604,2008,8,25
1419,ABC-05,294,NA,25.7,0.629,2008,8,25
1420,ABC-05,295,25.8,22.2,0.629,2008,8,25
1421,ABC-05,296,13.7,23.9,0.629,2008,8,25
1422,ABC-05,297,NA,14.6,0.622122807,2008,8,25
1423,ABC-05,297.1,10.2,7.7,0.510488636,2008,8,25
1424,ABC-05,298,27.2,20.7,0.659,2008,8,25
1425,ABC-05,298.1,14.6,12.2,0.466625,2008,8,25
1426,ABC-05,299,21.5,17.9,0.629888889,2008,8,25
1427,ABC-05,300,43,29.3,0.629,2008,8,25
1428,ABC-05,300.1,11.1,7.1,0.633333333,2008,8,25
1429,ABC-05,302,15,9.6,0.727,2008,8,25
1430,ABC-05,304,16.7,20.5,0.647875,2008,8,25
1431,ABC-05,306,52.1,24.6,0.589066667,2008,8,25
1432,ABC-05,307,51.6,15.4,0.52261165,2008,8,25
1433,ABC-05,308,20.7,22.2,0.825,2008,8,25
1434,ABC-05,308.1,10.8,14.1,0.436,2008,8,25
1435,ABC-05,309,15.7,14,0.66025,2008,8,25
1436,ABC-05,310,23.9,22,0.510488636,2008,8,25
1437,ABC-05,311,14,18.3,0.852083333,2008,8,25
1438,ABC-05,312,30.4,16.6,0.618444444,2008,8,25
1439,ABC-05,313,16.15,20.2,0.633333333,2008,8,25
1440,ABC-05,314,11.5,16.3,0.56,2008,8,25
1441,ABC-05,315,25.4,9,0.66025,2008,8,25
1442,ABC-05,315.1,10.4,18.2,0.633264495,2008,8,25
1443,ABC-05,316,13.8,8.7,0.436,2008,8,25
1444,ABC-05,318,10.5,5.2,0.6,2008,8,25
1445,ABC-05,319,56.1,14.6,0.3,2008,8,25
1446,ABC-05,321,16.15,12.7,0.895,2008,8,25
1447,ABC-05,322,20.7,18.1,0.615,2008,8,25
1448,ABC-05,322.1,13.2,10.2,0.615,2008,8,25
1449,ABC-05,323,22.5,14.6,0.54325,2008,8,25
1450,ABC-05,324,12.8,2.7,0.88,2008,8,25
1451,ABC-05,326,21.7,10.9,0.6,2008,8,25
1452,ABC-05,327,15.65,13.7,0.436,2008,8,25
1453,ABC-05,328,34.1,18.6,0.629,2008,8,25
1454,ABC-05,329,23,7.4,0.952428571,2008,8,25
1455,ABC-05,330,23,11.2,0.436,2008,8,25
1456,ABC-05,331,37.3,14.6,0.5635,2008,8,25
1457,ABC-05,332,28,19.9,0.436,2008,8,25
1458,ABC-05,333,10.8,12,0.42,2008,8,25
1459,ABC-05,334,16.3,13.7,0.571,2008,8,25
1460,ABC-05,335,15.7,20.9,0.387666667,2008,8,25
1461,ABC-05,336,25.3,11.1,0.6815,2008,8,25
1462,ABC-05,336.1,11.4,14.6,0.37,2008,8,25
1463,ABC-05,337,101.8,33.8,0.5038,2008,8,25
1464,ABC-05,338,34.7,18,0.42,2008,8,25
1465,ABC-05,339,24.2,17.2,0.629,2008,8,25
1466,ABC-05,340,NA,NA,0.633333333,2008,8,25
1467,ABC-05,341,12.5,16.2,0.38,2008,8,25
1468,ABC-05,341.1,11.8,15.7,0.678144059,2008,8,25
1469,ABC-05,342,27.6,24.5,0.37,2008,8,25
1470,ABC-05,343,20.8,15.8,0.52261165,2008,8,25
1471,ABC-05,345,10.8,4.5,0.597423077,2008,8,25
1472,ABC-05,346,16.6,16.3,0.645,2008,8,25
1473,ABC-05,347,25.6,16,0.66025,2008,8,25
1474,ABC-05,348,17.6,10.9,0.825,2008,8,25
1475,ABC-05,349,19.3,11.5,0.571,2008,8,25
1476,ABC-05,350,13.9,11,0.825,2008,8,25
1477,ABC-05,351,36.2,28.9,0.942333333,2008,8,25
1478,ABC-05,352,31.3,25.8,0.8,2008,8,25
1479,ABC-05,353,12.9,8,0.633333333,2008,8,25
1480,ABC-05,354,9.5,12.3,0.713,2008,8,25
1481,ABC-05,355,12.2,12,0.8164,2008,8,25
1482,ABC-05,356,13.4,11.9,0.562571429,2008,8,25
1483,ABC-05,356.1,9.8,8.7,0.571,2008,8,25
1484,ABC-05,357,12.9,3.7,0.7115,2008,8,25
1485,ABC-05,358,31.8,20.2,0.436,2008,8,25
1486,ABC-05,358.1,14.1,13.6,0.387666667,2008,8,25
1487,ABC-05,359,10.5,13.6,0.727,2008,8,25
1488,ABC-05,360,78.7,32,0.638,2008,8,25
1489,ABC-05,361,19.75,19.3,0.436,2008,8,25
1490,ABC-05,362,22.8,22.2,0.8705,2008,8,25
1491,ABC-05,363,10.9,5.5,0.633333333,2008,8,25
1492,ABC-05,364,19.8,24,0.629,2008,8,25
1493,ABC-05,365,23.2,17.9,0.8705,2008,8,25
1494,ABC-05,366,22.7,19.8,0.637,2008,8,25
1495,ABC-05,368,25.5,17,0.6,2008,8,25
1496,ABC-05,369,NA,6.9,0.5,2008,8,25
1497,ABC-05,370,25.9,14,0.436,2008,8,25
1498,ABC-05,372.1,11.4,21.1,0.678144059,2008,8,25
1499,ABC-05,373,14.9,15,0.37,2008,8,25
1500,ABC-05,374,23.1,16.5,0.37,2008,8,25
1501,ABC-05,376,13.1,8.8,0.57,2008,8,25
1502,ABC-05,377,NA,NA,0.38,2008,8,25
1503,ABC-05,380,22.2,18.2,0.571,2008,8,25
1504,ABC-05,381,18.6,17.5,0.267,2008,8,25
1505,ABC-05,382,10.7,10.5,0.713,2008,8,25
1506,ABC-05,383,18.2,14,0.445375,2008,8,25
1507,ABC-05,384,13.3,14.4,0.629,2008,8,25
1508,ABC-05,385,47.4,19.9,0.436,2008,8,25
1509,ABC-05,386,15.2,12,0.37,2008,8,25
1510,ABC-05,387,10.4,10.2,0.747794521,2008,8,25
1511,ABC-05,388,47.8,21.3,0.606714286,2008,8,25
1512,ABC-05,389,11.84,10.3,0.691083333,2008,8,25
1513,ABC-05,390,16.7,14.3,0.52261165,2008,8,25
1514,ABC-05,390.1,9.2,11.5,0.799216,2008,8,25
1515,ABC-05,392,12,10.9,0.622769231,2008,8,25
1516,ABC-05,393,14,8.4,0.571,2008,8,25
1517,ABC-05,395,17.1,18.6,0.425,2008,8,25
1518,ABC-05,397,14.4,15.4,0.852083333,2008,8,25
1519,ABC-05,398,24.4,24.3,0.825,2008,8,25
1520,ABC-05,399,17.3,16.7,0.629,2008,8,25
1521,ABC-05,401,37.8,30.8,0.88,2008,8,25
1522,ABC-05,401.1,10.5,14.8,0.53,2008,8,25
1523,ABC-05,403,10,9.4,0.61944,2008,8,25
1524,ABC-05,404,21.1,15.3,0.9385,2008,8,25
1525,ABC-05,405,15,17.3,0.629,2008,8,25
1526,ABC-05,406,16.8,15.2,0.637,2008,8,25
1527,ABC-05,407,21.8,15,0.589066667,2008,8,25
1528,ABC-05,408,43.1,20,0.8164,2008,8,25
1529,ABC-05,409,14.8,15.4,0.8435,2008,8,25
1530,ABC-05,410,31.1,22.9,0.657272727,2008,8,25
1531,ABC-05,411,11.8,7.4,0.7325,2008,8,25
1532,ABC-05,413,13.6,15.8,0.571,2008,8,25
1533,ABC-05,414,22.6,17.4,0.436,2008,8,25
1534,ABC-05,415,14.8,11.4,0.579769231,2008,8,25
1535,ABC-05,415.1,11.6,10,0.436,2008,8,25
1536,ABC-05,416,29.55,20.5,0.589066667,2008,8,25
1537,ABC-05,416.1,12.8,12.9,0.61,2008,8,25
1538,ABC-05,417,18.3,11.2,0.6815,2008,8,25
1539,ABC-05,418,12.9,14.5,0.852083333,2008,8,25
1540,ABC-05,419,15.2,15,0.579769231,2008,8,25
1541,ABC-05,420,NA,NA,0.355666667,2008,8,25
1542,ABC-05,424,28.2,17.8,0.436,2008,8,25
1543,ABC-05,425,10.1,43.8,0.6405,2008,8,25
1544,ABC-05,426,18.6,43.8,0.6,2008,8,25
1545,ABC-05,427,14.3,7.9,0.57,2008,8,25
1546,ABC-05,428,NA,9.3,0.23,2008,8,25
1547,ABC-05,429,122.5,28.9,0.638,2008,8,25
1548,ABC-05,431,56.3,24.2,0.698916667,2008,8,25
1549,ABC-05,432,11.4,6.8,0.69625,2008,8,25
1550,ABC-05,432.1,10.5,8.6,0.633333333,2008,8,25
1551,ABC-05,434,14.7,13.3,0.622122807,2008,8,25
1552,ABC-05,435,17.8,12.3,0.836190476,2008,8,25
1553,ABC-05,436,18.8,16.3,0.436,2008,8,25
1554,ABC-05,438,19.4,18.2,0.615,2008,8,25
1555,ABC-05,440,19.6,18.4,0.56,2008,8,25
1556,ABC-05,441,14.6,13.4,0.697182292,2008,8,25
1557,ABC-05,442,48,16.3,0.592333333,2008,8,25
1558,ABC-05,443,26.9,15.7,0.593959184,2008,8,25
1559,ABC-05,444,NA,12.2,0.436,2008,8,25
1560,ABC-05,445,49.5,16,0.557333333,2008,8,25
1561,ABC-05,445.1,14.6,12.7,0.8705,2008,8,25
1562,ABC-05,446,27.9,14.2,0.445375,2008,8,25
1563,ABC-05,446.1,NA,NA,0.579385555,2008,8,25
1564,ABC-05,447,NA,4.9,0.808782609,2008,8,25
1565,ABC-05,448,20.3,5.9,0.52239801,2008,8,25
1566,ABC-05,448.1,NA,NA,0.444604162,2008,8,25
1567,ABC-05,449,24.3,14.4,0.717333333,2008,8,25
1568,ABC-05,452,17.8,9.2,0.782736842,2008,8,25
1569,ABC-05,453,15.3,11,0.69625,2008,8,25
1570,ABC-05,453.1,NA,NA,0.77,2008,8,25
1571,ABC-05,453.2,NA,NA,0.578435,2008,8,25
1572,ABC-05,454,36.5,16.7,0.37,2008,8,25
1573,ABC-05,454.1,NA,NA,0.444604162,2008,8,25
1574,ABC-05,456,16.7,12.5,0.808782609,2008,8,25
1575,ABC-05,459,18,9,0.579769231,2008,8,25
1576,ABC-05,460,17,11.3,0.616666667,2008,8,25
1577,ABC-05,462,23.5,16,0.37,2008,8,25
1578,ABC-05,463,18.5,12.6,0.52261165,2008,8,25
1579,ABC-05,465,30.8,22.6,0.657272727,2008,8,25
1580,ABC-05,467,14,19.3,0.697182292,2008,8,25
1581,ABC-05,468,21.8,10.6,0.618444444,2008,8,25
1582,ABC-05,469,15,13,0.625,2008,8,25
1583,ABC-05,471,12.7,11.2,0.6405,2008,8,25
1584,ABC-05,472,15.1,15.2,0.510488636,2008,8,25
1585,ABC-05,473,13.3,16.2,0.791314286,2008,8,25
1586,ABC-05,474,10.5,13,0.7,2008,8,25
1587,ABC-05,475,17,8.3,0.727,2008,8,25
1588,ABC-05,476,12.4,14.3,0.96,2008,8,25
1589,ABC-05,477,26.4,20.1,0.585428571,2008,8,25
1590,ABC-05,480,13.3,14.2,0.511153846,2008,8,25
1591,ABC-05,481,NA,NA,0.629,2008,8,25
1592,ABC-05,481.1,10.8,11.2,0.558533955,2008,8,25
1593,ABC-05,482,17.3,13.9,0.571,2008,8,25
1594,ABC-05,483,38,25.1,0.425,2008,8,25
1595,ABC-05,485.1,13,14.8,0.564472119,2008,8,25
1596,ABC-05,486,14.8,12.4,0.6405,2008,8,25
1597,ABC-05,486.1,NA,NA,0.518670638,2008,8,25
1598,ABC-05,488,14.2,12.3,0.633333333,2008,8,25
1599,ABC-05,489,17.9,13.2,0.825,2008,8,25
1600,ABC-05,490,15.5,17.6,0.637,2008,8,25
1601,ABC-05,491,39.5,19.9,0.622769231,2008,8,25
1602,ABC-05,492,118.5,14.1,0.37,2008,8,25
1603,ABC-05,493,NA,NA,0.589066667,2008,8,25
1604,ABC-05,493.1,11.1,8.3,0.557333333,2008,8,25
1605,ABC-05,494,49.1,23.1,0.571,2008,8,25
1606,ABC-05,495,42.1,22.3,0.786714286,2008,8,25
1607,ABC-05,496,17.5,15.1,0.8164,2008,8,25
1608,ABC-05,497,32.6,15.5,0.657272727,2008,8,25
1609,ABC-05,498,17.3,12.9,0.436,2008,8,25
1610,ABC-05,499,15.9,15.2,0.629,2008,8,25
1611,ABC-05,500,19,12.3,0.618444444,2008,8,25
1612,ABC-05,501,25.9,14.3,0.637,2008,8,25
1613,ABC-05,502,11.9,10.7,0.629,2008,8,25
1614,ABC-05,505,14.5,11.2,0.510488636,2008,8,25
1615,ABC-05,507,26.6,22.1,0.267,2008,8,25
1616,ABC-05,508,20.8,18.2,0.267,2008,8,25
1617,ABC-05,509,13.6,13.6,0.42656962,2008,8,25
1618,ABC-05,510,20.9,10.6,0.657272727,2008,8,25
1619,ABC-05,512,14.6,13.2,0.436,2008,8,25
1620,ABC-05,513,21.8,18.3,0.8164,2008,8,25
1621,ABC-05,514,17.8,18.9,0.629,2008,8,25
1622,ABC-05,515,24.1,19.1,0.267,2008,8,25
1623,ABC-05,516,11.6,14.5,0.540586207,2008,8,25
1624,ABC-05,517,32.1,23.4,0.589066667,2008,8,25
1625,ABC-05,518,18.3,14.1,0.387666667,2008,8,25
1626,ABC-05,519,10.7,12.2,0.579769231,2008,8,25
1627,ABC-05,520,24.6,24.4,0.805,2008,8,25
1628,ABC-05,520.1,9.8,6.2,0.52,2008,8,25
1629,ABC-05,521,28.4,24,0.436,2008,8,25
1630,ABC-05,521.1,11.4,12.5,0.511153846,2008,8,25
1631,ABC-05,522,NA,8.3,0.42,2008,8,25
1632,ABC-05,523,21.5,18.2,0.267,2008,8,25
1633,ABC-05,524,23.5,24,0.552857143,2008,8,25
1634,ABC-05,525,12.7,11.6,0.77,2008,8,25
1635,ABC-05,526,11.45,13.2,0.5785,2008,8,25
1636,ABC-05,527,20.45,15,0.436,2008,8,25
1637,ABC-05,528,12.3,13.2,0.436,2008,8,25
1638,ABC-05,529,33.9,14.5,0.575268293,2008,8,25
1639,ABC-05,530,12.2,9.5,0.6405,2008,8,25
1640,ABC-05,531,17.1,14.9,0.3,2008,8,25
1641,ABC-05,531.1,11,14.4,0.436,2008,8,25
1642,ABC-05,532,24.2,16.2,0.48275,2008,8,25
1643,ABC-05,533,18.1,14.6,0.895,2008,8,25
1644,ABC-05,534,15.4,20,0.540586207,2008,8,25
1645,ABC-05,535,25.1,21.9,0.66025,2008,8,25
1646,ABC-05,536,18.2,12.2,0.6556,2008,8,25
1647,ABC-05,544,20.5,16.7,0.825,2008,8,25
1648,ABC-05,544.1,10.3,7.8,0.713,2008,8,25
1649,ABC-05,545,13.9,11.1,0.622122807,2008,8,25
1650,ABC-05,546,27.2,13.9,0.622122807,2008,8,25
1651,ABC-05,547,20.9,12.2,0.52239801,2008,8,25
1652,ABC-05,549,11.9,13.5,0.758333333,2008,8,25
1653,ABC-05,550,56.1,26,0.69,2008,8,25
1654,ABC-05,550.1,10.5,7.1,0.51772,2008,8,25
1655,ABC-05,551,9.2,7.6,NA,2008,8,25
1656,ABC-05,552,10.3,7.2,0.42,2008,8,25
1657,ABC-05,554,45.5,24.1,0.6556,2008,8,25
1658,ABC-05,555,112.4,43.3,0.5038,2008,8,25
1659,ABC-05,557,10.8,4.8,0.47,2008,8,25
1660,ABC-05,558,13.2,3.9,0.694704545,2008,8,25
1661,ABC-05,559,22.5,14.2,0.37,2008,8,25
1662,ABC-05,560,37.8,19.2,0.8164,2008,8,25
1663,ABC-05,560.1,10.2,10.3,0.510488636,2008,8,25
1664,ABC-05,564,22.6,20.5,0.267,2008,8,25
1665,ABC-05,565,24.6,17.6,0.825,2008,8,25
1666,ABC-05,566,55.1,23.2,0.479,2008,8,25
1667,ABC-05,568,18.5,18,0.597423077,2008,8,25
1668,ABC-05,569,11.1,2,0.665902439,2008,8,25
1669,ABC-05,570,41,25,0.678144059,2008,8,25
1670,ABC-05,570.1,13.4,13.9,0.629,2008,8,25
1671,ABC-05,570.2,15.7,14.6,0.387666667,2008,8,25
1672,ABC-05,570.2,13,14.6,0.387666667,2008,8,25
1673,ABC-05,571,17.9,12.1,0.628,2008,8,25
1674,ABC-05,572.1,17.3,19.7,0.825,2008,8,25
1675,ABC-05,572.2,10.6,13,0.825,2008,8,25
1676,ABC-05,575.1,11.5,17.2,0.790333333,2008,8,25
1677,ABC-05,578,28.8,20.6,0.42,2008,8,25
1678,ABC-05,579,14.3,12.5,0.625,2008,8,25
1679,ABC-05,579.1,NA,20.2,NA,2008,8,25
1680,ABC-05,580.1,11.5,7.9,0.51772,2008,8,25
1681,ABC-05,581,52.2,32,0.637,2008,8,25
1682,ABC-05,582,31.4,14.3,0.622122807,2008,8,25
1683,ABC-05,583,16.5,14.5,0.436,2008,8,25
1684,ABC-05,583.1,15.6,13.6,0.61,2008,8,25
1685,ABC-05,583.2,NA,NA,NA,2008,8,25
1686,ABC-05,584,43.4,26.3,0.52261165,2008,8,25
1687,ABC-05,585,24.3,21.2,0.589066667,2008,8,25
1688,ABC-05,586,19.6,16,0.589066667,2008,8,25
1689,ABC-05,587,16,14.8,0.54325,2008,8,25
