"","species","genus","year","height_final","density","dbh","tree_biomass_Mg","date"
"1","avicennioides","Terminalia","2012",12.9180351845595,0.636249147,267,0.135996842074229,2012-12-03
"216","avicennioides","Terminalia","2013",13,0.636249147,270,0.139952518678888,2013-10-10
"430","avicennioides","Terminalia","2014",13.1877631665789,0.636249147,277,0.149430935546847,2014-11-28
"639","avicennioides","Terminalia","2015",13.2141984192005,0.636249147,278,0.150813512054042,2015-09-14
"2","avicennioides","Terminalia","2012",11.9585548351594,0.636249147,353,0.220058398584746,2012-12-03
"217","avicennioides","Terminalia","2013",12,0.636249147,355,0.22333037247872,2013-10-10
"431","avicennioides","Terminalia","2014",12.0617319883967,0.636249147,358,0.228289304824795,2014-11-28
"640","avicennioides","Terminalia","2015",12.2837393613497,0.636249147,369,0.246997844540266,2015-09-14
"3","microcarpa","Lannea","2012",7,0.405333333,118,0.0091697395288431,2012-12-03
"218","microcarpa","Lannea","2013",7,0.405333333,118,0.0091697395288431,2013-10-10
"432","microcarpa","Lannea","2014",7,0.405333333,118,0.0091697395288431,2014-11-28
"641","microcarpa","Lannea","2015",7.42275418585339,0.405333333,125,0.0109113892621978,2015-09-14
"4","tragacantha","Sterculia","2012",14.4144506378652,0.51425,341,0.200061618810786,2012-12-03
"219","tragacantha","Sterculia","2013",14.5,0.51425,345,0.205998054003225,2013-10-10
"433","tragacantha","Sterculia","2014",14.6055525356475,0.51425,350,0.213555620159887,2014-11-28
"642","tragacantha","Sterculia","2015",14.9933471829886,0.51425,369,0.243673474138911,2015-09-14
"5","avicennioides","Terminalia","2012",10.8575532977469,0.636249147,153,0.0375339844423227,2012-12-03
"220","avicennioides","Terminalia","2013",11,0.636249147,156,0.0395322670046045,2013-10-10
"434","avicennioides","Terminalia","2014",11.0934506225416,0.636249147,158,0.040896926092453,2014-11-28
"643","avicennioides","Terminalia","2015",11.4114596883737,0.636249147,165,0.0458795264833927,2015-09-14
"6","erinaceus","Pterocarpus","2012",13.4378320460331,0.74,470,0.509846296930886,2012-12-03
"221","erinaceus","Pterocarpus","2013",13.5,0.74,474,0.52096050105696,2013-10-10
"435","erinaceus","Pterocarpus","2014",13.5308875179019,0.74,476,0.526568085881109,2014-11-28
"644","erinaceus","Pterocarpus","2015",13.5,0.74,474,0.52096050105696,2015-09-14
"7","erinaceus","Pterocarpus","2012",9.10165208378688,0.74,218,0.0742929429424521,2012-12-03
"222","erinaceus","Pterocarpus","2013",9,0.74,215,0.071455189284,2013-10-10
"436","erinaceus","Pterocarpus","2014",9.06792432476854,0.74,217,0.0733401340713003,2014-11-28
"645","erinaceus","Pterocarpus","2015",8.7923698759302,0.74,209,0.0659648936477291,2015-09-14
"8","erinaceus","Pterocarpus","2012",8.45400753170205,0.74,159,0.0367088875685591,2012-12-03
"223","erinaceus","Pterocarpus","2013",8.5,0.74,160,0.037374314496,2013-10-10
"437","erinaceus","Pterocarpus","2014",8.72573395401555,0.74,165,0.0408022582641681,2014-11-28
"646","erinaceus","Pterocarpus","2015",8.68113944182739,0.74,164,0.0401031764398721,2015-09-14
"9","discoidea","Margaritaria","2012",3,0.7195,117,0.006858140869476,2012-12-03
"224","discoidea","Margaritaria","2013",3,0.7195,117,0.006858140869476,2013-10-10
"438","discoidea","Margaritaria","2014",3.06243250163866,0.7195,118,0.00712104881990489,2014-11-28
"647","discoidea","Margaritaria","2015",3.12433814044346,0.7195,119,0.0073886547982611,2015-09-14
"10","tragacantha","Sterculia","2012",15.490625401674,0.51425,466,0.401511242836279,2012-12-03
"225","tragacantha","Sterculia","2013",15.6,0.51425,473,0.416585169754697,2013-10-10
"439","tragacantha","Sterculia","2014",15.7686459253294,0.51425,484,0.44090198099719,2014-11-28
"11","velutina","Lannea","2012",17.8816001146194,0.405333333,452,0.343698940233952,2012-12-03
"226","velutina","Lannea","2013",17.8,0.405333333,447,0.334603125561531,2013-10-10
"440","velutina","Lannea","2014",17.8,0.405333333,447,0.334603125561531,2014-11-28
"648","velutina","Lannea","2015",18.026231244099,0.405333333,461,0.360414067352402,2015-09-14
"12","tragacantha","Sterculia","2012",10.7231454581739,0.51425,208,0.0553739867528734,2012-12-03
"227","tragacantha","Sterculia","2013",11,0.51425,216,0.061257195914112,2013-10-10
"441","tragacantha","Sterculia","2014",11.0676113050051,0.51425,218,0.0627803613207372,2014-11-28
"649","tragacantha","Sterculia","2015",10.9659592212183,0.51425,215,0.0605034962875383,2015-09-14
"13","discoidea","Margaritaria","2012",7.41143826445307,0.7195,247,0.0755109310549747,2012-12-03
"228","discoidea","Margaritaria","2013",7.5,0.7195,250,0.078280700625,2013-10-10
"442","discoidea","Margaritaria","2014",7.52928456848706,0.7195,251,0.0792163043944956,2014-11-28
"650","discoidea","Margaritaria","2015",7.52928456848706,0.7195,251,0.0792163043944956,2015-09-14
"14","tragacantha","Sterculia","2012",18.258742019648,0.51425,329,0.235895455170631,2012-12-03
"229","tragacantha","Sterculia","2013",18.5,0.51425,340,0.2552621882052,2013-10-10
"443","tragacantha","Sterculia","2014",18.5,0.51425,340,0.2552621882052,2014-11-28
"651","tragacantha","Sterculia","2015",18.4783924006841,0.51425,339,0.253466464554649,2015-09-14
"15","tragacantha","Sterculia","2012",18.0384783535404,0.51425,231,0.114889617813458,2012-12-03
"230","tragacantha","Sterculia","2013",18.5,0.51425,246,0.133628430635172,2013-10-10
"444","tragacantha","Sterculia","2014",18.792300606383,0.51425,256,0.146999821334358,2014-11-28
"16","velutina","Lannea","2012",18.4319706902274,0.405333333,322,0.179795351614917,2012-12-03
"231","velutina","Lannea","2013",18.5,0.405333333,325,0.183837199368818,2013-10-10
"445","velutina","Lannea","2014",18.522536959858,0.405333333,326,0.185195579033066,2014-11-28
"652","velutina","Lannea","2015",18.522536959858,0.405333333,326,0.185195579033066,2015-09-14
"17","suaveolens","Erythrophleum","2012",24.9890592453039,0.8726,670,2.27194255240467,2012-12-03
"232","suaveolens","Erythrophleum","2013",25,0.8726,671,2.27972720905116,2013-10-10
"446","suaveolens","Erythrophleum","2014",25.076131776935,0.8726,678,2.33462840288813,2014-11-28
"653","suaveolens","Erythrophleum","2015",25.0544603441459,0.8726,676,2.3188693395966,2015-09-14
"18","africana","Afzelia","2012",16.9714560936986,0.692642857,513,0.718035340447169,2012-12-03
"233","africana","Afzelia","2013",17,0.692642857,515,0.724862052258112,2013-10-10
"447","africana","Afzelia","2014",17.0708776012717,0.692642857,520,0.742086482168431,2014-11-28
"654","africana","Afzelia","2015",17.1130777636544,0.692642857,523,0.752529425461453,2015-09-14
"19","erinaceus","Pterocarpus","2012",6.93175974359361,0.74,107,0.0136309273045837,2012-12-03
"234","erinaceus","Pterocarpus","2013",7,0.74,108,0.01402361227008,2013-10-10
"448","erinaceus","Pterocarpus","2014",7,0.74,108,0.01402361227008,2014-11-28
"655","erinaceus","Pterocarpus","2015",7.26678484269655,0.74,112,0.0156564282378819,2015-09-14
"20","velutina","Lannea","2012",16.8,0.405333333,408,0.263102244342891,2012-12-03
"235","velutina","Lannea","2013",16.8,0.405333333,408,0.263102244342891,2013-10-10
"449","velutina","Lannea","2014",16.8,0.405333333,408,0.263102244342891,2014-11-28
"656","velutina","Lannea","2015",16.9600596150693,0.405333333,417,0.277456197024474,2015-09-14
"21","erinaceus","Pterocarpus","2012",14.9704797401873,0.74,248,0.158144256666204,2012-12-03
"236","erinaceus","Pterocarpus","2013",15,0.74,249,0.1597365491544,2013-10-10
"450","erinaceus","Pterocarpus","2014",15.0294019418207,0.74,250,0.161337774259076,2014-11-28
"657","erinaceus","Pterocarpus","2015",15.1746695534198,0.74,255,0.169478241125284,2015-09-14
"22","schimperiana","Terminalia","2012",17.9598038738718,0.732,364,0.404294713964,2012-12-03
"237","schimperiana","Terminalia","2013",18,0.732,366,0.409664547834624,2013-10-10
"451","schimperiana","Terminalia","2014",18.0399770725825,0.732,368,0.415073803487521,2014-11-28
"658","schimperiana","Terminalia","2015",18.099537139932,0.732,371,0.423261721590521,2015-09-14
"23","pentandra","Ceiba","2012",24.7784860195783,0.280642857,685,0.757342847307692,2012-12-03
"238","pentandra","Ceiba","2013",25,0.280642857,706,0.811682212323568,2013-10-10
"452","pentandra","Ceiba","2014",25.1338494264827,0.280642857,719,0.846356643638863,2014-11-28
"659","pentandra","Ceiba","2015",25.2251041927014,0.280642857,728,0.870827921228392,2015-09-14
"24","multinervis","Manilkara","2012",9.81067917874613,0.864975,153,0.0461071327835686,2012-12-03
"239","multinervis","Manilkara","2013",10,0.864975,157,0.049486357157526,2013-10-10
"453","multinervis","Manilkara","2014",10.1845575243606,0.864975,161,0.0530005160219425,2014-11-28
"660","multinervis","Manilkara","2015",10.6266053747704,0.864975,171,0.0623839621438099,2015-09-14
"25","multinervis","Manilkara","2012",23.9094337303694,0.864975,644,1.9907980449357,2012-12-03
"240","multinervis","Manilkara","2013",24,0.864975,652,2.04829551281687,2013-10-10
"454","multinervis","Manilkara","2014",24.033676147882,0.864975,655,2.0700888454307,2014-11-28
"661","multinervis","Manilkara","2015",24.0671984057472,0.864975,658,2.09200879434824,2015-09-14
"26","tragacantha","Sterculia","2012",8.923091739118,0.51425,110,0.0128871728546172,2012-12-03
"241","tragacantha","Sterculia","2013",9.5,0.51425,119,0.016057371433719,2013-10-10
"455","tragacantha","Sterculia","2014",9.56138759391465,0.51425,120,0.0164338886939167,2014-11-28
"662","tragacantha","Sterculia","2015",10.2047759686409,0.51425,131,0.0209027290707718,2015-09-14
"27","senegalensis","Khaya","2012",27.8924783931653,0.635166667,745,2.2822855176985,2012-12-03
"242","senegalensis","Khaya","2013",28,0.635166667,756,2.35923903880791,2013-10-10
"456","senegalensis","Khaya","2014",28.2480472216177,0.635166667,782,2.54666758400126,2014-11-28
"663","senegalensis","Khaya","2015",28.2854747245618,0.635166667,786,2.57619591794496,2015-09-14
"28","erinaceus","Pterocarpus","2012",8,0.74,148,0.03009731561472,2012-12-03
"243","erinaceus","Pterocarpus","2013",8,0.74,148,0.03009731561472,2013-10-10
"457","erinaceus","Pterocarpus","2014",8.04939934266219,0.74,149,0.0306937785528217,2014-11-28
"664","erinaceus","Pterocarpus","2015",8.14721112059552,0.74,151,0.0319063562319929,2015-09-14
"29","africana","Afzelia","2012",20,0.692642857,658,1.39211068779064,2012-12-03
"244","africana","Afzelia","2013",20,0.692642857,658,1.39211068779064,2013-10-10
"458","africana","Afzelia","2014",20.1762433037113,0.692642857,674,1.47350659611085,2014-11-28
"665","africana","Afzelia","2015",20.2950001596466,0.692642857,685,1.53095415893823,2015-09-14
"30","velutina","Lannea","2012",19.9492331907174,0.405333333,432,0.350258469317179,2012-12-03
"245","velutina","Lannea","2013",20,0.405333333,435,0.356043822043201,2013-10-10
"459","velutina","Lannea","2014",20.0336504015013,0.405333333,437,0.359929886637205,2014-11-28
"666","velutina","Lannea","2015",20.1171072136244,0.405333333,442,0.369747302303614,2015-09-14
"31","erinaceus","Pterocarpus","2012",17.4476013867592,0.74,279,0.233269781162777,2012-12-03
"246","erinaceus","Pterocarpus","2013",17.5,0.74,281,0.2373367730748,2013-10-10
"460","erinaceus","Pterocarpus","2014",17.5,0.74,281,0.2373367730748,2014-11-28
"667","erinaceus","Pterocarpus","2015",17.4212610544591,0.74,278,0.231250949818197,2015-09-14
"32","avicennioides","Terminalia","2012",15.8358818649578,0.636249147,221,0.114218549008925,2012-12-03
"247","avicennioides","Terminalia","2013",16,0.636249147,226,0.120683167146446,2013-10-10
"461","avicennioides","Terminalia","2014",16.1287011022338,0.636249147,230,0.125998363307409,2014-11-28
"668","avicennioides","Terminalia","2015",16.4714110688961,0.636249147,241,0.141278062086476,2015-09-14
"33","schimperiana","Terminalia","2012",18.4533247121167,0.732,470,0.692570590742676,2012-12-03
"248","schimperiana","Terminalia","2013",18.5,0.732,473,0.703214336140272,2013-10-10
"462","schimperiana","Terminalia","2014",18.5,0.732,473,0.703214336140272,2014-11-28
"669","schimperiana","Terminalia","2015",18.5,0.732,473,0.703214336140272,2015-09-14
"34","erinaceus","Pterocarpus","2012",5.89594471400851,0.74,140,0.0198483229919609,2012-12-03
"249","erinaceus","Pterocarpus","2013",6,0.74,142,0.02077984404864,2013-10-10
"463","erinaceus","Pterocarpus","2014",6.10259991952229,0.74,144,0.0217347289170291,2014-11-28
"670","erinaceus","Pterocarpus","2015",6,0.74,142,0.02077984404864,2015-09-14
"35","erinaceus","Pterocarpus","2012",7,0.74,126,0.01908769447872,2012-12-03
"250","erinaceus","Pterocarpus","2013",7,0.74,126,0.01908769447872,2013-10-10
"464","erinaceus","Pterocarpus","2014",7,0.74,126,0.01908769447872,2014-11-28
"671","erinaceus","Pterocarpus","2015",6.82322579166289,0.74,123,0.0177302276015429,2015-09-14
"36","capreifolia","Ficus","2012",6.8455569342166,0.449625,141,0.0142030000297523,2012-12-03
"251","capreifolia","Ficus","2013",7,0.449625,144,0.015148028028672,2013-10-10
"465","capreifolia","Ficus","2014",7.10118470303021,0.449625,146,0.0157968173354692,2014-11-28
"672","capreifolia","Ficus","2015",7.34820382126313,0.449625,151,0.0174851017729064,2015-09-14
"37","multinervis","Manilkara","2012",19.2447965421605,0.864975,524,1.06086978046981,2012-12-03
"252","multinervis","Manilkara","2013",19.2447965421605,0.864975,524,1.06086978046981,2013-10-10
"466","multinervis","Manilkara","2014",19.3005821696601,0.864975,528,1.08025039667215,2014-11-28
"673","multinervis","Manilkara","2015",19.3697228762478,0.864975,533,1.10474998862149,2015-09-14
"38","multinervis","Manilkara","2012",24.8925928885207,0.864975,678,2.29728937813392,2012-12-03
"253","multinervis","Manilkara","2013",25,0.864975,688,2.37576273300864,2013-10-10
"467","multinervis","Manilkara","2014",25.0106547217917,0.864975,689,2.38368950828742,2014-11-28
"674","multinervis","Manilkara","2015",25.1582183831841,0.864975,703,2.49618467811998,2015-09-14
"39","multinervis","Manilkara","2012",6.14208634983552,0.864975,100,0.0123311079070277,2012-12-03
"254","multinervis","Manilkara","2013",6.5,0.864975,105,0.0143872614296775,2013-10-10
"468","multinervis","Manilkara","2014",6.77426651051893,0.864975,109,0.016158515336798,2014-11-28
"675","multinervis","Manilkara","2015",7.3562629741386,0.864975,118,0.0205639927073618,2015-09-14
"40","tragacantha","Sterculia","2012",13.7627949339301,0.51425,213,0.0745285670457501,2012-12-03
"255","tragacantha","Sterculia","2013",14,0.51425,220,0.0808779850032,2013-10-10
"469","tragacantha","Sterculia","2014",13.9330061584575,0.51425,218,0.0790341417679209,2014-11-28
"676","tragacantha","Sterculia","2015",14.1973870114016,0.51425,226,0.0865530197808728,2015-09-14
"41","ferruginea","Bridelia","2012",8,0.514208333,136,0.0176599528226,2012-12-03
"256","ferruginea","Bridelia","2013",8,0.514208333,136,0.0176599528226,2013-10-10
"42","polyandra","Maranthes","2012",5.93111898064051,0.851291667,212,0.05267073336796,2012-12-03
"257","polyandra","Maranthes","2013",6,0.851291667,214,0.0542924955392349,2013-10-10
"470","polyandra","Maranthes","2014",6.03419947762465,0.851291667,215,0.0551134489968274,2014-11-28
"677","polyandra","Maranthes","2015",5.96564033688411,0.851291667,213,0.0534782615223383,2015-09-14
"43","ferruginea","Bridelia","2012",9.86372782136613,0.514208333,160,0.0301371916920922,2012-12-03
"258","ferruginea","Bridelia","2013",10,0.514208333,163,0.0317100512640341,2013-10-10
"471","ferruginea","Bridelia","2014",10,0.514208333,163,0.0317100512640341,2014-11-28
"678","ferruginea","Bridelia","2015",9.439030641285,0.514208333,151,0.025686387255653,2015-09-14
"44","tragacantha","Sterculia","2012",6.32027569895296,0.51425,103,0.00800326869885838,2012-12-03
"259","tragacantha","Sterculia","2013",7,0.51425,113,0.010668708579606,2013-10-10
"472","tragacantha","Sterculia","2014",7.31761561067557,0.51425,118,0.0121615948852487,2014-11-28
"679","tragacantha","Sterculia","2015",7.85681310910184,0.51425,127,0.0151255365694019,2015-09-14
"45","polyandra","Maranthes","2012",4.84977410861498,0.851291667,145,0.0201473774303532,2012-12-03
"260","polyandra","Maranthes","2013",5,0.851291667,148,0.0216398597819934,2013-10-10
"473","polyandra","Maranthes","2014",5,0.851291667,148,0.0216398597819934,2014-11-28
"680","polyandra","Maranthes","2015",4.74788671152189,0.851291667,143,0.0191837466359927,2015-09-14
"46","erinaceus","Pterocarpus","2012",15.8823898710315,0.74,495,0.668406393211919,2012-12-03
"261","erinaceus","Pterocarpus","2013",16,0.74,503,0.69529690708224,2013-10-10
"474","erinaceus","Pterocarpus","2014",16.0291102551205,0.74,505,0.702112196256927,2014-11-28
"681","erinaceus","Pterocarpus","2015",16.0291102551205,0.74,505,0.702112196256927,2015-09-14
"47","avicennioides","Terminalia","2012",9.86782030385107,0.636249147,110,0.0176326034560252,2012-12-03
"262","avicennioides","Terminalia","2013",10,0.636249147,112,0.0185244739295977,2013-10-10
"475","avicennioides","Terminalia","2014",10,0.636249147,112,0.0185244739295977,2014-11-28
"682","avicennioides","Terminalia","2015",10.0652073152527,0.636249147,113,0.018979704637348,2015-09-14
"48","polyandra","Maranthes","2012",14.8300516734841,0.851291667,128,0.0480091051138766,2012-12-03
"263","polyandra","Maranthes","2013",15,0.851291667,131,0.0508621667803307,2013-10-10
"476","polyandra","Maranthes","2014",15.1111502273834,0.851291667,133,0.0528155506817161,2014-11-28
"683","polyandra","Maranthes","2015",15.1661001072702,0.851291667,134,0.0538077116087338,2015-09-14
"49","africana","Prosopis","2012",22.9800386960807,0.8795,367,0.631831615037487,2012-12-03
"264","africana","Prosopis","2013",23,0.8795,368,0.635831357223936,2013-10-10
"477","africana","Prosopis","2014",23.0595600673495,0.8795,371,0.647913912501751,2014-11-28
"684","africana","Prosopis","2015",23.1772488160857,0.8795,377,0.672454729342312,2015-09-14
"50","schimperiana","Terminalia","2012",5,0.732,306,0.07954384192704,2012-12-03
"265","schimperiana","Terminalia","2013",5,0.732,306,0.07954384192704,2013-10-10
"478","schimperiana","Terminalia","2014",5,0.732,306,0.07954384192704,2014-11-28
"685","schimperiana","Terminalia","2015",4.95189638721206,0.732,304,0.0777521527400586,2015-09-14
"51","oliveri","Daniellia","2012",21.9290080782336,0.493363636,617,0.95595858273241,2012-12-03
"266","oliveri","Daniellia","2013",22,0.493363636,623,0.977796628016574,2013-10-10
"479","oliveri","Daniellia","2014",22,0.493363636,623,0.977796628016574,2014-11-28
"686","oliveri","Daniellia","2015",21.9527484700343,0.493363636,619,0.963207732790525,2015-09-14
"52","ferruginea","Bridelia","2012",7,0.514208333,150,0.0187975952203145,2012-12-03
"267","ferruginea","Bridelia","2013",7,0.514208333,150,0.0187975952203145,2013-10-10
"480","ferruginea","Bridelia","2014",7.0487428681292,0.514208333,151,0.0191817089971477,2014-11-28
"687","ferruginea","Bridelia","2015",6.85179749151678,0.514208333,147,0.017670991724618,2015-09-14
"53","erinaceus","Pterocarpus","2012",6.94870066742118,0.74,285,0.0969410386425667,2012-12-03
"268","erinaceus","Pterocarpus","2013",7,0.74,287,0.09903214326768,2013-10-10
"481","erinaceus","Pterocarpus","2014",7.02551576368639,0.74,288,0.100086967941357,2014-11-28
"688","erinaceus","Pterocarpus","2015",6.97439517587589,0.74,286,0.0979835030999605,2015-09-14
"54","ferruginea","Bridelia","2012",5,0.514208333,148,0.0130711912922467,2012-12-03
"269","ferruginea","Bridelia","2013",5,0.514208333,148,0.0130711912922467,2013-10-10
"482","ferruginea","Bridelia","2014",5.24373586406545,0.514208333,153,0.0146502624333189,2014-11-28
"55","ferruginea","Bridelia","2012",6,0.514208333,104,0.00774532532963513,2012-12-03
"270","ferruginea","Bridelia","2013",6,0.514208333,104,0.00774532532963513,2013-10-10
"483","ferruginea","Bridelia","2014",6,0.514208333,104,0.00774532532963513,2014-11-28
"689","ferruginea","Bridelia","2015",6,0.514208333,104,0.00774532532963513,2015-09-14
"56","paradoxa","Vitellaria","2012",11.9410777983666,0.737922763,248,0.125788350440752,2012-12-03
"271","paradoxa","Vitellaria","2013",12,0.737922763,250,0.128456118737514,2013-10-10
"484","paradoxa","Vitellaria","2014",12,0.737922763,250,0.128456118737514,2014-11-28
"690","paradoxa","Vitellaria","2015",12.0584526970306,0.737922763,252,0.131155406566126,2015-09-14
"57","schimperiana","Terminalia","2012",11.9688501669361,0.732,470,0.449202176840394,2012-12-03
"272","schimperiana","Terminalia","2013",12,0.732,472,0.454212361396224,2013-10-10
"485","schimperiana","Terminalia","2014",12.0619056388048,0.732,476,0.464326572425937,2014-11-28
"691","schimperiana","Terminalia","2015",12,0.732,472,0.454212361396224,2015-09-14
"58","erinaceus","Pterocarpus","2012",17.9203491125545,0.74,458,0.645641989053494,2012-12-03
"273","erinaceus","Pterocarpus","2013",18,0.74,463,0.66274861964832,2013-10-10
"486","erinaceus","Pterocarpus","2014",18.0158269201931,0.74,464,0.666199813419639,2014-11-28
"692","erinaceus","Pterocarpus","2015",18.110077998261,0.74,470,0.687116506063834,2015-09-14
"59","ferruginea","Bridelia","2012",5.70356473247875,0.514208333,194,0.0256195542998847,2012-12-03
"274","ferruginea","Bridelia","2013",6,0.514208333,202,0.0292196981093225,2013-10-10
"487","ferruginea","Bridelia","2014",6,0.514208333,202,0.0292196981093225,2014-11-28
"693","ferruginea","Bridelia","2015",5.70356473247875,0.514208333,194,0.0256195542998847,2015-09-14
"60","tragacantha","Sterculia","2012",7.30082599777412,0.51425,110,0.0105442159921241,2012-12-03
"275","tragacantha","Sterculia","2013",8,0.51425,121,0.013980337407696,2013-10-10
"488","tragacantha","Sterculia","2014",8.29703550273526,0.51425,126,0.0157224768532654,2014-11-28
"694","tragacantha","Sterculia","2015",8.52629711955692,0.51425,130,0.0171990354879061,2015-09-14
"61","acida","Lannea","2012",6.79715459704599,0.405333333,107,0.00732132435992721,2012-12-03
"276","acida","Lannea","2013",7,0.405333333,110,0.00796853262704693,2013-10-10
"489","acida","Lannea","2014",7.06638755412,0.405333333,111,0.00819102695199362,2014-11-28
"695","acida","Lannea","2015",7.13217969614893,0.405333333,112,0.00841692130962134,2015-09-14
"62","erubescens","Gardenia","2012",5,0.69565607,159,0.0204099272607521,2012-12-03
"277","erubescens","Gardenia","2013",5,0.69565607,159,0.0204099272607521,2013-10-10
"490","erubescens","Gardenia","2014",5.447442000926,0.69565607,169,0.0251213646848039,2014-11-28
"696","erubescens","Gardenia","2015",5.74516647052383,0.69565607,176,0.0287346000583764,2015-09-14
"63","tragacantha","Sterculia","2012",9.67643237134315,0.51425,101,0.0117818893195613,2012-12-03
"151","senegalensis","Khaya","2012",16.4704089336739,0.635166667,255,0.157890160649051,2012-12-03
"278","tragacantha","Sterculia","2013",10.5,0.51425,113,0.016003062869409,2013-10-10
"366","senegalensis","Khaya","2013",16.612855635927,0.635166667,260,0.165562246498625,2013-10-10
"491","tragacantha","Sterculia","2014",10.3026129885984,0.51425,110,0.0148795460497434,2014-11-28
"577","senegalensis","Khaya","2014",16.7525889019872,0.635166667,265,0.173437898556195,2014-11-28
"697","tragacantha","Sterculia","2015",10.3026129885984,0.51425,110,0.0148795460497434,2015-09-14
"782","senegalensis","Khaya","2015",16.7525889019872,0.635166667,265,0.173437898556195,2015-09-14
"64","senegalensis","Khaya","2012",22.4055466608172,0.635166667,463,0.708089003870691,2012-12-03
"279","senegalensis","Khaya","2013",22.5,0.635166667,469,0.729623018987594,2013-10-10
"492","senegalensis","Khaya","2014",22.5467744921422,0.635166667,472,0.74052332422573,2014-11-28
"698","senegalensis","Khaya","2015",22.7611965323296,0.635166667,486,0.792570586325283,2015-09-14
"65","tragacantha","Sterculia","2012",22.3561566723902,0.51425,101,0.0272205450745388,2012-12-03
"280","tragacantha","Sterculia","2013",22.5,0.51425,103,0.028491406752105,2013-10-10
"493","tragacantha","Sterculia","2014",22.5,0.51425,103,0.028491406752105,2014-11-28
"699","tragacantha","Sterculia","2015",22.5,0.51425,103,0.028491406752105,2015-09-14
"66","tragacantha","Sterculia","2012",8.88508961419806,0.51425,127,0.0171051221424979,2012-12-03
"281","tragacantha","Sterculia","2013",9.6,0.51425,140,0.02245868013312,2013-10-10
"494","tragacantha","Sterculia","2014",10.0570472488436,0.51425,149,0.0266501680955373,2014-11-28
"700","tragacantha","Sterculia","2015",10.5335637385601,0.51425,159,0.03178531366613,2015-09-14
"67","tragacantha","Sterculia","2012",9.94609360937324,0.51425,102,0.0123512186861629,2012-12-03
"282","tragacantha","Sterculia","2013",10.5,0.51425,110,0.0151646221881,2013-10-10
"495","tragacantha","Sterculia","2014",10.8260881136354,0.51425,115,0.0170892956618877,2014-11-28
"701","tragacantha","Sterculia","2015",11.076908260882,0.51425,119,0.0187227400297066,2015-09-14
"68","capensis","Ekebergia","2012",10.5260209049236,0.51,125,0.0194687045878025,2012-12-03
"283","capensis","Ekebergia","2013",10.7,0.51,128,0.020751835594752,2013-10-10
"496","capensis","Ekebergia","2014",10.7570880286862,0.51,129,0.0211898042286246,2014-11-28
"702","capensis","Ekebergia","2015",11.4095867430288,0.51,141,0.0268510294496384,2015-09-14
"69","tragacantha","Sterculia","2012",9.93543114432173,0.51425,150,0.0266824780837405,2012-12-03
"284","tragacantha","Sterculia","2013",10.5,0.51425,162,0.032890937578884,2013-10-10
"497","tragacantha","Sterculia","2014",10.8103207251601,0.51425,169,0.0368526662084583,2014-11-28
"703","tragacantha","Sterculia","2015",11.0242068574929,0.51425,174,0.0398384814382482,2015-09-14
"70","tragacantha","Sterculia","2012",16.1086659063181,0.51425,219,0.0922156707191678,2012-12-03
"285","tragacantha","Sterculia","2013",16.5,0.51425,231,0.105090831763533,2013-10-10
"498","tragacantha","Sterculia","2014",16.8108844301332,0.51425,241,0.11654176015253,2014-11-28
"704","tragacantha","Sterculia","2015",17.2251107693652,0.51425,255,0.133690118931034,2015-09-14
"71","tragacantha","Sterculia","2012",7.80082599777412,0.51425,100,0.00931102550266452,2012-12-03
"286","tragacantha","Sterculia","2013",8.5,0.51425,110,0.0122761227237,2013-10-10
"499","tragacantha","Sterculia","2014",8.7620198053975,0.51425,114,0.0135916085676168,2014-11-28
"705","tragacantha","Sterculia","2015",8.95257012043854,0.51425,117,0.0146277112949222,2015-09-14
"72","tragacantha","Sterculia","2012",10.0074812032879,0.51425,144,0.0247688984515798,2012-12-03
"287","tragacantha","Sterculia","2013",10.5,0.51425,154,0.029722659488676,2013-10-10
"500","tragacantha","Sterculia","2014",11.0061161586477,0.51425,165,0.0357650557080503,2014-11-28
"706","tragacantha","Sterculia","2015",11.4377568079306,0.51425,175,0.0418093947899949,2015-09-14
"73","tragacantha","Sterculia","2012",6.14208634983552,0.51425,100,0.00733116245115639,2012-12-03
"288","tragacantha","Sterculia","2013",6.5,0.51425,105,0.008553598878825,2013-10-10
"501","tragacantha","Sterculia","2014",6.5,0.51425,105,0.008553598878825,2014-11-28
"707","tragacantha","Sterculia","2015",6.70665520551378,0.51425,108,0.00933706572392175,2015-09-14
"74","tragacantha","Sterculia","2012",10.3376760376941,0.51425,127,0.0199015675668334,2012-12-03
"289","tragacantha","Sterculia","2013",11,0.51425,139,0.025367590068942,2013-10-10
"502","tragacantha","Sterculia","2014",11.36042633204,0.51425,146,0.0289039546224448,2014-11-28
"708","tragacantha","Sterculia","2015",11.846416895996,0.51425,156,0.0344106704362032,2015-09-14
"75","tragacantha","Sterculia","2012",8.51766271035459,0.51425,103,0.0107857863492422,2012-12-03
"290","tragacantha","Sterculia","2013",9,0.51425,110,0.0129982475898,2013-10-10
"503","tragacantha","Sterculia","2014",9.19738701140163,0.51425,113,0.0140177488169282,2014-11-28
"709","tragacantha","Sterculia","2015",9.45257012043854,0.51425,117,0.0154446672694712,2015-09-14
"76","tragacantha","Sterculia","2012",10.6049258170361,0.51425,131,0.0217223672376869,2012-12-03
"291","tragacantha","Sterculia","2013",11.5,0.51425,148,0.030066176077872,2013-10-10
"504","tragacantha","Sterculia","2014",11.8861825663185,0.51425,156,0.0345261790653657,2014-11-28
"710","tragacantha","Sterculia","2015",12.386026151122,0.51425,167,0.0412308093793549,2015-09-14
"77","tragacantha","Sterculia","2012",10.1376760376941,0.51425,127,0.0195165377497978,2012-12-03
"292","tragacantha","Sterculia","2013",10.8,0.51425,139,0.0249063611585976,2013-10-10
"505","tragacantha","Sterculia","2014",11.5039701937429,0.51425,153,0.0321430833757945,2014-11-28
"711","tragacantha","Sterculia","2015",12.0132820721815,0.51425,164,0.0385661508728711,2015-09-14
"78","tragacantha","Sterculia","2012",11.1442563763752,0.51425,161,0.0344794057365425,2012-12-03
"293","tragacantha","Sterculia","2013",11.5,0.51425,169,0.039203800902123,2013-10-10
"506","tragacantha","Sterculia","2014",11.7138861323328,0.51425,174,0.0423307945220125,2014-11-28
"712","tragacantha","Sterculia","2015",11.9217123450586,0.51425,179,0.0455933628677068,2015-09-14
"79","tragacantha","Sterculia","2012",8.14208634983552,0.51425,100,0.00971835209115639,2012-12-03
"294","tragacantha","Sterculia","2013",8.5,0.51425,105,0.011185475456925,2013-10-10
"507","tragacantha","Sterculia","2014",8.63841494910739,0.51425,107,0.01180479752329,2014-11-28
"713","tragacantha","Sterculia","2015",8.77426651051893,0.51425,109,0.0124428751307364,2015-09-14
"80","tragacantha","Sterculia","2012",6.79334479448622,0.51425,105,0.00893962252578291,2012-12-03
"295","tragacantha","Sterculia","2013",7,0.51425,108,0.009745462986336,2013-10-10
"508","tragacantha","Sterculia","2014",7.13460514654762,0.51425,110,0.0103041515722541,2014-11-28
"714","tragacantha","Sterculia","2015",7.06761130500514,0.51425,109,0.0100226503076163,2015-09-14
"81","tragacantha","Sterculia","2012",6.358923062416,0.51425,103,0.00805220726562824,2012-12-03
"296","tragacantha","Sterculia","2013",6.5,0.51425,105,0.008553598878825,2013-10-10
"509","tragacantha","Sterculia","2014",6.70665520551378,0.51425,108,0.00933706572392175,2014-11-28
"715","tragacantha","Sterculia","2015",6.8412603520614,0.51425,110,0.00988048843137516,2015-09-14
"82","ferruginea","Bridelia","2012",6.68417138014868,0.514208333,121,0.0116799249579763,2012-12-03
"297","ferruginea","Bridelia","2013",6.5,0.514208333,118,0.0108018739873637,2013-10-10
"510","ferruginea","Bridelia","2014",6.5,0.514208333,118,0.0108018739873637,2014-11-28
"716","ferruginea","Bridelia","2015",6.68417138014868,0.514208333,121,0.0116799249579763,2015-09-14
"83","floribunda","Holarrhena","2012",11.8110854915582,0.469,115,0.0170036031944543,2012-12-03
"298","floribunda","Holarrhena","2013",12,0.469,118,0.018188660988288,2013-10-10
"511","floribunda","Holarrhena","2014",12.2445484671861,0.469,122,0.0198389144056175,2014-11-28
"717","floribunda","Holarrhena","2015",12.36383198422,0.469,124,0.0206943568023099,2015-09-14
"84","floribunda","Holarrhena","2012",14.1058437641891,0.469,108,0.0179102664963757,2012-12-03
"299","floribunda","Holarrhena","2013",15,0.469,122,0.02430336380976,2013-10-10
"512","floribunda","Holarrhena","2014",15.2366584156979,0.469,126,0.0263321481188321,2014-11-28
"718","floribunda","Holarrhena","2015",16.5644184438191,0.469,151,0.0411136046380751,2015-09-14
"85","erinaceus","Pterocarpus","2012",14.9121453611488,0.74,249,0.158800976031913,2012-12-03
"300","erinaceus","Pterocarpus","2013",15,0.74,252,0.1636088098176,2013-10-10
"513","erinaceus","Pterocarpus","2014",15.0868149145686,0.74,255,0.168497036914227,2014-11-28
"719","erinaceus","Pterocarpus","2015",15.0868149145686,0.74,255,0.168497036914227,2015-09-14
"86","tragacantha","Sterculia","2012",9.60691804482211,0.51425,109,0.0136236666027449,2012-12-03
"301","tragacantha","Sterculia","2013",10,0.51425,115,0.0157852914945,2013-10-10
"514","tragacantha","Sterculia","2014",10.2508201472466,0.51425,119,0.0173264449057462,2014-11-28
"720","tragacantha","Sterculia","2015",10.6116686942952,0.51425,125,0.019790676226667,2015-09-14
"87","multinervis","Manilkara","2012",12.8479577768706,0.864975,191,0.0940994349555934,2012-12-03
"302","multinervis","Manilkara","2013",13,0.864975,195,0.099242742106755,2013-10-10
"515","multinervis","Manilkara","2014",13.2223132150102,0.864975,201,0.107247144054784,2014-11-28
"721","multinervis","Manilkara","2015",13.7162538112546,0.864975,215,0.127291268129947,2015-09-14
"88","multinervis","Manilkara","2012",12.9658005223753,0.864975,214,0.119210102901548,2012-12-03
"303","multinervis","Manilkara","2013",13,0.864975,215,0.120644201285595,2013-10-10
"516","multinervis","Manilkara","2014",13.2350334794494,0.864975,222,0.130953519066344,2014-11-28
"722","multinervis","Manilkara","2015",13.6212160457679,0.864975,234,0.149738602841782,2015-09-14
"89","adianthifolia","Albizia","2012",19.3360096367486,0.5075,190,0.0822228880848207,2012-12-03
"304","adianthifolia","Albizia","2013",20,0.5075,208,0.1019237366784,2013-10-10
"90","leiocarpus","Anogeissus","2012",23.7680194155179,0.705899829,249,0.241444540379848,2012-12-03
"305","leiocarpus","Anogeissus","2013",24,0.705899829,257,0.259718681870301,2013-10-10
"517","leiocarpus","Anogeissus","2014",24.3347702386911,0.705899829,269,0.288507768599282,2014-11-28
"723","leiocarpus","Anogeissus","2015",24.6809871954437,0.705899829,282,0.321578085288273,2015-09-14
"91","tragacantha","Sterculia","2012",19.7633415843021,0.51425,305,0.219440599465849,2012-12-03
"306","tragacantha","Sterculia","2013",20,0.51425,315,0.236868892029,2013-10-10
"518","tragacantha","Sterculia","2014",20.0925662082101,0.51425,319,0.244047127103167,2014-11-28
"724","tragacantha","Sterculia","2015",20.4076479061814,0.51425,333,0.270108558466738,2015-09-14
"92","multinervis","Manilkara","2012",16.4067868695563,0.864975,391,0.503573921976461,2012-12-03
"307","multinervis","Manilkara","2013",16.5,0.864975,396,0.519470029762834,2013-10-10
"519","multinervis","Manilkara","2014",16.5369561218072,0.864975,398,0.525905725094302,2014-11-28
"725","multinervis","Manilkara","2015",16.6467203840891,0.864975,404,0.545478446990702,2015-09-14
"93","tragacantha","Sterculia","2012",9.68999156170756,0.51425,139,0.0223465212462641,2012-12-03
"308","tragacantha","Sterculia","2013",10,0.51425,145,0.0250953310905,2013-10-10
"520","tragacantha","Sterculia","2014",9.94923319071741,0.51425,144,0.0246247323943015,2014-11-28
"726","tragacantha","Sterculia","2015",9.89811260290691,0.51425,143,0.024159135544497,2015-09-14
"94","tragacantha","Sterculia","2012",8.49498477644755,0.51425,101,0.0103433751786321,2012-12-03
"309","tragacantha","Sterculia","2013",10,0.51425,124,0.01835271395232,2013-10-10
"521","tragacantha","Sterculia","2014",10.7313720407374,0.51425,137,0.02404104332787,2014-11-28
"727","tragacantha","Sterculia","2015",11.1981158085522,0.51425,146,0.0284909933595027,2015-09-14
"95","floribunda","Holarrhena","2012",14.489479293238,0.469,111,0.0194336422599394,2012-12-03
"310","floribunda","Holarrhena","2013",15,0.469,119,0.02312281207404,2013-10-10
"522","floribunda","Holarrhena","2014",15.0613875939147,0.469,120,0.0236092909760632,2014-11-28
"728","floribunda","Holarrhena","2015",14.8756618595565,0.469,117,0.0221668248127957,2015-09-14
"96","tragacantha","Sterculia","2012",8.75946124849942,0.51425,120,0.0150555565039675,2012-12-03
"311","tragacantha","Sterculia","2013",9,0.51425,124,0.016517442557088,2013-10-10
"523","tragacantha","Sterculia","2014",9,0.51425,124,0.016517442557088,2014-11-28
"729","tragacantha","Sterculia","2015",9.05892220163336,0.51425,125,0.0168948165853946,2015-09-14
"97","erinaceus","Pterocarpus","2012",13.9393734180331,0.74,241,0.139056624286608,2012-12-03
"312","erinaceus","Pterocarpus","2013",14,0.74,243,0.14198907423456,2013-10-10
"524","erinaceus","Pterocarpus","2014",13.9393734180331,0.74,241,0.139056624286608,2014-11-28
"730","erinaceus","Pterocarpus","2015",14.0301264269987,0.74,244,0.143468177666345,2015-09-14
"98","erinaceus","Pterocarpus","2012",8,0.74,136,0.02541453385728,2012-12-03
"313","erinaceus","Pterocarpus","2013",8,0.74,136,0.02541453385728,2013-10-10
"525","erinaceus","Pterocarpus","2014",8,0.74,136,0.02541453385728,2014-11-28
"731","erinaceus","Pterocarpus","2015",7.94586119586881,0.74,135,0.0248726956613255,2015-09-14
"99","erinaceus","Pterocarpus","2012",10,0.74,183,0.0575196883344,2012-12-03
"314","erinaceus","Pterocarpus","2013",10,0.74,183,0.0575196883344,2013-10-10
"526","erinaceus","Pterocarpus","2014",10.0399770725825,0.74,184,0.0583825032000941,2014-11-28
"732","erinaceus","Pterocarpus","2015",10.0399770725825,0.74,184,0.0583825032000941,2015-09-14
"100","suaveolens","Erythrophleum","2012",21.8572761466176,0.8726,509,1.14691025916528,2012-12-03
"315","suaveolens","Erythrophleum","2013",22,0.8726,519,1.20020444310128,2013-10-10
"527","suaveolens","Erythrophleum","2014",22.1261195762967,0.8726,528,1.24931206421459,2014-11-28
"733","suaveolens","Erythrophleum","2015",22.3316168977162,0.8726,543,1.33357566428963,2015-09-14
"101","tragacantha","Sterculia","2012",13.1942984895659,0.51425,188,0.0556620155911542,2012-12-03
"316","tragacantha","Sterculia","2013",13.5,0.51425,196,0.061901737116912,2013-10-10
"528","tragacantha","Sterculia","2014",13.5744755093648,0.51425,198,0.0635199816860643,2014-11-28
"734","tragacantha","Sterculia","2015",13.5,0.51425,196,0.061901737116912,2015-09-14
"102","multinervis","Manilkara","2012",7.67208956001961,0.864975,175,0.0471710932529494,2012-12-03
"317","multinervis","Manilkara","2013",8,0.864975,183,0.0537871269373488,2013-10-10
"529","multinervis","Manilkara","2014",8.31387780939018,0.864975,191,0.0608914831244109,2014-11-28
"735","multinervis","Manilkara","2015",8.83278520870505,0.864975,205,0.0745232132236738,2015-09-14
"103","multinervis","Manilkara","2012",12.3643995648457,0.864975,268,0.17829074497448,2012-12-03
"318","multinervis","Manilkara","2013",12.5,0.864975,273,0.187034398585808,2013-10-10
"530","multinervis","Manilkara","2014",12.6857257343581,0.864975,280,0.199672180584367,2014-11-28
"736","multinervis","Manilkara","2015",12.9684000104553,0.864975,291,0.220474596400247,2015-09-14
"104","multinervis","Manilkara","2012",8.81108549155822,0.864975,115,0.0233943657931574,2012-12-03
"319","multinervis","Manilkara","2013",9,0.864975,118,0.0251589611487384,2013-10-10
"531","multinervis","Manilkara","2014",9.24454846718606,0.864975,122,0.0276243167712783,2014-11-28
"737","multinervis","Manilkara","2015",10.1485553485808,0.864975,138,0.0388015056155055,2015-09-14
"105","leiocarpus","Anogeissus","2012",18.5,0.705899829,319,0.308445753996634,2012-12-03
"320","leiocarpus","Anogeissus","2013",18.5,0.705899829,319,0.308445753996634,2013-10-10
"532","leiocarpus","Anogeissus","2014",18.6140889973037,0.705899829,324,0.32015295015367,2014-11-28
"738","leiocarpus","Anogeissus","2015",18.6592323684697,0.705899829,326,0.324903713340819,2015-09-14
"106","erinaceus","Pterocarpus","2012",17.4092059220108,0.74,408,0.497752709999966,2012-12-03
"321","erinaceus","Pterocarpus","2013",17.4092059220108,0.74,408,0.497752709999966,2013-10-10
"107","discoidea","Margaritaria","2012",16.4501693779418,0.7195,358,0.352086886911344,2012-12-03
"322","discoidea","Margaritaria","2013",16.4501693779418,0.7195,358,0.352086886911344,2013-10-10
"533","discoidea","Margaritaria","2014",16.5113862116134,0.7195,361,0.359344798648188,2014-11-28
"739","discoidea","Margaritaria","2015",16.612292543534,0.7195,366,0.371625207342938,2015-09-14
"108","indet","Cassia","2012",15.7826278098716,0.7385,532,0.765659550745993,2012-12-03
"323","indet","Cassia","2013",16,0.7385,548,0.823595991622656,2013-10-10
"534","indet","Cassia","2014",16.1457925516447,0.7385,559,0.8648008515704,2014-11-28
"740","indet","Cassia","2015",16.4036670708155,0.7385,579,0.942608167172467,2015-09-14
"109","erinaceus","Pterocarpus","2012",8,0.74,157,0.03386909845632,2012-12-03
"324","erinaceus","Pterocarpus","2013",8,0.74,157,0.03386909845632,2013-10-10
"535","erinaceus","Pterocarpus","2014",8.04657650354081,0.74,158,0.0345016339677184,2014-11-28
"741","erinaceus","Pterocarpus","2015",8,0.74,157,0.03386909845632,2015-09-14
"110","floribunda","Holarrhena","2012",7.92772577337155,0.469,101,0.0088033270074223,2012-12-03
"325","floribunda","Holarrhena","2013",8,0.469,102,0.009060367180032,2013-10-10
"536","floribunda","Holarrhena","2014",8.1424467022531,0.469,104,0.00958687513294647,2014-11-28
"742","floribunda","Holarrhena","2015",8.07156910098136,0.469,103,0.00932154469460327,2015-09-14
"111","avicennioides","Terminalia","2012",5.64941845905557,0.636249147,143,0.0170602604748985,2012-12-03
"326","avicennioides","Terminalia","2013",6,0.636249147,150,0.0199362562220639,2013-10-10
"537","avicennioides","Terminalia","2014",6,0.636249147,150,0.0199362562220639,2014-11-28
"743","avicennioides","Terminalia","2015",6.38116493639381,0.636249147,158,0.0235246939538512,2015-09-14
"112","floribunda","Holarrhena","2012",9.64208634983552,0.469,100,0.010496064339567,2012-12-03
"327","floribunda","Holarrhena","2013",10,0.469,105,0.012001459554,2013-10-10
"538","floribunda","Holarrhena","2014",10.0695339297479,0.469,106,0.0123161953254266,2014-11-28
"744","floribunda","Holarrhena","2015",10.2742665105189,0.469,109,0.0132879899373544,2015-09-14
"113","tragacantha","Sterculia","2012",9.59516489088679,0.51425,141,0.0227691906261981,2012-12-03
"328","tragacantha","Sterculia","2013",10,0.51425,149,0.02649899859882,2013-10-10
"539","tragacantha","Sterculia","2014",10.4765164897165,0.51425,159,0.0316131720487925,2014-11-28
"745","tragacantha","Sterculia","2015",11.2216829602403,0.51425,176,0.0414896962820107,2015-09-14
"114","zanthoxyloides","Zanthoxylum","2012",6,0.540326299,101,0.00767596046392129,2012-12-03
"329","zanthoxyloides","Zanthoxylum","2013",6,0.540326299,101,0.00767596046392129,2013-10-10
"540","zanthoxyloides","Zanthoxylum","2014",6,0.540326299,101,0.00767596046392129,2014-11-28
"746","zanthoxyloides","Zanthoxylum","2015",6.55918677571274,0.540326299,109,0.00977331113689215,2015-09-14
"115","floribunda","Holarrhena","2012",7.45127515623459,0.469,103,0.00860519107643927,2012-12-03
"330","floribunda","Holarrhena","2013",8,0.469,111,0.010729794696768,2013-10-10
"541","floribunda","Holarrhena","2014",8.32321415682532,0.469,116,0.01219165081404,2014-11-28
"747","floribunda","Holarrhena","2015",8.75304774250404,0.469,123,0.0144153432452536,2015-09-14
"116","velutina","Lannea","2012",15.207699393617,0.405333333,369,0.194809977658863,2012-12-03
"331","velutina","Lannea","2013",15.5,0.405333333,384,0.215025067052354,2013-10-10
"542","velutina","Lannea","2014",15.6137352187758,0.405333333,390,0.223424589740577,2014-11-28
"748","velutina","Lannea","2015",15.6885907118067,0.405333333,394,0.229124389962127,2015-09-14
"117","suaveolens","Erythrophleum","2012",22.1033750480549,0.8726,288,0.371314066552917,2012-12-03
"332","suaveolens","Erythrophleum","2013",22.5,0.8726,304,0.421140995103744,2013-10-10
"543","suaveolens","Erythrophleum","2014",22.7607496513533,0.8726,315,0.457409840076161,2014-11-28
"749","suaveolens","Erythrophleum","2015",23.0797466337802,0.8726,329,0.505965222251479,2015-09-14
"118","tragacantha","Sterculia","2012",10.1009773442702,0.51425,161,0.0312515868646945,2012-12-03
"333","tragacantha","Sterculia","2013",10.5,0.51425,170,0.0362196348129,2013-10-10
"544","tragacantha","Sterculia","2014",10.7544454374928,0.51425,176,0.0397621886542298,2014-11-28
"750","tragacantha","Sterculia","2015",11.5813320040962,0.51425,197,0.053647302484603,2015-09-14
"119","suaveolens","Erythrophleum","2012",19.6352400827367,0.8726,255,0.258591598234115,2012-12-03
"334","suaveolens","Erythrophleum","2013",20,0.8726,268,0.290935969070592,2013-10-10
"545","suaveolens","Erythrophleum","2014",20.2157736338649,0.8726,276,0.311893528545895,2014-11-28
"751","suaveolens","Erythrophleum","2015",20.2423044933948,0.8726,277,0.314570016551671,2015-09-14
"120","capensis","Ekebergia","2012",23.2293928997722,0.51,340,0.317869233626492,2012-12-03
"335","capensis","Ekebergia","2013",23.4,0.51,348,0.335449498086144,2013-10-10
"546","capensis","Ekebergia","2014",23.4420389383376,0.51,350,0.33992591308385,2014-11-28
"752","capensis","Ekebergia","2015",23.6078262127258,0.51,358,0.358158162989462,2015-09-14
"121","campanulata","Spathodea","2012",11.9156798226308,0.232,173,0.0192035553381682,2012-12-03
"336","campanulata","Spathodea","2013",12,0.232,175,0.01978918704,2013-10-10
"547","campanulata","Spathodea","2014",12.1657872743882,0.232,179,0.0209902151515901,2014-11-28
"753","campanulata","Spathodea","2015",12.2877143138522,0.232,182,0.0219171707668284,2015-09-14
"122","tragacantha","Sterculia","2012",11.2976209675388,0.51425,143,0.0275750304361019,2012-12-03
"337","tragacantha","Sterculia","2013",11.5,0.51425,147,0.029661249035187,2013-10-10
"548","tragacantha","Sterculia","2014",11.5,0.51425,147,0.029661249035187,2014-11-28
"754","tragacantha","Sterculia","2015",11.4499262583795,0.51425,146,0.0291316663063216,2015-09-14
"123","suaveolens","Erythrophleum","2012",18.3088289297512,0.8726,303,0.340442410976293,2012-12-03
"338","suaveolens","Erythrophleum","2013",18.5,0.8726,311,0.36240179500781,2013-10-10
"549","suaveolens","Erythrophleum","2014",18.6632831246929,0.8726,318,0.382243507935324,2014-11-28
"755","suaveolens","Erythrophleum","2015",18.8004044004587,0.8726,324,0.399719232811821,2015-09-14
"124","tragacantha","Sterculia","2012",12.8712988977662,0.51425,226,0.0784686497035838,2012-12-03
"339","tragacantha","Sterculia","2013",13,0.51425,230,0.0820835157714,2013-10-10
"550","tragacantha","Sterculia","2014",13.0318255365291,0.51425,231,0.0830015384867327,2014-11-28
"756","tragacantha","Sterculia","2015",13,0.51425,230,0.0820835157714,2015-09-14
"125","mespiliformis","Diospyros","2012",26.5,0.701666667,417,0.750466748765456,2012-12-03
"340","mespiliformis","Diospyros","2013",26.5,0.701666667,417,0.750466748765456,2013-10-10
"551","mespiliformis","Diospyros","2014",26.5175707261583,0.701666667,418,0.754570409034275,2014-11-28
"757","mespiliformis","Diospyros","2015",26.622120353244,0.701666667,424,0.779449219146326,2015-09-14
"126","tragacantha","Sterculia","2012",14.8921190165742,0.51425,270,0.129580888092977,2012-12-03
"341","tragacantha","Sterculia","2013",15,0.51425,274,0.13441548705948,2013-10-10
"552","tragacantha","Sterculia","2014",15.0533513236233,0.51425,276,0.136870006240807,2014-11-28
"758","tragacantha","Sterculia","2015",15.2370833700594,0.51425,283,0.145657093702952,2015-09-14
"127","tragacantha","Sterculia","2012",11.2796899091993,0.51425,164,0.0362111053601849,2012-12-03
"342","tragacantha","Sterculia","2013",11.5,0.51425,169,0.039203800902123,2013-10-10
"553","tragacantha","Sterculia","2014",11.586304226785,0.51425,171,0.0404384102535643,2014-11-28
"759","tragacantha","Sterculia","2015",11.543279032105,0.51425,170,0.0398184143891666,2015-09-14
"128","velutina","Lannea","2012",9.6,0.405333333,119,0.012789692433335,2012-12-03
"343","velutina","Lannea","2013",9.6,0.405333333,119,0.012789692433335,2013-10-10
"554","velutina","Lannea","2014",9.6,0.405333333,119,0.012789692433335,2014-11-28
"760","velutina","Lannea","2015",9.47566185955654,0.405333333,117,0.0122032700724386,2015-09-14
"129","multinervis","Manilkara","2012",25.8743843507956,0.864975,579,1.74145931616682,2012-12-03
"344","multinervis","Manilkara","2013",26,0.864975,589,1.8108818584835,2013-10-10
"555","multinervis","Manilkara","2014",26.0743497039839,0.864975,595,1.85324824608914,2014-11-28
"761","multinervis","Manilkara","2015",26.1479534117358,0.864975,601,1.89615059617213,2015-09-14
"130","tragacantha","Sterculia","2012",6.96341251934788,0.51425,200,0.0332459724504671,2012-12-03
"345","tragacantha","Sterculia","2013",7,0.51425,201,0.033755697025974,2013-10-10
"556","tragacantha","Sterculia","2014",7,0.51425,201,0.033755697025974,2014-11-28
"762","tragacantha","Sterculia","2015",7.07263202566103,0.51425,203,0.0347880483035865,2015-09-14
"131","tragacantha","Sterculia","2012",10.0846565518971,0.51425,103,0.0127700467455725,2012-12-03
"346","tragacantha","Sterculia","2013",10.5,0.51425,109,0.014890155059241,2013-10-10
"557","tragacantha","Sterculia","2014",10.5,0.51425,109,0.014890155059241,2014-11-28
"763","tragacantha","Sterculia","2015",10.5,0.51425,109,0.014890155059241,2015-09-14
"132","africana","Afzelia","2012",22,0.692642857,691,1.68877099169598,2012-12-03
"347","africana","Afzelia","2013",22,0.692642857,691,1.68877099169598,2013-10-10
"558","africana","Afzelia","2014",21.9680821483533,0.692642857,688,1.67171024964437,2014-11-28
"764","africana","Afzelia","2015",21.946726166272,0.692642857,686,1.66038943439235,2015-09-14
"133","alnifolia","Pouteria","2012",11.7888840009988,0.5545,137,0.0284772471339184,2012-12-03
"348","alnifolia","Pouteria","2013",12,0.5545,141,0.030704614338096,2013-10-10
"559","alnifolia","Pouteria","2014",12.2556277688136,0.5545,146,0.0336221474975518,2014-11-28
"765","alnifolia","Pouteria","2015",12.6469618624955,0.5545,154,0.0386021795193921,2015-09-14
"134","multinervis","Manilkara","2012",6,0.864975,104,0.0130287907586304,2012-12-03
"349","multinervis","Manilkara","2013",6,0.864975,104,0.0130287907586304,2013-10-10
"560","multinervis","Manilkara","2014",6,0.864975,104,0.0130287907586304,2014-11-28
"766","multinervis","Manilkara","2015",6.5436393845226,0.864975,112,0.0164794071349232,2015-09-14
"135","tragacantha","Sterculia","2012",15.3260209049236,0.51425,250,0.114331619770803,2012-12-03
"350","tragacantha","Sterculia","2013",15.5,0.51425,256,0.121246316691456,2013-10-10
"561","tragacantha","Sterculia","2014",15.5,0.51425,256,0.121246316691456,2014-11-28
"767","tragacantha","Sterculia","2015",15.7257339540155,0.51425,264,0.130820469417996,2015-09-14
"136","guineensis","Elaeis","2012",6.94378689225992,0.638069267,260,0.0695174017410456,2012-12-03
"351","guineensis","Elaeis","2013",7,0.638069267,262,0.0711624799929357,2013-10-10
"562","guineensis","Elaeis","2014",7.08352015832008,0.638069267,265,0.0736701126767265,2014-11-28
"768","guineensis","Elaeis","2015",7.13867661864545,0.638069267,267,0.0753686408757827,2015-09-14
"137","tragacantha","Sterculia","2012",9,0.51425,105,0.01184344460145,2012-12-03
"352","tragacantha","Sterculia","2013",9,0.51425,105,0.01184344460145,2013-10-10
"563","tragacantha","Sterculia","2014",9,0.51425,105,0.01184344460145,2014-11-28
"769","tragacantha","Sterculia","2015",9,0.51425,105,0.01184344460145,2015-09-14
"138","tragacantha","Sterculia","2012",12.9287783273104,0.51425,205,0.0648518152368059,2012-12-03
"353","tragacantha","Sterculia","2013",13,0.51425,207,0.066487647774834,2013-10-10
"564","tragacantha","Sterculia","2014",13.1055525356475,0.51425,210,0.0689843935232592,2014-11-28
"770","tragacantha","Sterculia","2015",13.3798190461664,0.51425,218,0.0758962210521918,2015-09-14
"139","tragacantha","Sterculia","2012",13.7788041065461,0.51425,196,0.0631801414510255,2012-12-03
"354","tragacantha","Sterculia","2013",14,0.51425,202,0.068184820249392,2013-10-10
"565","tragacantha","Sterculia","2014",14.1793677295463,0.51425,207,0.072519446713225,2014-11-28
"771","tragacantha","Sterculia","2015",14.6594494936146,0.51425,221,0.085459261256811,2015-09-14
"140","tragacantha","Sterculia","2012",9.50842452929241,0.51425,101,0.0115773253104413,2012-12-03
"355","tragacantha","Sterculia","2013",10,0.51425,108,0.01392208998048,2013-10-10
"566","tragacantha","Sterculia","2014",10.5871752669862,0.51425,117,0.0172985121759235,2014-11-28
"772","tragacantha","Sterculia","2015",10.8337791487735,0.51425,121,0.0189324859875394,2015-09-14
"141","tragacantha","Sterculia","2012",7.5766647856988,0.51425,101,0.00922524154469233,2012-12-03
"356","tragacantha","Sterculia","2013",8,0.51425,107,0.010932373675344,2013-10-10
"567","tragacantha","Sterculia","2014",8.52893351658943,0.51425,115,0.0134631701696575,2014-11-28
"142","tragacantha","Sterculia","2012",12.3145044442877,0.51425,190,0.0530616886632033,2012-12-03
"357","tragacantha","Sterculia","2013",12.8,0.51425,203,0.0629591666398464,2013-10-10
"568","tragacantha","Sterculia","2014",12.6540096163757,0.51425,199,0.0598124012841643,2014-11-28
"773","tragacantha","Sterculia","2015",13.4232233722721,0.51425,221,0.078252512386581,2015-09-14
"143","tragacantha","Sterculia","2012",12.977463040142,0.51425,325,0.163611357486617,2012-12-03
"358","tragacantha","Sterculia","2013",13,0.51425,326,0.164905628017416,2013-10-10
"569","tragacantha","Sterculia","2014",13.0448672631935,0.51425,328,0.167511364826396,2014-11-28
"774","tragacantha","Sterculia","2015",13.1778456718114,0.51425,334,0.175466525355527,2015-09-14
"144","multinervis","Manilkara","2012",14.2073661992099,0.864975,172,0.0843833278757236,2012-12-03
"359","multinervis","Manilkara","2013",14.5,0.864975,179,0.0932739233251743,2013-10-10
"570","multinervis","Manilkara","2014",14.621927039464,0.864975,182,0.0972374517330385,2014-11-28
"775","multinervis","Manilkara","2015",15.0524159853669,0.864975,193,0.112565942066471,2015-09-14
"145","erinaceus","Pterocarpus","2012",9.94335280991038,0.74,129,0.0284201662859896,2012-12-03
"360","erinaceus","Pterocarpus","2013",10,0.74,130,0.02902692624,2013-10-10
"571","erinaceus","Pterocarpus","2014",10.1119987352397,0.74,132,0.0302621105717169,2014-11-28
"776","erinaceus","Pterocarpus","2015",10.2223132150102,0.74,134,0.0315263088041567,2015-09-14
"146","senegalensis","Khaya","2012",13.7265854463561,0.635166667,158,0.0505181008282462,2012-12-03
"361","senegalensis","Khaya","2013",14,0.635166667,164,0.0555118953029885,2013-10-10
"572","senegalensis","Khaya","2014",14.2203100908007,0.635166667,169,0.0598760027485579,2014-11-28
"777","senegalensis","Khaya","2015",14.3066143175857,0.635166667,171,0.0616736162083389,2015-09-14
"147","guineensis","Elaeis","2012",8,0.638069267,305,0.110214850971769,2012-12-03
"362","guineensis","Elaeis","2013",8,0.638069267,305,0.110214850971769,2013-10-10
"573","guineensis","Elaeis","2014",8,0.638069267,305,0.110214850971769,2014-11-28
"778","guineensis","Elaeis","2015",7.92748763366259,0.638069267,302,0.107077916259664,2015-09-14
"148","tragacantha","Sterculia","2012",10.9142004878365,0.51425,170,0.0376484148518299,2012-12-03
"363","tragacantha","Sterculia","2013",11,0.51425,172,0.038842440070368,2013-10-10
"574","tragacantha","Sterculia","2014",11.1268465264019,0.51425,175,0.0406728982790979,2014-11-28
"779","tragacantha","Sterculia","2015",10.8709214557315,0.51425,169,0.0370592556846187,2015-09-14
"149","pentandra","Ceiba","2012",23.7776867849898,0.280642857,650,0.654384393361349,2012-12-03
"364","pentandra","Ceiba","2013",24,0.280642857,670,0.701774308652601,2013-10-10
"575","pentandra","Ceiba","2014",24.4973517912205,0.280642857,717,0.820340339503001,2014-11-28
"780","pentandra","Ceiba","2015",24.8274423281601,0.280642857,750,0.909685194474872,2015-09-14
"150","tragacantha","Sterculia","2012",13.8575532977469,0.51425,204,0.0688341284358433,2012-12-03
"365","tragacantha","Sterculia","2013",14,0.51425,208,0.072295560809472,2013-10-10
"576","tragacantha","Sterculia","2014",14.1742546223038,0.51425,213,0.0767567119188514,2014-11-28
"781","tragacantha","Sterculia","2015",14,0.51425,208,0.072295560809472,2015-09-14
"152","velutina","Lannea","2012",17.9071408529406,0.405333333,471,0.373734343987872,2012-12-03
"367","velutina","Lannea","2013",18,0.405333333,477,0.385304612535874,2013-10-10
"578","velutina","Lannea","2014",18,0.405333333,477,0.385304612535874,2014-11-28
"783","velutina","Lannea","2015",18,0.405333333,477,0.385304612535874,2015-09-14
"153","tragacantha","Sterculia","2012",7.94725350733818,0.51425,115,0.0125449713194021,2012-12-03
"368","tragacantha","Sterculia","2013",8.5,0.51425,124,0.015599806859472,2013-10-10
"579","tragacantha","Sterculia","2014",8.90284962322566,0.51425,131,0.0182359567916015,2014-11-28
"784","tragacantha","Sterculia","2015",9.12349105731163,0.51425,135,0.0198465724118745,2015-09-14
"154","tragacantha","Sterculia","2012",13.9437868922599,0.51425,260,0.112508247007109,2012-12-03
"369","tragacantha","Sterculia","2013",14,0.51425,262,0.114706371953712,2013-10-10
"580","tragacantha","Sterculia","2014",14.2477607798112,0.51425,271,0.124894157240422,2014-11-28
"785","tragacantha","Sterculia","2015",14.3552465806336,0.51425,275,0.129578506435906,2015-09-14
"155","tragacantha","Sterculia","2012",7.79900729933238,0.51425,108,0.0108578481379726,2012-12-03
"370","tragacantha","Sterculia","2013",8,0.51425,111,0.011765025421776,2013-10-10
"581","tragacantha","Sterculia","2014",8.25970055951542,0.51425,115,0.0130381780989236,2014-11-28
"786","tragacantha","Sterculia","2015",8.25970055951542,0.51425,115,0.0130381780989236,2015-09-14
"156","tragacantha","Sterculia","2012",12.9269455740708,0.51425,160,0.03949961030562,2012-12-03
"371","tragacantha","Sterculia","2013",13.5,0.51425,173,0.048226184146503,2013-10-10
"582","tragacantha","Sterculia","2014",13.8720344912214,0.51425,182,0.0548453561857684,2014-11-28
"787","tragacantha","Sterculia","2015",14.3404345016767,0.51425,194,0.0644202929559581,2015-09-14
"157","tragacantha","Sterculia","2012",9,0.51425,120,0.0154689888672,2012-12-03
"372","tragacantha","Sterculia","2013",9,0.51425,120,0.0154689888672,2013-10-10
"583","tragacantha","Sterculia","2014",9,0.51425,120,0.0154689888672,2014-11-28
"788","tragacantha","Sterculia","2015",8.93861240608535,0.51425,119,0.0151084862638485,2015-09-14
"158","tragacantha","Sterculia","2012",10.5628458031716,0.51425,114,0.0163850423424477,2012-12-03
"373","tragacantha","Sterculia","2013",11,0.51425,121,0.019222963935582,2013-10-10
"584","tragacantha","Sterculia","2014",11.1202612943982,0.51425,123,0.0200808522300469,2014-11-28
"789","tragacantha","Sterculia","2015",11.1796606040714,0.51425,124,0.0205177113150543,2015-09-14
"159","tragacantha","Sterculia","2012",11.6171770740717,0.51425,112,0.0173937642637595,2012-12-03
"374","tragacantha","Sterculia","2013",12,0.51425,118,0.019943537128416,2013-10-10
"585","tragacantha","Sterculia","2014",12.4812068828839,0.51425,126,0.0236512771642676,2014-11-28
"790","tragacantha","Sterculia","2015",12.7666816074457,0.51425,131,0.0261503523049693,2015-09-14
"160","tragacantha","Sterculia","2012",11.7873539614346,0.51425,136,0.0260226228354166,2012-12-03
"375","tragacantha","Sterculia","2013",12,0.51425,140,0.0280733501664,2013-10-10
"586","tragacantha","Sterculia","2014",12.2574220147964,0.51425,145,0.0307604063777299,2014-11-28
"791","tragacantha","Sterculia","2015",12.2574220147964,0.51425,145,0.0307604063777299,2015-09-14
"161","tragacantha","Sterculia","2012",10.9359316917621,0.51425,114,0.0169637716163417,2012-12-03
"376","tragacantha","Sterculia","2013",11,0.51425,115,0.01736382064395,2013-10-10
"587","tragacantha","Sterculia","2014",11.0635135973099,0.51425,116,0.0177691223519194,2014-11-28
"792","tragacantha","Sterculia","2015",11.1264820068031,0.51425,117,0.0181796919023395,2015-09-14
"162","erinaceus","Pterocarpus","2012",11.5011326311357,0.74,270,0.144006629183761,2012-12-03
"377","erinaceus","Pterocarpus","2013",12,0.74,289,0.17214375667392,2013-10-10
"588","erinaceus","Pterocarpus","2014",12.100836978305,0.74,293,0.178428816816135,2014-11-28
"793","erinaceus","Pterocarpus","2015",12.2003066333616,0.74,297,0.184840863804323,2015-09-14
"163","tragacantha","Sterculia","2012",7.46550556741671,0.51425,172,0.0263616775088529,2012-12-03
"378","tragacantha","Sterculia","2013",8,0.51425,185,0.0326806261716,2013-10-10
"589","tragacantha","Sterculia","2014",8.15692094949687,0.51425,189,0.0347781748981583,2014-11-28
"794","tragacantha","Sterculia","2015",8.60849578132878,0.51425,201,0.0415122536348442,2015-09-14
"164","polyandra","Maranthes","2012",6,0.851291667,213,0.0537862745680747,2012-12-03
"379","polyandra","Maranthes","2013",6,0.851291667,213,0.0537862745680747,2013-10-10
"590","polyandra","Maranthes","2014",6.06855914074055,0.851291667,215,0.0554272734813688,2014-11-28
"795","polyandra","Maranthes","2015",5.93079406536356,0.851291667,211,0.0521721533534675,2015-09-14
"165","tragacantha","Sterculia","2012",11.9502444568297,0.51425,143,0.0291679421324864,2012-12-03
"380","tragacantha","Sterculia","2013",13,0.51425,165,0.04224430466685,2013-10-10
"591","tragacantha","Sterculia","2014",12.9105382246183,0.51425,163,0.0409427002687219,2014-11-28
"796","tragacantha","Sterculia","2015",13.3896017109453,0.51425,174,0.0483863742872781,2015-09-14
"166","tragacantha","Sterculia","2012",7.51163205074433,0.51425,104,0.00969745806612439,2012-12-03
"381","tragacantha","Sterculia","2013",8.5,0.51425,119,0.014367121809117,2013-10-10
"592","tragacantha","Sterculia","2014",8.4380943611952,0.51425,118,0.0140237873487978,2014-11-28
"797","tragacantha","Sterculia","2015",8.37566185955654,0.51425,117,0.0136850939939338,2015-09-14
"167","oliveri","Daniellia","2012",7,0.493363636,119,0.0113511986461623,2012-12-03
"382","oliveri","Daniellia","2013",7,0.493363636,119,0.0113511986461623,2013-10-10
"593","oliveri","Daniellia","2014",7,0.493363636,119,0.0113511986461623,2014-11-28
"168","polyandra","Maranthes","2012",5.88626478122418,0.851291667,128,0.0190555171911623,2012-12-03
"383","polyandra","Maranthes","2013",6,0.851291667,130,0.0200354435892451,2013-10-10
"594","polyandra","Maranthes","2014",6.11199873523973,0.851291667,132,0.0210422475424891,2014-11-28
"798","polyandra","Maranthes","2015",6.22231321501024,0.851291667,134,0.022076106094802,2015-09-14
"169","acida","Hymenocardia","2012",10.6753096099267,0.668678497,175,0.0507407122879529,2012-12-03
"384","acida","Hymenocardia","2013",10.8,0.668678497,178,0.0531084642157133,2013-10-10
"595","acida","Hymenocardia","2014",10.8,0.668678497,178,0.0531084642157133,2014-11-28
"799","acida","Hymenocardia","2015",10.7586715827211,0.668678497,177,0.0523124627227203,2015-09-14
"170","laxiflora","Pericopsis","2012",10,0.681125,113,0.02018674666653,2012-12-03
"385","laxiflora","Pericopsis","2013",10,0.681125,113,0.02018674666653,2013-10-10
"596","laxiflora","Pericopsis","2014",10,0.681125,113,0.02018674666653,2014-11-28
"800","laxiflora","Pericopsis","2015",10,0.681125,113,0.02018674666653,2015-09-14
"171","polyandra","Maranthes","2012",6.5,0.851291667,158,0.0320618470360202,2012-12-03
"386","polyandra","Maranthes","2013",6.5,0.851291667,158,0.0320618470360202,2013-10-10
"597","polyandra","Maranthes","2014",6.5,0.851291667,158,0.0320618470360202,2014-11-28
"801","polyandra","Maranthes","2015",6.72854729045039,0.851291667,163,0.0353229954343723,2015-09-14
"172","polyandra","Maranthes","2012",17.626670636587,0.851291667,249,0.215938455630265,2012-12-03
"387","polyandra","Maranthes","2013",18,0.851291667,262,0.244138400545587,2013-10-10
"598","polyandra","Maranthes","2014",18,0.851291667,262,0.244138400545587,2014-11-28
"802","polyandra","Maranthes","2015",18.220641434086,0.851291667,270,0.262453396354543,2015-09-14
"173","laxiflora","Pericopsis","2012",13.8453821635094,0.681125,251,0.137899228554263,2012-12-03
"388","laxiflora","Pericopsis","2013",13.8453821635094,0.681125,251,0.137899228554263,2013-10-10
"599","laxiflora","Pericopsis","2014",13.8453821635094,0.681125,251,0.137899228554263,2014-11-28
"803","laxiflora","Pericopsis","2015",13.8453821635094,0.681125,251,0.137899228554263,2015-09-14
"174","polyandra","Maranthes","2012",14.6466332711951,0.851291667,142,0.0583546547127702,2012-12-03
"389","polyandra","Maranthes","2013",14.8,0.851291667,145,0.0614835205292446,2013-10-10
"600","polyandra","Maranthes","2014",14.8,0.851291667,145,0.0614835205292446,2014-11-28
"804","polyandra","Maranthes","2015",14.8,0.851291667,145,0.0614835205292446,2015-09-14
"175","schimperiana","Terminalia","2012",8.88800126476027,0.732,130,0.0255202261380431,2012-12-03
"390","schimperiana","Terminalia","2013",9,0.732,132,0.026643058472448,2013-10-10
"601","schimperiana","Terminalia","2014",9,0.732,132,0.026643058472448,2014-11-28
"805","schimperiana","Terminalia","2015",9,0.732,132,0.026643058472448,2015-09-14
"176","schimperiana","Terminalia","2012",7.93420785797107,0.732,111,0.0166089905285127,2012-12-03
"391","schimperiana","Terminalia","2013",8,0.732,112,0.017049817645056,2013-10-10
"602","schimperiana","Terminalia","2014",8.12984010924857,0.732,114,0.0179508663338505,2014-11-28
"806","schimperiana","Terminalia","2015",8,0.732,112,0.017049817645056,2015-09-14
"177","lanceolata","Lophira","2012",11.1094102393981,0.792,128,0.0334594463323024,2012-12-03
"392","lanceolata","Lophira","2013",11.5,0.792,135,0.0385277089032,2013-10-10
"603","lanceolata","Lophira","2014",11.5,0.792,135,0.0385277089032,2014-11-28
"807","lanceolata","Lophira","2015",11.5541388041312,0.792,136,0.0392846785555421,2015-09-14
"178","schimperiana","Terminalia","2012",11.7848592242353,0.732,168,0.0565114783347753,2012-12-03
"393","schimperiana","Terminalia","2013",12,0.732,173,0.061019291170944,2013-10-10
"604","schimperiana","Terminalia","2014",12.0843201773692,0.732,175,0.0628770310634205,2014-11-28
"808","schimperiana","Terminalia","2015",12.2501074517574,0.732,179,0.0666867674579418,2015-09-14
"179","lanceolata","Lophira","2012",9.93079406536356,0.792,211,0.0812749466733246,2012-12-03
"394","lanceolata","Lophira","2013",10,0.792,213,0.08340018489792,2013-10-10
"180","avicennioides","Terminalia","2012",7.92111994252087,0.636249147,185,0.0400350047512557,2012-12-03
"395","avicennioides","Terminalia","2013",8,0.636249147,187,0.0413126485232209,2013-10-10
"605","avicennioides","Terminalia","2014",8,0.636249147,187,0.0413126485232209,2014-11-28
"809","avicennioides","Terminalia","2015",8,0.636249147,187,0.0413126485232209,2015-09-14
"181","schimperiana","Terminalia","2012",9.52959691091561,0.732,151,0.0369166370366626,2012-12-03
"396","schimperiana","Terminalia","2013",10,0.732,161,0.04403981217888,2013-10-10
"606","schimperiana","Terminalia","2014",10.0905662696306,0.732,163,0.0455495880778276,2014-11-28
"810","schimperiana","Terminalia","2015",10.5273485169259,0.732,173,0.0535309453676925,2015-09-14
"182","schimperiana","Terminalia","2012",6.93300615845752,0.732,109,0.0139948512875448,2012-12-03
"397","schimperiana","Terminalia","2013",7,0.732,110,0.0143905408416,2013-10-10
"607","schimperiana","Terminalia","2014",7.06638755412,0.732,111,0.0147923480274427,2014-11-28
"811","schimperiana","Terminalia","2015",7.19738701140163,0.732,113,0.0156144053274247,2015-09-14
"183","acida","Hymenocardia","2012",5.86918534849124,0.668678497,120,0.0131171746015123,2012-12-03
"398","acida","Hymenocardia","2013",7,0.668678497,140,0.0212938452706468,2013-10-10
"184","polyandra","Maranthes","2012",6.92154176907366,0.851291667,186,0.0473140080844789,2012-12-03
"399","polyandra","Maranthes","2013",7,0.851291667,188,0.0488849016521495,2013-10-10
"608","polyandra","Maranthes","2014",7,0.851291667,188,0.0488849016521495,2014-11-28
"812","polyandra","Maranthes","2015",7.03891666773756,0.851291667,189,0.0496810126287702,2015-09-14
"185","schimperiana","Terminalia","2012",11.0722930460923,0.732,197,0.0730068700804944,2012-12-03
"400","schimperiana","Terminalia","2013",11.4,0.732,206,0.0821926528826112,2013-10-10
"609","schimperiana","Terminalia","2014",11.541076937584,0.732,210,0.0864726227988437,2014-11-28
"813","schimperiana","Terminalia","2015",11.848916846128,0.732,219,0.0965518472962242,2015-09-14
"186","erinaceus","Pterocarpus","2012",11.6603201229343,0.74,211,0.0891640381577954,2012-12-03
"401","erinaceus","Pterocarpus","2013",12,0.74,221,0.10066538020032,2013-10-10
"610","erinaceus","Pterocarpus","2014",11.9667311236406,0.74,220,0.0994798769724005,2014-11-28
"814","erinaceus","Pterocarpus","2015",12.3563328345859,0.74,232,0.114229930513562,2015-09-14
"187","polyandra","Maranthes","2012",5.84052035683786,0.851291667,182,0.0382256892728125,2012-12-03
"402","polyandra","Maranthes","2013",6,0.851291667,186,0.0410145684268357,2013-10-10
"611","polyandra","Maranthes","2014",6.03933400664616,0.851291667,187,0.0417285476373461,2014-11-28
"815","polyandra","Maranthes","2015",5.92069355554851,0.851291667,184,0.0396067526950376,2015-09-14
"188","polyandra","Maranthes","2012",6.9103560168796,0.851291667,244,0.0812907410169852,2012-12-03
"403","polyandra","Maranthes","2013",7,0.851291667,247,0.084382609916704,2013-10-10
"612","polyandra","Maranthes","2014",7,0.851291667,247,0.084382609916704,2014-11-28
"816","polyandra","Maranthes","2015",7,0.851291667,247,0.084382609916704,2015-09-14
"189","acida","Hymenocardia","2012",7.65896411499829,0.668678497,108,0.0138649251155563,2012-12-03
"190","velutina","Lannea","2012",14.8880012647603,0.405333333,390,0.2130397069009,2012-12-03
"404","velutina","Lannea","2013",15,0.405333333,396,0.221297534671132,2013-10-10
"613","velutina","Lannea","2014",15.0369561218072,0.405333333,398,0.224089249162313,2014-11-28
"817","velutina","Lannea","2015",15.2009927006676,0.405333333,407,0.236894901461456,2015-09-14
"191","schimperiana","Terminalia","2012",6.47370288044308,0.732,121,0.0161033862419791,2012-12-03
"405","schimperiana","Terminalia","2013",7,0.732,130,0.0200991851424,2013-10-10
"614","schimperiana","Terminalia","2014",7.11199873523973,0.732,132,0.0210539331287743,2014-11-28
"818","schimperiana","Terminalia","2015",7.43808684887515,0.732,138,0.0240665104502199,2015-09-14
"192","polyandra","Maranthes","2012",5.4499262583795,0.851291667,292,0.0918157817158938,2012-12-03
"406","polyandra","Maranthes","2013",5.5,0.851291667,294,0.0939330356157786,2013-10-10
"615","polyandra","Maranthes","2014",5.5,0.851291667,294,0.0939330356157786,2014-11-28
"819","polyandra","Maranthes","2015",5.52490927576377,0.851291667,295,0.0950014404096258,2015-09-14
"193","oliveri","Daniellia","2012",12.8496714881215,0.493363636,483,0.343270155960292,2012-12-03
"407","oliveri","Daniellia","2013",13,0.493363636,493,0.361815320112222,2013-10-10
"616","oliveri","Daniellia","2014",13.0592793097605,0.493363636,497,0.369387120871227,2014-11-28
"820","oliveri","Daniellia","2015",13.2342961516651,0.493363636,509,0.392632436127891,2015-09-14
"194","polyandra","Maranthes","2012",5.91179322987959,0.851291667,248,0.071842858652504,2012-12-03
"408","polyandra","Maranthes","2013",6,0.851291667,251,0.0746895255364516,2013-10-10
"617","polyandra","Maranthes","2014",6.0291681285435,0.851291667,252,0.0756518379364445,2014-11-28
"821","polyandra","Maranthes","2015",6.05822073944366,0.851291667,253,0.0766208813051603,2015-09-14
"195","leiocarpus","Anogeissus","2012",12.3617041452033,0.705899829,132,0.035290020402229,2012-12-03
"409","leiocarpus","Anogeissus","2013",13,0.705899829,144,0.0441666071366291,2013-10-10
"618","leiocarpus","Anogeissus","2014",13.6806258895277,0.705899829,158,0.0559558944693123,2014-11-28
"822","leiocarpus","Anogeissus","2015",14.554965994716,0.705899829,178,0.0755573819751878,2015-09-14
"196","oliveri","Daniellia","2012",19.4861719569536,0.493363636,530,0.626798619085888,2012-12-03
"410","oliveri","Daniellia","2013",19.5,0.493363636,531,0.629612605734824,2013-10-10
"619","oliveri","Daniellia","2014",19.5138020260169,0.493363636,532,0.632433578434022,2014-11-28
"823","oliveri","Daniellia","2015",19.5138020260169,0.493363636,532,0.632433578434022,2015-09-14
"197","paradoxa","Vitellaria","2012",12.7742660459845,0.737922763,160,0.0560105006417091,2012-12-03
"411","paradoxa","Vitellaria","2013",13,0.737922763,165,0.0606184424322329,2013-10-10
"620","paradoxa","Vitellaria","2014",13,0.737922763,165,0.0606184424322329,2014-11-28
"824","paradoxa","Vitellaria","2015",13.1757155786125,0.737922763,169,0.0644527055942477,2015-09-14
"198","lanceolata","Lophira","2012",6.95646411753645,0.792,168,0.0360923299831316,2012-12-03
"412","lanceolata","Lophira","2013",7,0.792,169,0.036751854275136,2013-10-10
"621","lanceolata","Lophira","2014",6.86860947868523,0.792,166,0.0347930745420056,2014-11-28
"825","lanceolata","Lophira","2015",6.86860947868523,0.792,166,0.0347930745420056,2015-09-14
"199","paradoxa","Vitellaria","2012",11.8392094607186,0.737922763,361,0.264259519169949,2012-12-03
"413","paradoxa","Vitellaria","2013",12,0.737922763,369,0.279851417334698,2013-10-10
"622","paradoxa","Vitellaria","2014",11.9401157926392,0.737922763,366,0.273945544702465,2014-11-28
"826","paradoxa","Vitellaria","2015",11.9401157926392,0.737922763,366,0.273945544702465,2015-09-14
"200","erinaceus","Pterocarpus","2012",15.9486408077346,0.74,427,0.499452017581012,2012-12-03
"414","erinaceus","Pterocarpus","2013",16,0.74,430,0.508125790464,2013-10-10
"623","erinaceus","Pterocarpus","2014",16.0170401346399,0.74,431,0.511035592529523,2014-11-28
"827","erinaceus","Pterocarpus","2015",16.0510021150408,0.74,433,0.516883048459072,2015-09-14
"201","leiocarpus","Anogeissus","2012",22.9590560351198,0.705899829,536,1.08071034589269,2012-12-03
"415","leiocarpus","Anogeissus","2013",23,0.705899829,539,1.09479062075111,2013-10-10
"624","leiocarpus","Anogeissus","2014",23.2277957811361,0.705899829,556,1.17647657396809,2014-11-28
"828","leiocarpus","Anogeissus","2015",23.0677361660668,0.705899829,544,1.11848065407357,2015-09-14
"202","laxiflora","Pericopsis","2012",6.57461854449614,0.681125,134,0.0186633501039019,2012-12-03
"416","laxiflora","Pericopsis","2013",7,0.681125,142,0.022314346608876,2013-10-10
"625","laxiflora","Pericopsis","2014",7.253858364173,0.681125,147,0.0247806781353535,2014-11-28
"829","laxiflora","Pericopsis","2015",7.49922487146741,0.681125,152,0.0273913223166912,2015-09-14
"203","erinaceus","Pterocarpus","2012",14.9509310901959,0.74,447,0.51309482068792,2012-12-03
"417","erinaceus","Pterocarpus","2013",15,0.74,450,0.521711766,2013-10-10
"626","erinaceus","Pterocarpus","2014",15.0649187835347,0.74,454,0.53332610903854,2014-11-28
"830","erinaceus","Pterocarpus","2015",15.1930578435782,0.74,462,0.556984984193724,2015-09-14
"204","schimperiana","Terminalia","2012",14.4462578207054,0.732,272,0.181587887174709,2012-12-03
"418","schimperiana","Terminalia","2013",14.5,0.732,274,0.184953619141056,2013-10-10
"627","schimperiana","Terminalia","2014",14.5798821831532,0.732,277,0.190067235820866,2014-11-28
"831","schimperiana","Terminalia","2015",14.6326577680748,0.732,279,0.19351976498852,2015-09-14
"205","laxiflora","Pericopsis","2012",8.94335280991038,0.681125,129,0.0235282285533812,2012-12-03
"419","laxiflora","Pericopsis","2013",9,0.681125,130,0.0240457684077,2013-10-10
"628","laxiflora","Pericopsis","2014",9.16736333512345,0.681125,133,0.0256364078502902,2014-11-28
"832","laxiflora","Pericopsis","2015",9.43808684887515,0.681125,138,0.0284152569838391,2015-09-14
"206","laxiflora","Pericopsis","2012",10,0.681125,150,0.035570663325,2012-12-03
"420","laxiflora","Pericopsis","2013",10,0.681125,150,0.035570663325,2013-10-10
"629","laxiflora","Pericopsis","2014",10.0487428681292,0.681125,151,0.0362222208302604,2014-11-28
"833","laxiflora","Pericopsis","2015",10.0487428681292,0.681125,151,0.0362222208302604,2015-09-14
"207","ferruginea","Bridelia","2012",7.09439525932003,0.514208333,100,0.00846714732810263,2012-12-03
"421","ferruginea","Bridelia","2013",7.31123197190051,0.514208333,103,0.00925735137403409,2013-10-10
"630","ferruginea","Bridelia","2014",7.45230890948451,0.514208333,105,0.00980598404360635,2014-11-28
"208","ferruginea","Bridelia","2012",4.8455569342166,0.514208333,141,0.0114975064381063,2012-12-03
"422","ferruginea","Bridelia","2013",5,0.514208333,144,0.0123741883964585,2013-10-10
"631","ferruginea","Bridelia","2014",5.05076680928259,0.514208333,145,0.0126740395393384,2014-11-28
"834","ferruginea","Bridelia","2015",5.05076680928259,0.514208333,145,0.0126740395393384,2015-09-14
"209","schimperiana","Terminalia","2012",11.7700195771747,0.732,157,0.049291291348826,2012-12-03
"423","schimperiana","Terminalia","2013",12,0.732,162,0.053506307510784,2013-10-10
"632","schimperiana","Terminalia","2014",12.1346051465476,0.732,165,0.0561289920936695,2014-11-28
"835","schimperiana","Terminalia","2015",12.2229890429774,0.732,167,0.0579167349807178,2015-09-14
"210","zanthoxyloides","Zanthoxylum","2012",7.98437534092174,0.540326299,469,0.220254789659457,2012-12-03
"424","zanthoxyloides","Zanthoxylum","2013",8,0.540326299,470,0.221627901379631,2013-10-10
"633","zanthoxyloides","Zanthoxylum","2014",8,0.540326299,470,0.221627901379631,2014-11-28
"836","zanthoxyloides","Zanthoxylum","2015",7.98437534092174,0.540326299,469,0.220254789659457,2015-09-14
"211","polyandra","Maranthes","2012",5.87874476553338,0.851291667,180,0.0376348875311974,2012-12-03
"425","polyandra","Maranthes","2013",6,0.851291667,183,0.0397021875952799,2013-10-10
"634","polyandra","Maranthes","2014",6.15861752368013,0.851291667,187,0.0425527325420764,2014-11-28
"837","polyandra","Maranthes","2015",6.03997707258248,0.851291667,184,0.040404705285462,2015-09-14
"212","africana","Prosopis","2012",24.8937925137103,0.8795,480,1.17082505896269,2012-12-03
"426","africana","Prosopis","2013",25,0.8795,487,1.2103651202523,2013-10-10
"635","africana","Prosopis","2014",25,0.8795,487,1.2103651202523,2014-11-28
"838","africana","Prosopis","2015",25,0.8795,487,1.2103651202523,2015-09-14
"213","avicennioides","Terminalia","2012",22.6906142533586,0.636249147,325,0.353934430698492,2012-12-03
"427","avicennioides","Terminalia","2013",23,0.636249147,339,0.390334618739285,2013-10-10
"636","avicennioides","Terminalia","2014",23.0431517400989,0.636249147,341,0.395694920928383,2014-11-28
"839","avicennioides","Terminalia","2015",23.1711045420578,0.636249147,347,0.412017368802788,2015-09-14
"214","africana","Prosopis","2012",21.3073661992099,0.8795,344,0.514712984130355,2012-12-03
"428","africana","Prosopis","2013",21.6,0.8795,358,0.565116871408243,2013-10-10
"637","africana","Prosopis","2014",21.558903115685,0.8795,356,0.557757123380901,2014-11-28
"840","africana","Prosopis","2015",21.5175746984061,0.8795,354,0.550450552717797,2015-09-14
"215","erinaceus","Pterocarpus","2012",18.3709214557315,0.74,507,0.811075352107711,2012-12-03
"429","erinaceus","Pterocarpus","2013",18.5,0.74,516,0.84602944112256,2013-10-10
"638","erinaceus","Pterocarpus","2014",18.5566471900896,0.74,520,0.861827886797495,2014-11-28
"841","erinaceus","Pterocarpus","2015",18.6547392393371,0.74,527,0.889866295740205,2015-09-14
