Tree,,,,,,,,,,,,,4646,Census No: 1  Date: 2011.452,,,,,,,,,,,,,,,,,,,5979,Census No: 2  Date: 2013.676,,,,,,,,,,,,,,,,,,,6072,Census No: 3  Date: 2014.803,,,,,,,,,,,,,,,,,,
Tree ID,stem tag grouping,Pv. Tag No,Tag No,T1,T2,X,Y,Family,Species,Tree Notes,WD,WD Type,,DBH0,DBH1,DPOMtMinus1,DBH2,DBH3,DBH4,POM0,POM,F1,F2,F3,F4,LI,CI,CF,Height,F5,Height Broken At,Census Notes,,DBH0,DBH1,DPOMtMinus1,DBH2,DBH3,DBH4,POM0,POM,F1,F2,F3,F4,LI,CI,CF,Height,F5,Height Broken At,Census Notes,,DBH0,DBH1,DPOMtMinus1,DBH2,DBH3,DBH4,POM0,POM,F1,F2,F3,F4,LI,CI,CF,Height,F5,Height Broken At,Census Notes
750637,,,1,1,,3.2,3.5,Ochnaceae,Lophira alata,,0.8969,WDSpecies ,2248733,152,152,,152,152,152,,1300,a,1,0,0,,,,,,,,3105266,159,159,,159,159,159,,1300,a,1,0,0,,,,,,,,3137514,162,162,,162,162,162,,1300,a,1,0,0,,,,,,,
750646,,,10,1,,7.9,17.5,Ochnaceae,Lophira alata,,0.8969,WDSpecies ,2248742,689,689,,689,689,689,,1300,c,1,0,0,,,,,,,,3105275,685,685,,685,685,685,,1300,c,1,0,0,,,,,,,,3137523,689,689,,689,689,689,,1300,c,1,0,0,,,,,,,
750647,,,11,1,,1.5,0.5,Fabaceae,Pentaclethra macrophylla,,0.841,WDSpecies ,2248743,353,344,,344,344,344,,1300,a,1,0,1,,,,,,,,3105276,346,346,,346,346,346,,1300,a,1,0,0,,,,,,,,3137524,337,347,,347,347,347,,1300,a,1,0,2,,,,,,,
750638,,,2,1,,8.25,6,Annonaceae,Xylopia aethiopica,,0.442,WDSpecies ,2248734,392,392,,392,392,392,,1300,a,1,0,0,,,,,,,,3105267,395,395,,395,395,395,,1300,a,1,0,0,,,,,,,,3137515,399,399,,399,399,399,,1300,a,1,0,0,,,,,,,
750639,,,3,1,,15.3,12.8,Malvaceae,Cola lizae,,0.601095238,WDGenus,2248735,300,300,,300,300,300,,1300,a,1,0,0,,,,,,,,3105268,307,307,,307,307,307,,1300,a,1,0,0,,,,,,,,3137516,309,309,,309,309,309,,1300,a,1,0,0,,,,,,,
750640,,,4,1,,9.75,15.6,Malvaceae,Cola lizae,,0.601095238,WDGenus,2248736,211,211,,211,211,211,,1300,a,1,0,0,,,,,,,,3105269,217,217,,217,217,217,,1300,a,1,0,0,,,,,,,,3137517,220,220,,220,220,220,,1300,a,1,0,0,,,,,,,
750641,,,5,1,,10,16.5,Malvaceae,Cola lizae,,0.601095238,WDGenus,2248737,361,361,,361,361,361,,1300,a,1,0,0,,,,,,,,3105270,361,361,,361,361,361,,1300,a,1,0,0,,,,,,,,3137518,361,361,,361,361,361,,1300,a,1,0,0,,,,,,,
750642,,,6,1,,10.15,16.8,Rubiaceae,Corynanthe mayumbensis,,0.6735,WDGenus,2248738,125,113,,113,113,113,,1300,a,1,0,1,,,,,,,,3105271,119,119,,119,119,119,,1300,a,1,0,0,,,,,,,,3137519,122,122,,122,122,122,,1300,a,1,0,0,,,,,,,
750643,,,7,1,,12.4,18.7,Annonaceae,Uvariastrum pierreanum,,0.498461361,WDFamily,2248739,169,151,,151,151,151,,1300,a,1,0,1,,,,,,,,3105272,151,151,,151,151,151,,1300,a,1,0,0,,,,,,,,3137520,151,151,,151,151,151,,1300,a,1,0,0,,,,,,,
750644,,,8,1,,10.9,18.7,Anacardiaceae,Trichoscypha acuminata,,0.6444,WDGenus,2248740,171,171,,171,171,171,,1300,a,1,0,0,,,,,,,,3105273,175,175,,175,175,175,,1300,a,1,0,0,,,,,,,,3137521,178,178,,178,178,178,,1300,a,1,0,0,,,,,,,
1598588,,,844,1,,,,Indet,Indet indet,,0.688581548,WDPlot,4137756,,364,,364,364,364,,1300,a,1,0,4,,,,,,,,4137755,,366,,366,366,366,,1300,a,1,0,4,,,,,,,,4137754,,367,,367,367,367,,1300,a,1,0,4,,,,,,,
1598589,,,845,1,,,,Indet,Indet indet,,0.688581548,WDPlot,,,,,,,,,,,,,,,,,,,,,,,,,,,,,,,,,,,,,,,,,,,,,,,,,,,,,,,,,,,,
750645,,,9,1,,9.8,17.5,Anacardiaceae,Trichoscypha acuminata,,0.6444,WDGenus,2248741,244,234,,234,234,234,,1300,a,1,0,1,,,,,,,,3105274,236,236,,236,236,236,,1300,a,1,0,0,,,,,,,,3137522,237,237,,237,237,237,,1300,a,1,0,0,,,,,,,
750718,,,87,10,,30,18,Ebenaceae,Diospyros suaveolens,,0.83328125,WDGenus,2248814,146,136,,136,136,136,,1300,a,1,0,1,,,,,,,,3105348,138,138,,138,138,138,,1300,a,1,0,0,,,,,,,,3137596,139,139,,139,139,139,,1300,a,1,0,0,,,,,,,
750719,,,88,10,,26,16.5,Euphorbiaceae,Plagiostyles africana,,0.741333333,WDSpecies ,2248815,389,375,,375,375,375,,2760,ah,1,0,1,,,,,,,,3105349,375,375,,375,375,375,,2760,ah,1,0,0,,,,,,,,3137597,375,375,,375,375,375,,2760,ah,1,0,0,,,,,,,
750720,,,89,10,,26,16.5,Euphorbiaceae,Plagiostyles africana,,0.741333333,WDSpecies ,2248816,388,372,,372,372,372,,2870,ah,1,0,1,,,,,,,,3105350,374,374,,374,374,374,,2870,ah,1,0,0,,,,,,,,3137598,375,375,,375,375,375,,2870,ah,1,0,0,,,,,,,
750721,,,90,10,,26.1,16.6,Euphorbiaceae,Plagiostyles africana,,0.741333333,WDSpecies ,2248817,374,364,,364,364,364,,2730,ah,1,0,2,,,,,,,,3105351,368,368,,368,368,368,,2730,ah,1,0,0,,,,,,,,3137599,0,370,,370,370,370,,2730,ah,1,0,1,,,,,,,
750722,,,91,10,,23.5,14.5,Ebenaceae,Diospyros polystemon,,0.83328125,WDGenus,2248818,205,205,,205,205,205,,1300,a,1,0,0,,,,,,,,3105352,200,200,,200,200,200,,1300,a,1,0,0,,,,,,,,3137600,200,200,,200,200,200,,1300,a,1,0,0,,,,,,,
750723,,,92,10,,21.5,8,Passifloraceae,Barteria fistulosa,,0.688581548,WDPlot,2248819,122,122,,122,122,122,,1300,a,1,0,0,,,,,,,,3105353,120,120,,120,120,120,,1300,a,1,0,0,,,,,,,,3137601,120,120,,120,120,120,,1300,a,1,0,0,,,,,,,
750724,,,93,10,,38,11.5,Annonaceae,Xylopia quintasii,,0.7626,WDSpecies ,2248820,281,281,,281,281,281,,1300,a,1,0,0,,,,,,,,3105354,284,284,,284,284,284,,1300,a,1,0,0,,,,,,,,3137602,283,283,,283,283,283,,1300,a,1,0,0,,,,,,,
750725,,,94,10,,37,15.5,Irvingiaceae,Desbordesia glaucescens,,0.919,WDSpecies ,2248821,638,622,,622,622,622,,1800,bfh,1,0,1,,,,,,,b @ 23,3105355,622,622,,622,622,622,,1800,bfh,1,0,0,,,,,,,,3137603,622,622,,622,622,622,,1800,bfh,1,0,0,,,,,,,
750726,,,95,10,,38,9.5,Ebenaceae,Diospyros polystemon,,0.83328125,WDGenus,2248822,197,183,,183,183,183,,1300,a,1,0,1,,,,,,,,3105356,185,185,,185,185,185,,1300,a,1,0,0,,,,,,,,3137604,186,186,,186,186,186,,1300,a,1,0,0,,,,,,,
750727,,,96,10,,37,35,Ebenaceae,Diospyros piscatoria,,0.83328125,WDGenus,2248823,156,156,,156,156,156,,1300,a,1,0,0,,,,,,,,3105357,155,155,,155,155,155,,1300,a,1,0,0,,,,,,,,3137605,159,159,,159,159,159,,1300,a,1,0,0,,,,,,,
750728,,,97,10,,37.5,0.5,Cannabaceae,Celtis tessmannii,,0.6466,WDSpecies ,2248824,788,767,,767,767,767,,2490,ah,1,0,1,,,,,,,,3105358,773,773,,773,773,773,,2490,ah,1,0,0,,,,,,,,3137606,776,776,,776,776,776,,2490,ah,1,0,0,,,,,,,
750729,,,98,10,,31,2.5,Passifloraceae,Barteria fistulosa,,0.688581548,WDPlot,2248825,116,107,,107,107,107,,1300,a,1,0,1,,,,,,,,3105359,109,109,,109,109,109,,1300,a,1,0,0,,,,,,,,3137607,110,110,,110,110,110,,1300,a,1,0,0,,,,,,,
750731,,,100,11,,42.5,3.5,Ebenaceae,Diospyros polystemon,,0.83328125,WDGenus,2248827,128,111,,111,111,111,,1300,a,1,0,1,,,,,,,,3105361,111,111,,111,111,111,,1300,a,1,0,0,,,,,,,,3137609,111,111,,111,111,111,,1300,a,1,0,0,,,,,,,
750732,,,101,11,,42,8,Cannabaceae,Celtis tessmannii,,0.6466,WDSpecies ,2248828,426,412,,412,412,412,,2350,c,1,0,1,,,,,,,,3105362,414,414,,414,414,414,,2350,c,1,0,0,,,,,,,,3137610,415,415,,415,415,415,,2350,c,1,0,0,,,,,,,
750733,,,102,11,,43,8,Euphorbiaceae,Plagiostyles africana,,0.741333333,WDSpecies ,2248829,339,270,,270,270,270,,1710,gm,1,0,1,,,,,,,,3105363,323,323,,323,323,323,,1710,gm,1,0,0,,,,,,,,3137611,350,323,,323,323,323,,1710,gm,1,0,3,,,,,,,
750734,,,103,11,,42.5,13,Ebenaceae,Diospyros polystemon,,0.83328125,WDGenus,2248830,209,190,,190,190,190,,1300,a,1,0,1,,,,,,,,3105364,192,192,,192,192,192,,1300,a,1,0,0,,,,,,,,3137612,193,193,,193,193,193,,1300,a,1,0,0,,,,,,,
750735,,,104,11,,40.5,13,Malvaceae,Cola lizae,,0.601095238,WDGenus,2248831,264,264,,264,264,264,,1660,ah,1,0,0,,,,,,,,3105365,259,262,,262,262,262,,1660,ah,1,0,3,,,,,,,,3137613,263,263,,263,263,263,,1660,ah,1,0,0,,,,,,,
750736,,,105,11,,40.5,13,Malvaceae,Cola lizae,,0.601095238,WDGenus,2248832,215,207,,207,207,207,,2000,ah,1,0,1,,,,,,,,3105366,209,209,,209,209,209,,2000,ah,1,0,0,,,,,,,,3137614,210,210,,210,210,210,,2000,ah,1,0,0,,,,,,,
750737,,,106,11,,40,15,Irvingiaceae,Irvingia grandifolia,,0.8005,WDSpecies ,2248833,1185,1185,,1185,1185,1185,,3100,a,1,0,0,,,,,,,,3105367,1192,1192,,1192,1192,1192,,3100,a,1,0,0,,,,,,,,3137615,1198,1198,,1198,1198,1198,,3100,a,1,0,0,,,,,,,
750741,,,430,11,,55.5,12,Ochnaceae,Testulea gabonensis,,0.6387,WDSpecies ,2248837,1089,1089,,1089,1089,1089,,3360,a,1,0,0,,,,,,,,3105472,1085,1085,,1085,1085,1085,,3360,a,1,0,0,,,,,,,,3137720,1085,1085,,1085,1085,1085,,3360,a,1,0,0,,,,,,,
750743,,,432,11,,59.5,13.5,Burseraceae,Dacryodes buettneri,,0.51255,WDSpecies ,2248839,289,271,,271,271,271,,1350,a,1,0,1,,,,,,,,3105473,275,275,,275,275,275,,1350,a,1,0,0,,,,,,,,3137721,277,277,,277,277,277,,1350,a,1,0,0,,,,,,,
750738,,,434,11,,48,9,Cannabaceae,Celtis tessmannii,,0.6466,WDSpecies ,2248834,630,630,,630,630,630,,2930,a,1,0,0,,,,,,,,3105474,632,632,,632,632,632,,2930,a,1,0,0,,,,,,,,3137722,634,634,,634,634,634,,2930,a,1,0,0,,,,,,,
750740,,,437,11,,55.5,8.5,Ebenaceae,Diospyros suaveolens,,0.83328125,WDGenus,2248836,193,193,,193,193,193,,1120,a,1,0,0,,,,,,,,3105475,192,192,,192,192,192,,1120,a,1,0,0,,,,,,,,3137723,196,196,,196,196,196,,1120,a,1,0,0,,,,,,,
750739,,,597,11,,49.5,9,Olacaceae,Strombosiopsis tetrandra,,0.663,WDSpecies ,2248835,296,296,,296,296,296,,3230,a,1,0,0,,,,,,,,3105476,289,294,,294,294,294,,3230,a,1,0,3,,,,,,,,3137724,292,292,,292,292,292,,3230,a,1,0,0,,,,,,,
750744,,,754,11,,60,12.5,Ebenaceae,Diospyros suaveolens,,0.83328125,WDGenus,2248840,162,162,,162,162,162,,1380,a,1,0,0,,,,,,,,3105478,164,164,,164,164,164,,1380,a,1,0,0,,,,,,,,3137726,177,166,,166,166,166,,1380,a,1,0,3,,,,,,,
750742,,,755,11,,57.5,12.5,Burseraceae,Dacryodes buettneri,,0.51255,WDSpecies ,2248838,735,735,,735,735,735,,3630,a,1,0,0,,,,,,,,3105479,739,739,,739,739,739,,3630,a,1,0,0,,,,,,,,3137727,747,747,,747,747,747,,3630,a,1,0,0,,,,,,,
750745,,,757,11,,59.5,10,Malvaceae,Cola lizae,,0.601095238,WDGenus,2248841,209,192,,192,192,192,,1500,a,1,0,1,,,,,,,,3105480,192,192,,192,192,192,,1500,a,1,0,0,,,,,,,,3137728,192,192,,192,192,192,,1500,a,1,0,0,,,,,,,
750747,,,758,11,,60.5,10,Sapindaceae,Ganophyllum giganteum,,0.698,WDSpecies ,2248843,275,265,,265,265,265,,3570,a,1,0,2,,,,,,,,3105481,265,265,,265,265,265,,3570,a,1,0,0,,,,,,,,3137729,261,265,,265,265,265,,3570,a,1,0,1,,,,,,,
750746,,,841,11,,48,12.5,Burseraceae,Dacryodes buettneri,,0.51255,WDSpecies ,2248842,1017,1017,,1017,1017,1017,,4250,a,1,0,0,,,,,,,,3105485,1026,1026,,1026,1026,1026,,4250,a,1,0,0,,,,,,,Moins 20 cm tag (POM),3137733,1032,1032,,1032,1032,1032,,4250,a,1,0,0,,,,,,,Moins 20 cm tag (POM)
750730,,,99,11,,41,0,Ebenaceae,Diospyros polystemon,,0.83328125,WDGenus,2248826,175,164,,164,164,164,,2100,a,1,0,1,,,,,,,,3105360,168,168,,168,168,168,,2100,a,1,0,0,,,,,,,,3137608,170,170,,170,170,170,,2100,a,1,0,0,,,,,,,
750753,,,107,12,,51,27.5,Ochnaceae,Lophira alata,,0.8969,WDSpecies ,2248849,111,111,,111,111,111,,1310,a,1,0,0,,,,,,,,3105368,114,114,,114,114,114,,1310,a,1,0,0,,,,,,,,3137616,117,117,,117,117,117,,1310,a,1,0,0,,,,,,,
750756,,,108,12,,47,33,Ebenaceae,Diospyros polystemon,,0.83328125,WDGenus,2248852,224,216,,216,216,216,,1300,b,1,0,7,,,,,,,b @ 13m,3105369,216,216,,216,216,216,,1300,b,1,0,0,,,,,,,,3137617,215,215,,215,215,215,,1300,b,1,0,0,,,,,,,
750757,,,109,12,,47,33.5,Malvaceae,Cola lizae,,0.601095238,WDGenus,2248853,281,281,,281,281,281,,2550,a,1,0,0,,,,,,,,3105370,280,280,,280,280,280,,2550,a,1,0,0,,,,,,,,3137618,280,280,,280,280,280,,2550,a,1,0,0,,,,,,,
750758,,,110,12,,47,34,Irvingiaceae,Desbordesia glaucescens,,0.919,WDSpecies ,2248854,1047,1047,,1047,1047,1047,,3400,f,1,0,0,,,,,,,,3105371,1044,1048,,1048,1048,1048,,3400,f,1,0,3,,,,,,,,3137619,1049,1049,,1049,1049,1049,,3400,f,1,0,0,,,,,,,
750755,,,422,12,,52,36.5,Ebenaceae,Diospyros polystemon,,0.83328125,WDGenus,2248851,351,351,,351,351,351,,1280,a,1,0,0,,,,,,,,3105469,358,358,,358,358,358,,1280,a,1,0,0,,,,,,,,3137717,362,362,,362,362,362,,1280,a,1,0,0,,,,,,,
750754,,,426,12,,53.5,32.5,Annonaceae,Polyalthia suaveolens,,0.695,WDSpecies ,2248850,245,245,,245,245,245,,1820,a,1,0,0,,,,,,,,3105470,242,242,,242,242,242,,1820,a,1,0,0,,,,,,,,3137718,246,246,,246,246,246,,1820,a,1,0,0,,,,,,,
750748,,,427,12,,45,20.5,Anacardiaceae,Trichoscypha acuminata,,0.6444,WDGenus,2248844,247,235,,235,235,235,,2940,ah,1,0,1,,,,,,,,3105471,235,235,,235,235,235,,2940,ah,1,0,0,,,,,,,,3137719,235,235,,235,235,235,,2940,ah,1,0,0,,,,,,,
750751,,,750,12,,43.5,23.5,Malvaceae,Cola lizae,,0.601095238,WDGenus,2248847,351,351,,351,351,351,,1340,a,1,0,0,,,,,,,,3105477,352,352,,352,352,352,,1340,a,1,0,0,,,,,,,,3137725,352,352,,352,352,352,,1340,a,1,0,0,,,,,,,
750752,,,763,12,,44.5,30,Cannabaceae,Celtis tessmannii,,0.6466,WDSpecies ,2248848,383,383,,383,383,383,,1860,a,1,0,0,,,,,,,,3105484,393,393,,393,393,393,,1860,a,1,0,0,,,,,,,,3137732,394,394,,394,394,394,,1860,a,1,0,0,,,,,,,
750749,,,842,12,,45,20.5,Anacardiaceae,Trichoscypha acuminata,,0.6444,WDGenus,2248845,128,115,,115,115,115,,3200,ah,1,0,1,,,,,,,,3105486,115,115,,115,115,115,,3200,ah,1,0,0,,,,,,,,3137734,115,115,,115,115,115,,3200,ah,1,0,0,,,,,,,
750750,,,843,12,,45,20.5,Anacardiaceae,Trichoscypha acuminata,,0.6444,WDGenus,2248846,236,226,,226,226,226,,3280,ah,1,0,1,,,,,,,,3105487,226,226,,226,226,226,,3280,ah,1,0,0,,,,,,,,3137735,226,226,,226,226,226,,3280,ah,1,0,0,,,,,,,
750759,,,111,13,,48,40,Ebenaceae,Diospyros polystemon,,0.83328125,WDGenus,2248855,415,407,,407,407,407,,3000,a,1,0,1,,,,,,,,3105372,409,409,,409,409,409,,3000,a,1,0,0,,,,,,,,3137620,410,410,,410,410,410,,3000,a,1,0,0,,,,,,,
750760,,,112,13,,48,46.5,Ebenaceae,Diospyros polystemon,,0.83328125,WDGenus,2248856,191,191,,191,191,191,,2420,a,1,0,0,,,,,,,,3105373,194,194,,194,194,194,,2420,a,1,0,0,,,,,,,,3137621,193,193,,193,193,193,,2420,a,1,0,0,,,,,,,
750761,,,113,13,,49.5,47.5,Malvaceae,Cola lizae,,0.601095238,WDGenus,2248857,184,174,,174,174,174,,1300,a,1,0,1,,,,,,,,3105374,176,176,,176,176,176,,1300,a,1,0,0,,,,,,,,3137622,177,177,,177,177,177,,1300,a,1,0,0,,,,,,,
750762,,,114,13,,47,51,Malvaceae,Cola lizae,,0.601095238,WDGenus,2248858,171,171,,171,171,171,,1300,a,1,0,0,,,,,,,,3105375,171,171,,171,171,171,,1300,a,1,0,0,,,,,,,,3137623,170,170,,170,170,170,,1300,a,1,0,0,,,,,,,
750763,,,116,14,,52.5,66,Annonaceae,Xylopia aethiopica,,0.442,WDSpecies ,2248859,279,264,,264,264,264,,2770,a,1,0,1,,,,,,,,3105376,272,272,,272,272,272,,2770,a,1,0,0,,,,,,,,3137624,276,276,,276,276,276,,2770,a,1,0,0,,,,,,,
750764,,,117,14,,46,63,Annonaceae,Xylopia aethiopica,,0.442,WDSpecies ,2248860,217,207,,207,207,207,,2980,a,1,0,1,,,,,,,,3105377,209,209,,209,209,209,,2980,a,1,0,0,,,,,,,,3137625,210,210,,210,210,210,,2980,a,1,0,0,,,,,,,
750765,,,118,14,,43,62.5,Annonaceae,Xylopia aethiopica,,0.442,WDSpecies ,2248861,260,260,,260,260,260,,2550,a,1,0,0,,,,,,,,3105378,271,271,,271,271,271,,2550,a,1,0,0,,,,,,,,3137626,273,273,,273,273,273,,2550,a,1,0,0,,,,,,,
750766,,,119,14,,49,68.5,Ebenaceae,Diospyros suaveolens,,0.83328125,WDGenus,2248862,209,189,,189,189,189,,1860,a,1,0,1,,,,,,,,3105379,195,195,,195,195,195,,1860,a,1,0,0,,,,,,,,3137627,198,198,,198,198,198,,1860,a,1,0,0,,,,,,,
750767,,,120,14,,49,68.5,Rubiaceae,Porterandia cladantha,,0.69565607,WDFamily,2248863,261,261,,261,261,261,,1300,a,1,0,0,,,,,,,,3105380,264,264,,264,264,264,,1300,a,1,0,0,,,,,,,,3137628,267,267,,267,267,267,,1300,a,1,0,0,,,,,,,
750768,,,121,14,,47,72.5,Cannabaceae,Celtis tessmannii,,0.6466,WDSpecies ,2248864,416,404,,404,404,404,,1770,c,1,0,1,,,,,,,,3105381,406,406,,406,406,406,,1770,c,1,0,0,,,,,,,,3137629,407,407,,407,407,407,,1770,c,1,0,0,,,,,,,
750769,,,122,14,,42.5,72,Passifloraceae,Paropsia grewioides,,0.688581548,WDPlot,2248865,150,150,,150,150,150,,1300,a,1,0,0,,,,,,,,3105382,165,155,,155,155,155,,1300,a,1,0,2,,,,,,,,3137630,155,155,,155,155,155,,1300,a,1,0,0,,,,,,,
750770,,,123,14,,40.5,79.5,Euphorbiaceae,Maprounea membranacea,,0.434883333,WDFamily,2248866,162,162,,162,162,162,,1300,b,1,0,0,,,,,,,b @ 7m,3105383,0,0,,0,0,0,,0,0,ap,0,0,,,,,,,Mort debout,,,,,,,,,,,,,,,,,,,,
750771,,,124,14,,50,77.5,Sapindaceae,Ganophyllum giganteum,,0.698,WDSpecies ,2248867,846,846,,846,846,846,,1860,cz,1,0,0,,,,,,,,3105384,839,857,,857,857,857,,1860,cz,1,0,3,,,,,,,,3137632,862,862,,862,862,862,,1860,cz,1,0,0,,,,,,,
750772,,,126,14,,55,74,Rubiaceae,Corynanthe mayumbensis,,0.6735,WDGenus,2248868,128,111,,111,111,111,,1300,a,1,0,1,,,,,,,,3105385,113,113,,113,113,113,,1300,a,1,0,0,,,,,,,,3137633,114,114,,114,114,114,,1300,a,1,0,0,,,,,,,
750773,,,127,14,,57.5,59,Malvaceae,Cola lizae,,0.601095238,WDGenus,2248869,147,135,,135,135,135,,1300,a,1,0,1,,,,,,,,3105386,139,139,,139,139,139,,1300,a,1,0,0,,,,,,,,3137634,141,141,,141,141,141,,1300,a,1,0,0,,,,,,,
750774,,,129,14,,55,76.5,Ebenaceae,Diospyros viridicans,,0.83328125,WDGenus,2248870,233,227,,227,227,227,,3030,a,1,0,1,,,,,,,,3105387,227,227,,227,227,227,,3030,a,1,0,0,,,,,,,,3137635,227,227,,227,227,227,,3030,a,1,0,0,,,,,,,
750775,,,130,14,,57.5,76.5,Irvingiaceae,Irvingia grandifolia,,0.8005,WDSpecies ,2248871,1112,1112,,1112,1112,1112,,2350,f,1,0,0,,,,,,,Measured on butteress,3105388,1116,1116,,1116,1116,1116,,2350,f,1,0,0,,,,,,,,3137636,1160,1116,,1116,1116,1116,,2350,f,1,0,2,,,,,,,"dbh=1160 but large growth compared to previous interval, suspect typo"
750776,,,131,14,,52,79,Meliaceae,Trichilia prieuriana,,0.4825,WDGenus,2248872,124,124,,124,124,124,,1300,a,1,0,0,,,,,,,,3105389,121,121,,121,121,121,,1300,a,1,0,0,,,,,,,,3137637,120,120,,120,120,120,,1300,a,1,0,0,,,,,,,
750777,,,132,15,,58.5,82.5,Ebenaceae,Diospyros dendo,,0.905,WDSpecies ,2248873,125,125,,125,125,125,,1300,ah,1,0,0,,,,,,,,3105390,127,127,,127,127,127,,1300,ah,1,0,0,,,,,,,,3137638,129,129,,129,129,129,,1300,ah,1,0,0,,,,,,,
750778,,,133,15,,47.5,86,Annonaceae,Enantia chlorantha,,0.498461361,WDFamily,2248874,167,167,,167,167,167,,2980,a,1,0,0,,,,,,,,3105391,183,183,,183,183,183,,2980,a,1,0,0,,,,,,,,3137639,188,188,,188,188,188,,2980,a,1,0,0,,,,,,,
750779,,,134,15,,46,93,Annonaceae,Xylopia quintasii,,0.7626,WDSpecies ,2248875,100,100,,100,100,100,,1300,a,1,0,0,,,,,,,,3105392,106,106,,106,106,106,,1300,a,1,0,0,,,,,,,,3137640,109,109,,109,109,109,,1300,a,1,0,0,,,,,,,
750782,,,136,15,,44,98.5,Ochnaceae,Lophira alata,,0.8969,WDSpecies ,2248878,138,122,,122,122,122,,1760,a,1,0,1,,,,,,,,3105394,126,126,,126,126,126,,1760,a,1,0,0,,,,,,,,3137642,128,128,,128,128,128,,1760,a,1,0,0,,,,,,,
750785,,,141,17,,76.5,78,Malvaceae,Cola lizae,,0.601095238,WDGenus,2248881,221,161,,161,161,161,,1300,a,1,0,1,,,,,,,,3105397,200,200,,200,200,200,,1300,a,1,0,0,,,,,,,,3137645,220,220,,220,220,220,,1300,a,1,0,0,,,,,,,
750858,,,142,17,,72,76,Euphorbiaceae,Plagiostyles africana,,0.741333333,WDSpecies ,2248954,493,493,,493,493,493,,3800,hmz,1,0,0,,,,,,,,3105398,0,0,,0,0,0,,0,0,kp,0,0,,,,,,,Introuvable,,,,,,,,,,,,,,,,,,,,
750786,,,143,17,,67,64.5,Fabaceae,Pterocarpus soyauxii,,0.657785714,WDSpecies ,2248882,826,806,,806,806,806,,2800,a,1,0,1,,,,,,,,3105399,820,820,,820,820,820,,2800,a,1,0,0,,,,,,,,3137647,827,820,,820,820,820,,2800,a,1,0,3,,,,,,,measured on liana?
750787,,,144,17,,69.5,62.5,Malvaceae,Cola lizae,,0.601095238,WDGenus,2248883,357,343,,343,343,343,,1300,a,1,0,1,,,,,,,,3105400,343,343,,343,343,343,,1300,a,1,0,0,,,,,,,,3137648,343,343,,343,343,343,,1300,a,1,0,0,,,,,,,
750788,,,145,17,,74,67,Anacardiaceae,Trichoscypha acuminata,,0.6444,WDGenus,2248884,101,101,,101,101,101,,1300,a,1,0,0,,,,,,,,3105401,102,102,,102,102,102,,1300,a,1,0,0,,,,,,,,3137649,103,103,,103,103,103,,1300,a,1,0,0,,,,,,,
750789,,,147,17,,66,66,Olacaceae,Strombosia zenkeri,,0.827392857,WDGenus,2248885,363,363,,363,363,363,,2600,a,1,0,0,,,,,,,,3105402,362,362,,362,362,362,,2600,a,1,0,0,,,,,,,,3137650,362,362,,362,362,362,,2600,a,1,0,0,,,,,,,
750790,,,149,18,,60.5,54.5,Euphorbiaceae,Maprounea membranacea,,0.434883333,WDFamily,2248886,120,120,,120,120,120,,1300,a,1,0,0,,,,,,,,3105403,129,129,,129,129,129,,1300,a,1,0,0,,,,,,,,3137651,0,134,,134,134,134,,1300,a,1,0,1,,,,,,,
750791,,,150,18,,62.5,49.5,Ochnaceae,Lophira alata,,0.8969,WDSpecies ,2248887,770,770,,770,770,770,,2800,a,1,0,0,,,,,,,,3105404,777,777,,777,777,777,,2800,a,1,0,0,,,,,,,,3137652,784,784,,784,784,784,,2800,a,1,0,0,,,,,,,
750792,,,151,19,,69,55.5,Annonaceae,Enantia chlorantha,,0.498461361,WDFamily,2248888,156,156,,156,156,156,,1300,a,1,0,0,,,,,,,,3105405,159,159,,159,159,159,,1300,a,1,0,0,,,,,,,,3137653,165,165,,165,165,165,,1300,a,1,0,0,,,,,,,
750793,,,152,19,,75,57.5,Ebenaceae,Diospyros suaveolens,,0.83328125,WDGenus,2248889,208,191,,191,191,191,,1300,a,1,0,1,,,,,,,,3105406,199,199,,199,199,199,,1300,a,1,0,0,,,,,,,,3137654,203,203,,203,203,203,,1300,a,1,0,0,,,,,,,
750794,,,153,19,,71.5,27.5,Annonaceae,Enantia chlorantha,,0.498461361,WDFamily,2248890,213,207,,207,207,207,,1300,b,1,0,1,,,,,,,b @ 16m,3105407,207,207,,207,207,207,,1300,b,1,0,0,,,,,,,,3137655,207,207,,207,207,207,,1300,b,1,0,0,,,,,,,
750795,,,154,19,,70,24.5,Burseraceae,Dacryodes buettneri,,0.51255,WDSpecies ,2248891,373,373,,373,373,373,,1980,a,1,0,0,,,,,,,,3105408,383,383,,383,383,383,,1980,a,1,0,0,,,,,,,,3137656,393,393,,393,393,393,,1980,a,1,0,0,,,,,,,
750796,,,155,19,,76,22.5,Ebenaceae,Diospyros suaveolens,,0.83328125,WDGenus,2248892,197,182,,182,182,182,,1300,a,1,0,1,,,,,,,,3105409,188,188,,188,188,188,,1300,a,1,0,0,,,,,,,,3137657,191,191,,191,191,191,,1300,a,1,0,0,,,,,,,
750797,,,156,19,,68.5,20.5,Ebenaceae,Diospyros polystemon,,0.83328125,WDGenus,2248893,136,136,,136,136,136,,1300,a,1,0,0,,,,,,,,3105410,139,133,,133,133,133,,1300,a,1,0,3,,,,,,,,3137658,130,130,,130,130,130,,1300,a,1,0,0,,,,,,,unclear why decline
750798,,,157,19,,64,20.5,Annonaceae,Enantia chlorantha,,0.498461361,WDFamily,2248894,250,250,,250,250,250,,1300,a,1,0,0,,,,,,,,3105411,252,252,,252,252,252,,1300,a,1,0,0,,,,,,,,3137659,254,254,,254,254,254,,1300,a,1,0,0,,,,,,,
750800,,,419,19,,62.5,25,Fabaceae,Pterocarpus soyauxii,,0.657785714,WDSpecies ,2248896,1285,1285,,1285,1285,1285,,3200,a,1,0,0,,,,,,,,3105468,1308,1308,,1308,1308,1308,,3200,a,1,0,0,,,,,,,,3137716,1323,1323,,1323,1323,1323,,3200,a,1,0,0,,,,,,,
750799,,,759,19,,62,21.5,Annonaceae,Enantia chlorantha,,0.498461361,WDFamily,2248895,213,213,,213,213,213,,1080,a,1,0,0,,,,,,,,3105483,215,215,,215,215,215,,1080,a,1,0,0,,,,,,,,3137731,216,216,,216,216,216,,1080,a,1,0,0,,,,,,,
750648,,,12,2,,4,20.5,Ebenaceae,Diospyros polystemon,,0.83328125,WDGenus,2248744,535,529,,529,529,529,,2200,a,1,0,1,,,,,,,,3105277,529,529,,529,529,529,,2200,a,1,0,0,,,,,,,,3137525,529,529,,529,529,529,,2200,a,1,0,0,,,,,,,
750649,,,13,2,,3.5,24,Ebenaceae,Diospyros polystemon,,0.83328125,WDGenus,2248745,344,344,,344,344,344,,2650,a,1,0,0,,,,,,,,3105278,346,346,,346,346,346,,2650,a,1,0,0,,,,,,,,3137526,345,345,,345,345,345,,2650,a,1,0,0,,,,,,,
750650,,,14,2,,16.5,22.5,Lauraceae,Hypodaphnis zenkeri,,0.578013955,WDFamily,2248746,283,275,,275,275,275,,1300,a,1,0,1,,,,,,,,3105279,277,277,,277,277,277,,1300,a,1,0,0,,,,,,,,3137527,278,278,,278,278,278,,1300,a,1,0,0,,,,,,,
750651,,,15,2,,16.5,31.5,Euphorbiaceae,Maprounea membranacea,,0.434883333,WDFamily,2248747,246,246,,246,246,246,,1300,a,1,0,0,,,,,,,,3105280,243,243,,243,243,243,,1300,a,1,0,0,,,,,,,,3137528,247,247,,247,247,247,,1300,a,1,0,0,,,,,,,
750652,,,16,2,,10.5,30,Ochnaceae,Lophira alata,,0.8969,WDSpecies ,2248748,127,121,,121,121,121,,1300,a,1,0,1,,,,,,,,3105281,121,121,,121,121,121,,1300,a,1,0,0,,,,,,,,3137529,121,121,,121,121,121,,1300,a,1,0,0,,,,,,,
750653,,,17,2,,7,32,Arecaceae,Elaeis guineensis,,0.688581548,WDPlot,2248749,286,271,,271,271,271,,1300,a,1,0,1,,,,,,,,3105282,273,273,,273,273,273,,1300,a,1,0,0,,,,,,,,3137530,274,274,,274,274,274,,1300,a,1,0,0,,,,,,,
750654,,,18,2,,14.5,37,Ebenaceae,Diospyros polystemon,,0.83328125,WDGenus,2248750,339,323,,323,323,323,,1300,a,1,0,1,,,,,,,,3105283,323,323,,323,323,323,,1300,a,1,0,0,,,,,,,,3137531,323,323,,323,323,323,,1300,a,1,0,0,,,,,,,
750655,,,19,2,,14.5,35,Lauraceae,Beilschmiedia fulva,,0.605255556,WDGenus,2248751,106,94,,94,94,94,,1300,a,1,0,7,,,,,,,,3105284,94,94,,94,94,94,,1300,a,1,0,0,,,,,,,,3137532,0,0,,0,0,0,,0,0,aru,0,0,,,,,,,Mort debout
750656,,,20,2,,16.5,31,Burseraceae,Dacryodes buettneri,,0.51255,WDSpecies ,2248752,639,639,,639,639,639,,2470,a,1,0,0,,,,,,,,3105285,642,642,,642,642,642,,2470,a,1,0,0,,,,,,,,3137533,648,648,,648,648,648,,2470,a,1,0,0,,,,,,,
750657,,,21,2,,19.5,34.5,Ebenaceae,Diospyros suaveolens,,0.83328125,WDGenus,2248753,141,141,,141,141,141,,1300,a,1,0,0,,,,,,,,3105286,142,142,,142,142,142,,1300,a,1,0,0,,,,,,,,3137534,143,143,,143,143,143,,1300,a,1,0,0,,,,,,,
750658,,,22,2,,16,38.5,Olacaceae,Ongokea gore,,0.7492,WDSpecies ,2248754,644,644,,644,644,644,,1300,a,1,0,0,,,,,,,,3105287,640,640,,640,640,640,,1300,a,1,0,0,,,,,,,,3137535,652,641,,641,641,641,,1300,a,1,0,3,,,,,,,
750802,,,160,20,,73.5,5,Ebenaceae,Diospyros suaveolens,,0.83328125,WDGenus,2248898,133,133,,133,133,133,,1300,a,1,0,0,,,,,,,,3105412,131,131,,131,131,131,,1300,a,1,0,0,,,,,,,,3137660,134,134,,134,134,134,,1300,a,1,0,0,,,,,,,
750803,,,161,20,,73,5.5,Irvingiaceae,Desbordesia indet,,0.919,WDGenus,2248899,346,346,,346,346,346,,2270,a,1,0,0,,,,,,,,3105413,342,342,,342,342,342,,2270,a,1,0,0,,,,,,,,3137661,343,343,,343,343,343,,2270,a,1,0,0,,,,,,,
750804,,,162,20,,73.5,57.5,Ochnaceae,Testulea gabonensis,,0.6387,WDSpecies ,2248900,829,788,,788,788,788,,3500,a,1,0,1,,,,,,,,3105414,818,818,,818,818,818,,3500,a,1,0,0,,,,,,,,3137662,833,819,,819,819,819,,3500,a,1,0,3,,,,,,,
750805,,,163,20,,79.5,7,Ebenaceae,Diospyros polystemon,,0.83328125,WDGenus,2248901,193,193,,193,193,193,,1300,a,1,0,0,,,,,,,,3105415,191,191,,191,191,191,,1300,a,1,0,0,,,,,,,,3137663,193,193,,193,193,193,,1300,a,1,0,0,,,,,,,
750806,,,164,20,,79,9,Ebenaceae,Diospyros suaveolens,,0.83328125,WDGenus,2248902,115,108,,108,108,108,,1300,a,1,0,1,,,,,,,,3105416,108,108,,108,108,108,,1300,a,1,0,0,,,,,,,,3137664,108,108,,108,108,108,,1300,a,1,0,0,,,,,,,
750807,,,165,20,,78.5,10,Ebenaceae,Diospyros suaveolens,,0.83328125,WDGenus,2248903,198,182,,182,182,182,,1300,a,1,0,1,,,,,,,,3105417,186,186,,186,186,186,,1300,a,1,0,0,,,,,,,,3137665,188,188,,188,188,188,,1300,a,1,0,0,,,,,,,
750808,,,166,20,,73,14,Irvingiaceae,Desbordesia indet,,0.919,WDGenus,2248904,714,714,,714,714,714,,3550,a,1,0,0,,,,,,,,3105418,715,715,,715,715,715,,3550,a,1,0,0,,,,,,,,3137666,722,722,,722,722,722,,3550,a,1,0,0,,,,,,,
750809,,,167,20,,73,16.5,Ochnaceae,Testulea gabonensis,,0.6387,WDSpecies ,2248905,785,785,,785,785,785,,3600,a,1,0,0,,,,,,,,3105419,780,785,,785,785,785,,3600,a,1,0,3,,,,,,,,3137667,784,784,,784,784,784,,3600,a,1,0,0,,,,,,,
750810,,,168,20,,77.5,20,Fabaceae,Pentaclethra macrophylla,,0.841,WDSpecies ,2248906,222,222,,222,222,222,,2700,b,1,0,0,,,,,,,b @ 5m,3105420,220,220,,220,220,220,,2700,b,1,0,0,,,,,,,,3137668,220,220,,220,220,220,,2700,b,1,0,0,,,,,,,
750801,,,758,20,,61,10,Sapindaceae,Ganophyllum giganteum,,0.698,WDSpecies ,2248897,275,260,,260,260,260,,3570,a,1,0,1,,,,,,,,3105482,266,266,,266,266,266,,3570,a,1,0,0,,,,,,,,3137730,269,269,,269,269,269,,3570,a,1,0,0,,,,,,,
750811,,,169,21,,81,4,Ebenaceae,Diospyros polystemon,,0.83328125,WDGenus,2248907,287,275,,275,275,275,,1300,a,1,0,1,,,,,,,,3105421,277,277,,277,277,277,,1300,a,1,0,0,,,,,,,,3137669,278,278,,278,278,278,,1300,a,1,0,0,,,,,,,
750812,,,170,21,,84,2.5,Annonaceae,Xylopia hypolampra,,0.64,WDSpecies ,2248908,212,212,,212,212,212,,3330,a,1,0,0,,,,,,,,3105422,213,213,,213,213,213,,3330,a,1,0,0,,,,,,,,3137670,215,215,,215,215,215,,3330,a,1,0,0,,,,,,,
750813,,,171,21,,82,9,Irvingiaceae,Desbordesia indet,,0.919,WDGenus,2248909,299,283,,283,283,283,,1300,a,1,0,1,,,,,,,,3105423,291,291,,291,291,291,,1300,a,1,0,0,,,,,,,,3137671,295,295,,295,295,295,,1300,a,1,0,0,,,,,,,
750814,,,172,21,,91,1,Malvaceae,Cola lizae,,0.601095238,WDGenus,2248910,141,141,,141,141,141,,1300,a,1,0,0,,,,,,,,3105424,141,141,,141,141,141,,1300,a,1,0,0,,,,,,,,3137672,141,141,,141,141,141,,1300,a,1,0,0,,,,,,,
750815,,,173,21,,90,0,Sapotaceae,Letestua durissima,,0.9808,WDSpecies ,2248911,1610,1610,,1610,1610,1610,,2950,ah,1,0,0,,,,,,,measured on butteress @ 1m to the top,3105425,1632,1632,,1632,1632,1632,,2950,ah,1,0,0,,,,,,,,3137673,1635,1635,,1635,1635,1635,,2950,ah,1,0,0,,,,,,,
750816,,,174,21,,93.5,10,Fabaceae,Pentaclethra macrophylla,,0.841,WDSpecies ,2248912,511,511,,511,511,511,,3500,a,1,0,0,,,,,,,,3105426,565,565,,565,565,565,,3500,a,1,0,0,,,,,,,,3137674,573,573,,573,573,573,,3500,a,1,0,0,,,,,,,
750817,,,176,21,,81,16.5,Olacaceae,Heisteria parvifolia,,0.752959921,WDFamily,2248913,446,446,,446,446,446,,2650,a,1,0,0,,,,,,,,3105427,448,448,,448,448,448,,2650,a,1,0,0,,,,,,,,3137675,455,455,,455,455,455,,2650,a,1,0,0,,,,,,,
750818,,,177,21,,81,18,Irvingiaceae,Irvingia gabonensis,,0.774875,WDSpecies ,2248914,326,326,,326,326,326,,3050,a,1,0,0,,,,,,,,3105428,328,328,,328,328,328,,3050,a,1,0,0,,,,,,,,3137676,334,334,,334,334,334,,3050,a,1,0,0,,,,,,,
750819,,,178,21,,95.5,14,Sapindaceae,Eriocoelum indet,,0.523,WDGenus,2248915,437,425,,425,425,425,,1300,a,1,0,1,,,,,,,,3105429,427,427,,427,427,427,,1300,a,1,0,0,,,,,,,,3137677,428,428,,428,428,428,,1300,a,1,0,0,,,,,,,
750820,,,179,22,,99.5,26,Irvingiaceae,Desbordesia indet,,0.919,WDGenus,2248916,291,291,,291,291,291,,3200,a,1,0,0,,,,,,,,3105430,289,289,,289,289,289,,3200,a,1,0,0,,,,,,,,3137678,0,289,,289,289,289,,3200,a,1,0,7,,,,,,,Echelle courte
750821,,,180,22,,99,35,Annonaceae,Enantia chlorantha,,0.498461361,WDFamily,2248917,329,315,,315,315,315,,1300,c,1,0,7,,,,,,,,3105431,315,315,,315,315,315,,1300,c,1,0,0,,,,,,,,3137679,300,315,,315,315,315,,1300,c,1,0,7,,,,,,,
750822,,,181,22,,92,31,Ochnaceae,Testulea gabonensis,,0.6387,WDSpecies ,2248918,1036,1036,,1036,1036,1036,,2450,c,1,0,0,,,,,,,,3105432,0,0,,0,0,0,,0,0,cp,0,0,,,,,,,Tombé/mort,,,,,,,,,,,,,,,,,,,,
750823,,,182,22,,95.5,39.5,Ebenaceae,Diospyros polystemon,,0.83328125,WDGenus,2248919,205,205,,205,205,205,,1300,a,1,0,0,,,,,,,,3105433,202,202,,202,202,202,,1300,a,1,0,0,,,,,,,,3137681,200,200,,200,200,200,,1300,a,1,0,0,,,,,,,
750824,,,184,22,,89,38,Meliaceae,Trichilia prieuriana,,0.4825,WDGenus,2248920,213,213,,213,213,213,,1300,a,1,0,0,,,,,,,,3105434,209,209,,209,209,209,,1300,a,1,0,0,,,,,,,,3137682,210,210,,210,210,210,,1300,a,1,0,0,,,,,,,
750825,,,185,22,,87,22.5,Ebenaceae,Diospyros polystemon,,0.83328125,WDGenus,2248921,160,160,,160,160,160,,1300,a,1,0,0,,,,,,,,3105435,164,164,,164,164,164,,1300,a,1,0,0,,,,,,,,3137683,164,164,,164,164,164,,1300,a,1,0,0,,,,,,,
750826,,,186,22,,83,24,Ebenaceae,Diospyros suaveolens,,0.83328125,WDGenus,2248922,160,160,,160,160,160,,1580,a,1,0,0,,,,,,,,3105436,173,173,,173,173,173,,1580,a,1,0,0,,,,,,,,3137684,175,175,,175,175,175,,1580,a,1,0,0,,,,,,,
750827,,,187,22,,82,24,Ebenaceae,Diospyros suaveolens,,0.83328125,WDGenus,2248923,100,100,,100,100,100,,1300,a,1,0,0,,,,,,,,3105437,107,107,,107,107,107,,1300,a,1,0,0,,,,,,,,3137685,110,110,,110,110,110,,1300,a,1,0,0,,,,,,,
750828,,,188,23,,91.5,44,Fabaceae,Pterocarpus soyauxii,,0.657785714,WDSpecies ,2248924,1585,1585,,1585,1585,1585,,3400,a,1,0,0,,,,,,,Measured on buttress @ 20cm to the top,3105438,1592,1592,,1592,1592,1592,,3400,a,1,0,0,,,,,,,,3137686,0,1593,,1593,1593,1593,,3400,a,1,0,3,,,,,,,
750829,,,189,23,,82,63.5,Irvingiaceae,Desbordesia indet,,0.919,WDGenus,2248925,1104,1104,,1104,1104,1104,,3580,c,1,0,0,,,,,,,Measured on buttress @ 60cm to the top,3105439,1109,1109,,1109,1109,1109,,3580,c,1,0,0,,,,,,,,3137687,1190,1109,,1109,1109,1109,,3580,c,1,0,2,,,,,,,
750830,,,190,23,,82.5,68.5,Euphorbiaceae,Plagiostyles africana,,0.741333333,WDSpecies ,2248926,368,354,,354,354,354,,2500,a,1,0,1,,,,,,,,3105440,354,354,,354,354,354,,2500,a,1,0,0,,,,,,,,3137688,354,354,,354,354,354,,2500,a,1,0,0,,,,,,,
750831,,,191,23,,82.5,70,Anacardiaceae,Trichoscypha acuminata,,0.6444,WDGenus,2248927,103,103,,103,103,103,,1300,ah,1,0,0,,,,,,,,3105441,103,103,,103,103,103,,1300,ah,1,0,0,,,,,,,Diam moine de 10 cm,3137689,105,105,,105,105,105,,1300,ah,1,0,0,,,,,,,
750832,,,192,23,,81,71,Ebenaceae,Diospyros suaveolens,,0.83328125,WDGenus,2248928,121,121,,121,121,121,,1300,a,1,0,0,,,,,,,,3105442,125,125,,125,125,125,,1300,a,1,0,0,,,,,,,,3137690,128,128,,128,128,128,,1300,a,1,0,0,,,,,,,
750833,,,193,23,,89,71.5,Euphorbiaceae,Plagiostyles africana,,0.741333333,WDSpecies ,2248929,334,320,,320,320,320,,1300,a,1,0,1,,,,,,,,3105443,326,326,,326,326,326,,1300,a,1,0,0,,,,,,,,3137691,329,329,,329,329,329,,1300,a,1,0,0,,,,,,,
750834,,,194,23,,89,74.5,Fabaceae,Piptadeniastrum africanum,,0.605086957,WDSpecies ,2248930,1118,1118,,1118,1118,1118,,3300,a,1,0,0,,,,,,,Measured on buttress @ 60cm to the top,3105444,1120,1120,,1120,1120,1120,,3300,a,1,0,0,,,,,,,,3137692,1122,1122,,1122,1122,1122,,3300,a,1,0,0,,,,,,,
750835,,,195,23,,91,73.5,Euphorbiaceae,Plagiostyles africana,,0.741333333,WDSpecies ,2248931,461,461,,461,461,461,,1300,a,1,0,0,,,,,,,,3105445,466,466,,466,466,466,,1300,a,1,0,0,,,,,,,,3137693,466,466,,466,466,466,,1300,a,1,0,0,,,,,,,
750836,,,196,23,,97,53,Lauraceae,Hypodaphnis zenkeri,,0.578013955,WDFamily,2248932,231,231,,231,231,231,,1780,a,1,0,0,,,,,,,,3105446,230,230,,230,230,230,,1780,a,1,0,0,,,,,,,,3137694,230,230,,230,230,230,,1780,a,1,0,0,,,,,,,
750837,,,197,24,,88.5,64,Fabaceae,Fillaeopsis discophora,,0.501,WDSpecies ,2248933,431,431,,431,431,431,,3380,a,1,0,0,,,,,,,tag 30cm below,3105447,430,430,,430,430,430,,3380,a,1,0,0,,,,,,,,3137695,432,432,,432,432,432,,3380,a,1,0,0,,,,,,,
750838,,,198,24,,96,70,Irvingiaceae,Desbordesia indet,,0.919,WDGenus,2248934,242,242,,242,242,242,,1910,a,1,0,0,,,,,,,,3105448,244,244,,244,244,244,,1910,a,1,0,0,,,,,,,,3137696,245,245,,245,245,245,,1910,a,1,0,0,,,,,,,
750839,,,199,24,,96,71,Malvaceae,Cola lizae,,0.601095238,WDGenus,2248935,135,125,,125,125,125,,1300,a,1,0,1,,,,,,,,3105449,125,125,,125,125,125,,1300,a,1,0,0,,,,,,,,3137697,125,125,,125,125,125,,1300,a,1,0,0,,,,,,,
750840,,,200,24,,95.5,75.5,Fabaceae,Fillaeopsis discophora,,0.501,WDSpecies ,2248936,504,504,,504,504,504,,3070,c,1,0,0,,,,,,,,3105450,499,499,,499,499,499,,3070,c,1,0,0,,,,,,,,3137698,513,505,,505,505,505,,3070,c,1,0,7,,,,,,,bad pom due to lump
750841,,,201,24,,96,75.5,Fabaceae,Pterocarpus soyauxii,,0.657785714,WDSpecies ,2248937,239,222,,222,222,222,,1300,c,1,0,1,,,,,,,,3105451,222,222,,222,222,222,,1300,c,1,0,0,,,,,,,,3137699,222,222,,222,222,222,,1300,c,1,0,0,,,,,,,
750842,,,202,24,,100,71,Burseraceae,Aucoumea klaineana,,0.377769231,WDSpecies ,2248938,1402,1402,,1402,1402,1402,,3100,c,1,0,0,,,,,,,,3105452,1407,1407,,1407,1407,1407,,3100,c,1,0,0,,,,,,,,3137700,1409,1409,,1409,1409,1409,,3100,c,1,0,0,,,,,,,
750843,,,203,24,,93,64,Euphorbiaceae,Plagiostyles africana,,0.741333333,WDSpecies ,2248939,388,370,,370,370,370,,1960,a,1,0,1,,,,,,,,3105453,374,374,,374,374,374,,1960,a,1,0,0,,,,,,,,3137701,376,376,,376,376,376,,1960,a,1,0,0,,,,,,,
750844,,,205,24,,81,63,Fabaceae,Pentaclethra macrophylla,,0.841,WDSpecies ,2248940,394,388,,388,388,388,,1300,a,1,0,1,,,,,,,,3105454,388,388,,388,388,388,,1300,a,1,0,0,,,,,,,,3137702,388,388,,388,388,388,,1300,a,1,0,0,,,,,,,
750845,,,206,24,,80.5,74.5,Ebenaceae,Diospyros piscatoria,,0.83328125,WDGenus,2248941,199,186,,186,186,186,,1940,a,1,0,1,,,,,,,,3105455,190,190,,190,190,190,,1940,a,1,0,0,,,,,,,,3137703,192,192,,192,192,192,,1940,a,1,0,0,,,,,,,
750846,,,207,25,,80,85,Cannabaceae,Celtis tessmannii,,0.6466,WDSpecies ,2248942,861,861,,861,861,861,,3230,a,1,0,0,,,,,,,,3105456,860,860,,860,860,860,,3230,a,1,0,0,,,,,,,,3137704,864,864,,864,864,864,,3230,a,1,0,0,,,,,,,
750847,,,208,25,,83,86.5,Fabaceae,Swartzia fistuloides,,0.68331525,WDFamily,2248943,412,412,,412,412,412,,2240,bh,1,0,0,,,,,,,b @ 7m,3105457,409,409,,409,409,409,,2240,bh,1,0,0,,,,,,,,3137705,409,409,,409,409,409,,2240,bh,1,0,0,,,,,,,
750849,,,209,25,,84,91.5,Annonaceae,Polyalthia suaveolens,,0.695,WDSpecies ,2248945,150,150,,150,150,150,,1300,a,1,0,0,,,,,,,,3105458,156,156,,156,156,156,,1300,a,1,0,0,,,,,,,,3137706,157,157,,157,157,157,,1300,a,1,0,0,,,,,,,
750850,,,210,25,,86,94.5,Burseraceae,Aucoumea klaineana,,0.377769231,WDSpecies ,2248946,393,393,,393,393,393,,1300,a,1,0,0,,,,,,,,3105459,391,394,,394,394,394,,1300,a,1,0,3,,,,,,,,3137707,396,396,,396,396,396,,1300,a,1,0,0,,,,,,,
750854,,,214,25,,98.5,96,Burseraceae,Dacryodes buettneri,,0.51255,WDSpecies ,2248950,336,336,,336,336,336,,1300,a,1,0,0,,,,,,,,3105463,334,334,,334,334,334,,1300,a,1,0,0,,,,,,,,3137711,338,338,,338,338,338,,1300,a,1,0,0,,,,,,,
750855,,,215,25,,100,95,Burseraceae,Aucoumea klaineana,,0.377769231,WDSpecies ,2248951,612,612,,612,612,612,,2760,a,1,0,0,,,,,,,,3105464,625,625,,625,625,625,,2760,a,1,0,0,,,,,,,,3137712,623,623,,623,623,623,,2760,a,1,0,0,,,,,,,
750856,,,216,25,,100,87,Rubiaceae,Corynanthe mayumbensis,,0.6735,WDGenus,2248952,197,174,,174,174,174,,1300,ah,1,0,1,,,,,,,,3105465,184,184,,184,184,184,,1300,ah,1,0,0,,,,,,,,3137713,189,189,,189,189,189,,1300,ah,1,0,0,,,,,,,
750848,,,219,25,,83,86.5,Fabaceae,Swartzia fistuloides,,0.68331525,WDFamily,2248944,502,502,,502,502,502,,3180,ah,1,0,0,,,,,,,,3105467,497,497,,497,497,497,,3180,ah,1,0,0,,,,,,,,3137715,500,492,,492,492,492,,3180,ah,1,0,,,,,,,,F4 = R
750659,,,23,3,,20,46,Burseraceae,Dacryodes buettneri,,0.51255,WDSpecies ,2248755,606,606,,606,606,606,,1300,a,1,0,0,,,,,,,,3105288,605,605,,605,605,605,,1300,a,1,0,0,,,,,,,,3137536,611,611,,611,611,611,,1300,a,1,0,0,,,,,,,
750660,,,24,3,,19,46,Burseraceae,Dacryodes normandii,,0.516555556,WDSpecies ,2248756,155,145,,145,145,145,,1300,a,1,0,2,,,,,,,,3105289,146,146,,146,146,146,,1300,a,1,0,0,,,,,,,,3137537,145,147,,147,147,147,,1300,a,1,0,1,,,,,,,
750661,,,25,3,,20,47,Ebenaceae,Diospyros polystemon,,0.83328125,WDGenus,2248757,253,247,,247,247,247,,1300,a,1,0,1,,,,,,,,3105290,247,247,,247,247,247,,1300,a,1,0,0,,,,,,,,3137538,247,247,,247,247,247,,1300,a,1,0,0,,,,,,,
750662,,,26,3,,17,55,Ochnaceae,Testulea gabonensis,,0.6387,WDSpecies ,2248758,1025,994,,994,994,994,,3050,a,1,0,1,,,,,,,,3105291,1018,1018,,1018,1018,1018,,3050,a,1,0,0,,,,,,,,3137539,1030,1030,,1030,1030,1030,,3050,a,1,0,0,,,,,,,
750663,,,27,3,,8.5,55,Burseraceae,Aucoumea klaineana,,0.377769231,WDSpecies ,2248759,349,332,,332,332,332,,1300,a,1,0,1,,,,,,,,3105292,332,332,,332,332,332,,1300,a,1,0,0,,,,,,,,3137540,302,332,,332,332,332,,1300,a,1,0,2,,,,,,,
750664,,,28,3,,9.5,55.5,Malvaceae,Cola lizae,,0.601095238,WDGenus,2248760,119,96,,96,96,96,,1300,a,1,0,1,,,,,,,,3105293,102,102,,102,102,102,,1300,a,1,0,0,,,,,,,,3137541,105,105,,105,105,105,,1300,a,1,0,0,,,,,,,
750665,,,29,3,,5,55.5,Annonaceae,Xylopia aethiopica,,0.442,WDSpecies ,2248761,376,376,,376,376,376,,1300,a,1,0,0,,,,,,,,3105294,380,380,,380,380,380,,1300,a,1,0,0,,,,,,,,3137542,382,382,,382,382,382,,1300,a,1,0,0,,,,,,,
750666,,,30,3,,1.5,47,Annonaceae,Xylopia quintasii,,0.7626,WDSpecies ,2248762,249,229,,229,229,229,,1300,a,1,0,2,,,,,,,,3105295,229,229,,229,229,229,,1300,a,1,0,0,,,,,,,,3137543,0,0,,0,0,0,,0,0,aru,0,0,,,,,,,Mort debout
750667,,,31,4,,2.5,64.5,Ebenaceae,Diospyros suaveolens,,0.83328125,WDGenus,2248763,249,233,,233,233,233,,1300,a,1,0,1,,,,,,,,3105296,235,235,,235,235,235,,1300,a,1,0,0,,,,,,,,3137544,236,236,,236,236,236,,1300,a,1,0,0,,,,,,,
750668,,,32,4,,19,60.5,Lauraceae,Hypodaphnis zenkeri,,0.578013955,WDFamily,2248764,164,155,,155,155,155,,1300,b,1,0,1,,,,,,,,3105297,155,155,,155,155,155,,1300,b,1,0,0,,,,,,,,3137545,155,155,,155,155,155,,1300,b,1,0,0,,,,,,,
750669,,,33,4,,18,63.5,Cannabaceae,Celtis tessmannii,,0.6466,WDSpecies ,2248765,309,291,,291,291,291,,1300,c,1,0,1,,,,,,,,3105298,291,291,,291,291,291,,1300,c,1,0,0,,,,,,,,3137546,291,291,,291,291,291,,1300,c,1,0,0,,,,,,,
750670,,,34,4,,17,63,Malvaceae,Cola lizae,,0.601095238,WDGenus,2248766,160,160,,160,160,160,,1300,a,1,0,0,,,,,,,,3105299,163,163,,163,163,163,,1300,a,1,0,0,,,,,,,,3137547,163,163,,163,163,163,,1300,a,1,0,0,,,,,,,
750671,,,35,4,,18,67.5,Annonaceae,Xylopia aethiopica,,0.442,WDSpecies ,2248767,233,233,,233,233,233,,1300,a,1,0,0,,,,,,,,3105300,238,238,,238,238,238,,1300,a,1,0,0,,,,,,,,3137548,240,240,,240,240,240,,1300,a,1,0,0,,,,,,,
750672,,,36,4,,13,72.5,Malvaceae,Cola lizae,,0.601095238,WDGenus,2248768,153,137,,137,137,137,,1300,c,1,0,1,,,,,,,,3105301,147,147,,147,147,147,,1300,c,1,0,0,,,,,,,,3137549,152,152,,152,152,152,,1300,c,1,0,0,,,,,,,
750673,,,37,4,,1.5,75.5,Annonaceae,Xylopia aethiopica,,0.442,WDSpecies ,2248769,215,215,,215,215,215,,1300,a,1,0,0,,,,,,,,3105302,210,214,,214,214,214,,1300,a,1,0,3,,,,,,,,3137550,213,213,,213,213,213,,1300,a,1,0,0,,,,,,,
750674,,,38,4,,2.5,76,Ebenaceae,Diospyros dendo,,0.905,WDSpecies ,2248770,117,102,,102,102,102,,1300,a,1,0,1,,,,,,,,3105303,108,108,,108,108,108,,1300,a,1,0,0,,,,,,,,3137551,111,111,,111,111,111,,1300,a,1,0,0,,,,,,,
750675,,,39,4,,11,76.5,Euphorbiaceae,Plagiostyles africana,,0.741333333,WDSpecies ,2248771,383,375,,375,375,375,,1300,a,1,0,1,,,,,,,,3105304,377,377,,377,377,377,,1300,a,1,0,0,,,,,,,,3137552,378,378,,378,378,378,,1300,a,1,0,0,,,,,,,
750676,,,41,4,,19.5,79.5,Burseraceae,Aucoumea klaineana,,0.377769231,WDSpecies ,2248772,989,989,,989,989,989,,3100,a,1,0,0,,,,,,,,3105305,985,985,,985,985,985,,3100,a,1,0,0,,,,,,,,3137553,982,982,,982,982,982,,3100,a,1,0,0,,,,,,,
750677,,,42,5,,15,80.5,Anacardiaceae,Trichoscypha abut,,0.6444,WDGenus,2248773,333,327,,327,327,327,,1300,a,1,0,7,,,,,,,,3105306,327,327,,327,327,327,,1300,a,1,0,0,,,,,,,,3137554,326,326,,326,326,326,,1300,a,1,0,0,,,,,,,
750678,,,43,5,,14.5,81,Malvaceae,Cola lizae,,0.601095238,WDGenus,2248774,179,161,,161,161,161,,1300,a,1,0,1,,,,,,,,3105307,161,161,,161,161,161,,1300,a,1,0,0,,,,,,,,3137555,161,161,,161,161,161,,1300,a,1,0,0,,,,,,,
750679,,,45,5,,5,81,Malvaceae,Cola lizae,,0.601095238,WDGenus,2248775,354,343,,343,343,343,,1300,a,1,0,1,,,,,,,,3105308,347,347,,347,347,347,,1300,a,1,0,0,,,,,,,,3137556,349,349,,349,349,349,,1300,a,1,0,0,,,,,,,
750680,,,46,5,,7.5,83,Ebenaceae,Diospyros polystemon,,0.83328125,WDGenus,2248776,369,350,,350,350,350,,1300,a,1,0,1,,,,,,,,3105309,350,350,,350,350,350,,1300,a,1,0,0,,,,,,,,3137557,350,350,,350,350,350,,1300,a,1,0,0,,,,,,,
750681,,,47,5,,2.5,87,Burseraceae,Dacryodes normandii,,0.516555556,WDSpecies ,2248777,445,434,,434,434,434,,1300,a,1,0,1,,,,,,,,3105310,436,436,,436,436,436,,1300,a,1,0,0,,,,,,,,3137558,437,437,,437,437,437,,1300,a,1,0,0,,,,,,,
750682,,,48,5,,4.5,90.5,Malvaceae,Cola lizae,,0.601095238,WDGenus,2248778,369,350,,350,350,350,,1300,a,1,0,1,,,,,,,,3105311,352,352,,352,352,352,,1300,a,1,0,0,,,,,,,,3137559,353,353,,353,353,353,,1300,a,1,0,0,,,,,,,
750683,,,49,5,,8.5,90.5,Ebenaceae,Diospyros suaveolens,,0.83328125,WDGenus,2248779,138,117,,117,117,117,,1300,a,1,0,1,,,,,,,,3105312,123,123,,123,123,123,,1300,a,1,0,0,,,,,,,,3137560,126,126,,126,126,126,,1300,a,1,0,0,,,,,,,
750684,,,50,5,,11,90.5,Ebenaceae,Diospyros polystemon,,0.83328125,WDGenus,2248780,316,309,,309,309,309,,2480,a,1,0,1,,,,,,,,3105313,309,309,,309,309,309,,2480,a,1,0,0,,,,,,,,3137561,309,309,,309,309,309,,2480,a,1,0,0,,,,,,,
750685,,,51,5,,11,94,Ebenaceae,Diospyros dendo,,0.905,WDSpecies ,2248781,112,112,,112,112,112,,1300,a,1,0,0,,,,,,,,3105314,112,112,,112,112,112,,1300,a,1,0,0,,,,,,,,3137562,114,114,,114,114,114,,1300,a,1,0,0,,,,,,,
750686,,,52,5,,10.5,96.5,Ochnaceae,Lophira alata,,0.8969,WDSpecies ,2248782,494,494,,494,494,494,,1300,a,1,0,0,,,,,,,,3105315,493,496,,496,496,496,,1300,a,1,0,3,,,,,,,,3137563,496,496,,496,496,496,,1300,a,1,0,0,,,,,,,
750687,,,53,5,,8.5,99,Rubiaceae,Corynanthe mayumbensis,,0.6735,WDGenus,2248783,116,99,,99,99,99,,1300,a,1,0,1,,,,,,,,3105316,103,103,,103,103,103,,1300,a,1,0,0,,,,,,,,3137564,105,105,,105,105,105,,1300,a,1,0,0,,,,,,,
750857,,,54,5,,17.5,92,Fabaceae,Dialium lopense,,0.837097222,WDGenus,2248953,726,716,,716,716,716,,3000,a,1,0,1,,,,,,,,3105317,718,718,,718,718,718,,3000,a,1,0,0,,,,,,,,3137565,719,719,,719,719,719,,3000,a,1,0,0,,,,,,,
750688,,,55,5,,20,93,Lauraceae,Hypodaphnis zenkeri,,0.578013955,WDFamily,2248784,188,171,,171,171,171,,1300,gz,1,0,7,,,,,,,,3105318,171,171,,171,171,171,,1300,gz,1,0,0,,,,,,,Tag tombé,3137566,170,170,,170,170,170,,1300,gz,1,0,0,,,,,,,Tronc fendu / Tag tombé
1598590,,,846,5,,,,Indet,Indet indet,,0.688581548,WDPlot,,,,,,,,,,,,,,,,,,,,,,,,,,,,,,,,,,,,,,,,,,,,,,,,,,,,,,,,,,,,
750689,,,56,6,,23.5,97,Malvaceae,Cola lizae,,0.601095238,WDGenus,2248785,294,294,,294,294,294,,1300,a,1,0,0,,,,,,,,3105319,288,292,,292,292,292,,1300,a,1,0,3,,,,,,,,3137567,290,290,,290,290,290,,1300,a,1,0,0,,,,,,,
750690,,,57,6,,24,83,Malvaceae,Cola lizae,,0.601095238,WDGenus,2248786,208,190,,190,190,190,,1300,a,1,0,1,,,,,,,,3105320,192,192,,192,192,192,,1300,a,1,0,0,,,,,,,,3137568,193,193,,193,193,193,,1300,a,1,0,0,,,,,,,
750691,,,58,6,,33.5,83.5,Burseraceae,Dacryodes buettneri,,0.51255,WDSpecies ,2248787,809,809,,809,809,809,,3500,a,1,0,0,,,,,,,,3105321,812,812,,812,812,812,,3500,a,1,0,0,,,,,,,,3137569,828,828,,828,828,828,,3500,a,1,0,0,,,,,,,
750692,,,59,6,,36,84,Ebenaceae,Diospyros polystemon,,0.83328125,WDGenus,2248788,230,230,,230,230,230,,1300,a,1,0,0,,,,,,,,3105322,233,233,,233,233,233,,1300,a,1,0,0,,,,,,,,3137570,234,234,,234,234,234,,1300,a,1,0,0,,,,,,,
750693,,,60,7,,39.5,77.5,Annonaceae,Xylopia aethiopica,,0.442,WDSpecies ,2248789,295,295,,295,295,295,,1300,a,1,0,0,,,,,,,,3105323,294,295,,295,295,295,,1300,a,1,0,3,,,,,,,,3137571,299,299,,299,299,299,,1300,a,1,0,0,,,,,,,
750694,,,61,7,,29,76,Meliaceae,Trichilia prieuriana,,0.4825,WDGenus,2248790,162,162,,162,162,162,,1300,a,1,0,0,,,,,,,,3105324,159,159,,159,159,159,,1300,a,1,0,0,,,,,,,,3137572,160,160,,160,160,160,,1300,a,1,0,0,,,,,,,
750695,,,62,7,,27,75,Ebenaceae,Diospyros polystemon,,0.83328125,WDGenus,2248791,320,320,,320,320,320,,1300,a,1,0,0,,,,,,,,3105325,327,327,,327,327,327,,1300,a,1,0,0,,,,,,,,3137573,334,334,,334,334,334,,1300,a,1,0,0,,,,,,,
750696,,,63,7,,27,73,Ebenaceae,Diospyros polystemon,,0.83328125,WDGenus,2248792,229,212,,212,212,212,,1300,a,1,0,1,,,,,,,,3105326,212,212,,212,212,212,,1300,a,1,0,0,,,,,,,,3137574,212,212,,212,212,212,,1300,a,1,0,0,,,,,,,
750697,,,64,7,,24.5,72,Annonaceae,Xylopia aethiopica,,0.442,WDSpecies ,2248793,205,205,,205,205,205,,1300,a,1,0,0,,,,,,,,3105327,200,200,,200,200,200,,1300,a,1,0,0,,,,,,,,3137575,202,202,,202,202,202,,1300,a,1,0,0,,,,,,,
750698,,,66,7,,28,67,Annonaceae,Polyalthia suaveolens,,0.695,WDSpecies ,2248794,315,307,,307,307,307,,1300,a,1,0,1,,,,,,,,3105328,307,307,,307,307,307,,1300,a,1,0,0,,,,,,,,3137576,307,307,,307,307,307,,1300,a,1,0,0,,,,,,,
750699,,,67,7,,34,65,Annonaceae,Xylopia quintasii,,0.7626,WDSpecies ,2248795,120,120,,120,120,120,,1300,a,1,0,0,,,,,,,,3105329,133,133,,133,133,133,,1300,a,1,0,0,,,,,,,,3137577,131,131,,131,131,131,,1300,a,1,0,0,,,,,,,
750700,,,68,7,,31,62.5,Ebenaceae,Diospyros piscatoria,,0.83328125,WDGenus,2248796,116,103,,103,103,103,,1000,a,1,0,1,,,,,,,,3105330,107,107,,107,107,107,,1000,a,1,0,0,,,,,,,,3137578,109,109,,109,109,109,,1000,a,1,0,0,,,,,,,
750701,,,69,7,,22,70,Annonaceae,Xylopia aethiopica,,0.442,WDSpecies ,2248797,126,115,,115,115,115,,1300,a,1,0,1,,,,,,,,3105331,115,115,,115,115,115,,1300,a,1,0,0,,,,,,,,3137579,115,115,,115,115,115,,1300,a,1,0,0,,,,,,,
750702,,,70,7,,20.5,68.5,Ebenaceae,Diospyros polystemon,,0.83328125,WDGenus,2248798,309,288,,288,288,288,,2780,a,1,0,1,,,,,,,,3105332,292,292,,292,292,292,,2780,a,1,0,0,,,,,,,,3137580,294,294,,294,294,294,,2780,a,1,0,0,,,,,,,
750703,,,71,7,,22,68.5,Rubiaceae,Porterandia cladantha,,0.69565607,WDFamily,2248799,260,260,,260,260,260,,1300,c,1,0,0,,,,,,,,3105333,260,260,,260,260,260,,1300,c,1,0,0,,,,,,,,3137581,261,261,,261,261,261,,1300,c,1,0,0,,,,,,,
750704,,,72,7,,23.5,65,Fabaceae,Pentaclethra macrophylla,,0.841,WDSpecies ,2248800,532,532,,532,532,532,,2350,cf,1,0,0,,,,,,,,3105334,538,538,,538,538,538,,2350,cf,1,0,0,,,,,,,,3137582,526,541,,541,541,541,,2350,cf,1,0,1,,,,,,,
750705,,,73,8,,20,59,Annonaceae,Enantia chlorantha,,0.498461361,WDFamily,2248801,111,111,,111,111,111,,1900,c,1,0,0,,,,,,,,3105335,107,107,,107,107,107,,1900,c,1,0,0,,,,,,,,3137583,109,109,,109,109,109,,1900,c,1,0,0,,,,,,,
750706,,,74,8,,25,58,Ebenaceae,Diospyros polystemon,,0.83328125,WDGenus,2248802,304,294,,294,294,294,,1300,c,1,0,1,,,,,,,,3105336,296,296,,296,296,296,,1300,c,1,0,0,,,,,,,,3137584,297,297,,297,297,297,,1300,c,1,0,0,,,,,,,
750707,,,75,8,,20.5,57,Irvingiaceae,Desbordesia glaucescens,,0.919,WDSpecies ,2248803,439,414,,414,414,414,,2880,a,1,0,1,,,,,,,,3105337,420,420,,420,420,420,,2880,a,1,0,0,,,,,,,,3137585,423,423,,423,423,423,,2880,a,1,0,0,,,,,,,
750708,,,76,8,,23,47.5,Irvingiaceae,Desbordesia glaucescens,,0.919,WDSpecies ,2248804,507,507,,507,507,507,,3630,a,1,0,0,,,,,,,,3105338,510,510,,510,510,510,,3630,a,1,0,0,,,,,,,,3137586,510,510,,510,510,510,,3630,a,1,0,0,,,,,,,
750709,,,77,8,,28,44,Cannabaceae,Celtis tessmannii,,0.6466,WDSpecies ,2248805,923,912,,912,912,912,,3600,c,1,0,1,,,,,,,,3105339,914,914,,914,914,914,,3600,c,1,0,0,,,,,,,,3137587,915,915,,915,915,915,,3600,c,1,0,0,,,,,,,
750710,,,78,8,,29.5,45,Annonaceae,Enantia chlorantha,,0.498461361,WDFamily,2248806,247,238,,238,238,238,,1300,a,1,0,1,,,,,,,,3105340,238,238,,238,238,238,,1300,a,1,0,0,,,,,,,,3137588,238,238,,238,238,238,,1300,a,1,0,0,,,,,,,
750711,,,79,9,,22,28.5,Fabaceae,Swartzia fistuloides,,0.68331525,WDFamily,2248807,608,608,,608,608,608,,1300,a,1,0,0,,,,,,,,3105341,0,0,,0,0,0,,0,0,ap,0,0,,,,,,,Mort debout,,,,,,,,,,,,,,,,,,,,
750712,,,80,9,,37,34,Burseraceae,Dacryodes normandii,,0.516555556,WDSpecies ,2248808,351,351,,351,351,351,,1300,a,1,0,0,,,,,,,,3105342,358,358,,358,358,358,,1300,a,1,0,0,,,,,,,,3137590,365,365,,365,365,365,,1300,a,1,0,0,,,,,,,
750713,,,81,9,,38.5,32,Ebenaceae,Diospyros polystemon,,0.83328125,WDGenus,2248809,402,402,,402,402,402,,2880,a,1,0,0,,,,,,,,3105343,403,403,,403,403,403,,2880,a,1,0,0,,,,,,,,3137591,404,404,,404,404,404,,2880,a,1,0,0,,,,,,,
750714,,,83,9,,39.5,40,Ebenaceae,Diospyros polystemon,,0.83328125,WDGenus,2248810,292,292,,292,292,292,,1300,a,1,0,0,,,,,,,,3105344,292,292,,292,292,292,,1300,a,1,0,0,,,,,,,,3137592,292,292,,292,292,292,,1300,a,1,0,0,,,,,,,
750715,,,84,9,,39.5,20.5,Ebenaceae,Diospyros polystemon,,0.83328125,WDGenus,2248811,220,220,,220,220,220,,1300,a,1,0,0,,,,,,,,3105345,229,229,,229,229,229,,1300,a,1,0,0,,,,,,,,3137593,236,236,,236,236,236,,1300,a,1,0,0,,,,,,,
750716,,,85,9,,31.5,24.5,Malvaceae,Cola lizae,,0.601095238,WDGenus,2248812,257,247,,247,247,247,,1300,c,1,0,1,,,,,,,,3105346,249,249,,249,249,249,,1300,c,1,0,0,,,,,,,,3137594,250,250,,250,250,250,,1300,c,1,0,0,,,,,,,
750717,,,86,9,,31,21,Irvingiaceae,Klainedoxa gabonensis,,0.925583333,WDSpecies ,2248813,860,860,,860,860,860,,2300,f,1,0,0,,,,,,,,3105347,868,868,,868,868,868,,2300,f,1,0,0,,,,,,,,3137595,870,870,,870,870,870,,2300,f,1,0,0,,,,,,,
750780,,,135,,,48.5,99,Euphorbiaceae,Maprounea membranacea,,0.434883333,WDFamily,2248876,236,130,,130,130,130,,2550,ah,1,0,7,,,,,,,,3105393,130,130,,130,130,130,,2550,ah,1,0,0,,,,,,,,3137641,0,130,,130,130,130,,2550,a,1,0,7,,,,,,,"Hors placette, old T1=15"
750783,,,137,,,52.5,99.5,Annonaceae,Xylopia aethiopica,,0.442,WDSpecies ,2248879,333,333,,333,333,333,,2800,a,1,0,0,,,,,,,,3105395,339,339,,339,339,339,,2800,a,1,0,0,,,,,,,,3137643,0,342,,342,342,342,,2800,a,1,0,1,,,,,,,"Hors placette, old T1=15"
750784,,,138,,,57.5,99,Ebenaceae,Diospyros suaveolens,,0.83328125,WDGenus,2248880,417,406,,406,406,406,,1970,f,1,0,7,,,,,,,,3105396,406,406,,406,406,406,,1970,f,1,0,0,,,,,,,,3137644,0,406,,406,406,406,,1970,f,1,0,7,,,,,,,"Hors placette, old T1=15"
750851,,,211,,,87,99,Burseraceae,Aucoumea klaineana,,0.377769231,WDSpecies ,2248947,840,840,,840,840,840,,2890,c,1,0,0,,,,,,,,3105460,856,856,,856,856,856,,2890,c,1,0,0,,,,,,,,3137708,0,864,,864,864,864,,2890,c,1,0,1,,,,,,,"Hors placette, old T1=25"
750852,,,212,,,90.5,98.5,Fabaceae,Pentaclethra macrophylla,,0.841,WDSpecies ,2248948,492,492,,492,492,492,,2780,f,1,0,0,,,,,,,,3105461,495,495,,495,495,495,,2780,f,1,0,0,,,,,,,,3137709,0,497,,497,497,497,,2780,f,1,0,1,,,,,,,"Hors placette, old T1=25"
750853,,,213,,,94.5,100,Fabaceae,Pentaclethra macrophylla,,0.841,WDSpecies ,2248949,417,396,,396,396,396,,2980,c,1,0,7,,,,,,,,3105462,396,396,,396,396,396,,2980,c,1,0,0,,,,,,,,3137710,0,396,,396,396,396,,2980,c,1,0,7,,,,,,,"Hors placette, old T1=25"
750781,,,217,,,48.5,99,Euphorbiaceae,Maprounea membranacea,,0.434883333,WDFamily,2248877,118,105,,105,105,105,,2400,ch,1,0,7,,,,,,,,3105466,105,105,,105,105,105,,2400,ch,1,0,0,,,,,,,,3137714,0,105,,105,105,105,,2400,ch,1,0,7,,,,,,,"Hors placette, old T1=15"