"","id","meas_int_days","bleavesflf_g_trap_day","btwigs","bflowers","bfruits","bbrom","bepi","bother","btotal","plot_code","num","year","month","day","collectiondate","leavesflf_MgC_ha_month","twigsflf_MgC_ha_month","flowersflf_MgC_ha_month","fruitsflf_MgC_ha_month","bromflf_MgC_ha_month","epiflf_MgC_ha_month","otherflf_MgC_ha_month","totalflf_MgC_ha_month"
"1","ABA-00.1.2013.6.21",24,43.2916666666667,0.00333333333333333,0.02625,NA,0.015,0.0104166666666667,NA,43.3466666666667,"ABA-00","1","2013","6","21",2013-06-21,25.4555,0.00196,0.015435,NA,0.00882,0.006125,NA,25.48784
"2","ABA-00.1.2013.7.25",34,15.6176470588235,0.00411764705882353,0.0144117647058824,0.00617647058823529,NA,NA,NA,15.6423529411765,"ABA-00","1","2013","7","25",2013-07-25,9.18317647058823,0.00242117647058824,0.00847411764705882,0.00363176470588235,NA,NA,NA,9.19770352941176
"3","ABA-00.1.2013.8.28",34,29.4411764705882,0.0138235294117647,0.00882352941176471,0.00970588235294118,NA,0.000294117647058824,NA,29.4738235294118,"ABA-00","1","2013","8","28",2013-08-28,17.3114117647059,0.00812823529411765,0.00518823529411765,0.00570705882352941,NA,0.000172941176470588,NA,17.3306082352941
"4","ABA-00.1.2013.9.25",28,45.4285714285714,0.0453571428571429,NA,0.005,NA,0.00892857142857143,NA,45.4878571428571,"ABA-00","1","2013","9","25",2013-09-25,26.712,0.02667,NA,0.00294,NA,0.00525,NA,26.74686
"5","ABA-00.1.2013.10.20",25,36.72,0.082,NA,0.0064,NA,0.0232,0.0256,36.8572,"ABA-00","1","2013","10","20",2013-10-20,21.59136,0.048216,NA,0.0037632,NA,0.0136416,0.0150528,21.6720336
"6","ABA-00.1.2013.11.20",31,41.5483870967742,0.0509677419354839,NA,0.0032258064516129,NA,0.0967741935483871,0.00774193548387097,41.7070967741936,"ABA-00","1","2013","11","20",2013-11-20,24.4304516129032,0.0299690322580645,NA,0.00189677419354839,NA,0.0569032258064516,0.00455225806451613,24.5237729032258
"7","ABA-00.1.2013.12.10",20,2.85,0.0625,NA,0.0045,NA,0.245,0.0125,3.1745,"ABA-00","1","2013","12","10",2013-12-10,1.6758,0.03675,NA,0.002646,NA,0.14406,0.00735,1.866606
"8","ABA-00.1.2014.1.12",33,10.3333333333333,0.0563636363636364,0.00121212121212121,NA,NA,0.0348484848484848,0.00727272727272727,10.4330303030303,"ABA-00","1","2014","1","12",2014-01-12,6.076,0.0331418181818182,0.000712727272727273,NA,NA,0.0204909090909091,0.00427636363636364,6.13462181818182
"9","ABA-00.1.2014.2.9",28,14.3214285714286,0.07,NA,NA,NA,0.08,NA,14.4714285714286,"ABA-00","1","2014","2","9",2014-02-09,8.421,0.04116,NA,NA,NA,0.04704,NA,8.5092
"10","ABA-00.1.2014.3.16",35,2.08571428571429,0.00771428571428572,NA,0.00628571428571429,0.00514285714285714,0.0434285714285714,NA,2.14828571428571,"ABA-00","1","2014","3","16",2014-03-16,1.2264,0.004536,NA,0.003696,0.003024,0.025536,NA,1.263192
"11","ABA-00.1.2014.5.1",46,28.0869565217391,0.290869565217391,NA,0.00326086956521739,0.03,0.165869565217391,0.00565217391304348,28.5826086956522,"ABA-00","1","2014","5","1",2014-05-01,16.5151304347826,0.171031304347826,NA,0.00191739130434783,0.01764,0.0975313043478261,0.00332347826086957,16.8065739130435
"12","ABA-00.2.2013.6.21",24,16.3333333333333,NA,0.01375,NA,NA,0.00583333333333333,NA,16.3529166666667,"ABA-00","2","2013","6","21",2013-06-21,9.604,NA,0.008085,NA,NA,0.00343,NA,9.615515
"13","ABA-00.2.2013.7.25",34,11.8823529411765,NA,0.00294117647058824,NA,NA,NA,NA,11.8852941176471,"ABA-00","2","2013","7","25",2013-07-25,6.98682352941176,NA,0.00172941176470588,NA,NA,NA,NA,6.98855294117647
"14","ABA-00.2.2013.8.28",34,11.9411764705882,NA,0.00529411764705882,NA,NA,0.000588235294117647,NA,11.9470588235294,"ABA-00","2","2013","8","28",2013-08-28,7.02141176470588,NA,0.00311294117647059,NA,NA,0.000345882352941176,NA,7.02487058823529
"15","ABA-00.2.2013.9.25",28,16.8571428571429,0.0135714285714286,NA,0.00285714285714286,NA,0.0114285714285714,NA,16.885,"ABA-00","2","2013","9","25",2013-09-25,9.912,0.00798,NA,0.00168,NA,0.00672,NA,9.92838
"16","ABA-00.2.2013.10.20",25,40.52,NA,0.0056,0.004,NA,0.0024,NA,40.532,"ABA-00","2","2013","10","20",2013-10-20,23.82576,NA,0.0032928,0.002352,NA,0.0014112,NA,23.832816
"17","ABA-00.2.2013.11.20",31,33.7096774193548,0.0258064516129032,NA,0.00161290322580645,0.00161290322580645,0.0103225806451613,NA,33.7490322580645,"ABA-00","2","2013","11","20",2013-11-20,19.8212903225806,0.0151741935483871,NA,0.000948387096774194,0.000948387096774194,0.00606967741935484,NA,19.8444309677419
"18","ABA-00.2.2013.12.10",20,42.85,0.057,NA,0.004,NA,0.0245,0.007,42.9425,"ABA-00","2","2013","12","10",2013-12-10,25.1958,0.033516,NA,0.002352,NA,0.014406,0.004116,25.25019
"19","ABA-00.2.2014.1.12",33,31.969696969697,0.0236363636363636,NA,0.0106060606060606,NA,0.00636363636363636,NA,32.010303030303,"ABA-00","2","2014","1","12",2014-01-12,18.7981818181818,0.0138981818181818,NA,0.00623636363636364,NA,0.00374181818181818,NA,18.8220581818182
"20","ABA-00.2.2014.2.9",28,24.1785714285714,0.00892857142857143,NA,NA,NA,0.0178571428571429,NA,24.2053571428571,"ABA-00","2","2014","2","9",2014-02-09,14.217,0.00525,NA,NA,NA,0.0105,NA,14.23275
"21","ABA-00.2.2014.3.16",35,32.6571428571429,0.199714285714286,NA,0.00514285714285714,NA,0.157142857142857,NA,33.0191428571429,"ABA-00","2","2014","3","16",2014-03-16,19.2024,0.117432,NA,0.003024,NA,0.0924,NA,19.415256
"22","ABA-00.2.2014.5.1",46,30.1304347826087,0.048695652173913,NA,0.00739130434782609,NA,0.013695652173913,0.00195652173913043,30.2021739130435,"ABA-00","2","2014","5","1",2014-05-01,17.7166956521739,0.0286330434782609,NA,0.00434608695652174,NA,0.00805304347826087,0.0011504347826087,17.7588782608696
"23","ABA-00.3.2013.6.21",24,33.0833333333333,NA,0.00125,0.000833333333333333,0.0275,0.000833333333333333,0.00125,33.115,"ABA-00","3","2013","6","21",2013-06-21,19.453,NA,0.000735,0.00049,0.01617,0.00049,0.000735,19.47162
"24","ABA-00.3.2013.7.25",34,20.0882352941176,NA,0.00352941176470588,NA,NA,0.000294117647058824,NA,20.0920588235294,"ABA-00","3","2013","7","25",2013-07-25,11.8118823529412,NA,0.00207529411764706,NA,NA,0.000172941176470588,NA,11.8141305882353
"25","ABA-00.3.2013.8.28",34,24.2647058823529,0.0214705882352941,0.00323529411764706,0.00441176470588235,NA,0.00735294117647059,NA,24.3011764705882,"ABA-00","3","2013","8","28",2013-08-28,14.2676470588235,0.0126247058823529,0.00190235294117647,0.00259411764705882,NA,0.00432352941176471,NA,14.2890917647059
"26","ABA-00.3.2013.9.25",28,19.3214285714286,0.0221428571428571,0.00821428571428571,0.0025,NA,0.00357142857142857,0.0171428571428571,19.375,"ABA-00","3","2013","9","25",2013-09-25,11.361,0.01302,0.00483,0.00147,NA,0.0021,0.01008,11.3925
"27","ABA-00.3.2013.10.20",25,24.64,0.0648,0.0052,0.0052,NA,0.0056,NA,24.7208,"ABA-00","3","2013","10","20",2013-10-20,14.48832,0.0381024,0.0030576,0.0030576,NA,0.0032928,NA,14.5358304
"28","ABA-00.3.2013.11.20",31,16.3548387096774,0.0287096774193548,NA,0.00709677419354839,NA,0.0106451612903226,0.0145161290322581,16.4158064516129,"ABA-00","3","2013","11","20",2013-11-20,9.61664516129032,0.0168812903225806,NA,0.00417290322580645,NA,0.00625935483870968,0.00853548387096774,9.65249419354839
"29","ABA-00.3.2013.12.10",20,31.9,0.0145,NA,0.006,0.028,0.009,0.0015,31.959,"ABA-00","3","2013","12","10",2013-12-10,18.7572,0.008526,NA,0.003528,0.016464,0.005292,0.000882,18.791892
"30","ABA-00.3.2014.1.12",33,25.7878787878788,0.06,NA,0.0112121212121212,NA,0.0133333333333333,0.00242424242424242,25.8748484848485,"ABA-00","3","2014","1","12",2014-01-12,15.1632727272727,0.03528,NA,0.00659272727272727,NA,0.00784,0.00142545454545455,15.2144109090909
"31","ABA-00.3.2014.2.9",28,125.75,0.837142857142857,NA,0.0025,NA,1.68142857142857,0.0607142857142857,NA,"ABA-00","3","2014","2","9",2014-02-09,73.941,0.49224,NA,0.00147,NA,0.98868,0.0357,NA
"32","ABA-00.3.2014.3.16",35,26.1142857142857,NA,NA,0.0242857142857143,NA,0.0765714285714286,0.0242857142857143,26.2394285714286,"ABA-00","3","2014","3","16",2014-03-16,15.3552,NA,NA,0.01428,NA,0.045024,0.01428,15.428784
"33","ABA-00.3.2014.5.1",46,16.2826086956522,0.00326086956521739,NA,0.0319565217391304,0.0121739130434783,0.00434782608695652,0.00847826086956522,16.3428260869565,"ABA-00","3","2014","5","1",2014-05-01,9.57417391304348,0.00191739130434783,NA,0.0187904347826087,0.00715826086956522,0.00255652173913043,0.00498521739130435,9.60958173913044
"34","ABA-00.4.2013.6.21",24,10.3333333333333,0.249166666666667,0.07375,NA,NA,0.000833333333333333,NA,10.6570833333333,"ABA-00","4","2013","6","21",2013-06-21,6.076,0.14651,0.043365,NA,NA,0.00049,NA,6.266365
"35","ABA-00.4.2013.7.25",34,18.1764705882353,NA,0.0244117647058824,NA,NA,0.000588235294117647,NA,18.2014705882353,"ABA-00","4","2013","7","25",2013-07-25,10.6877647058824,NA,0.0143541176470588,NA,NA,0.000345882352941176,NA,10.7024647058824
"36","ABA-00.4.2013.8.28",34,11.5588235294118,NA,0.00617647058823529,NA,NA,0.00529411764705882,NA,11.5702941176471,"ABA-00","4","2013","8","28",2013-08-28,6.79658823529412,NA,0.00363176470588235,NA,NA,0.00311294117647059,NA,6.80333294117647
"37","ABA-00.4.2013.9.25",28,12.6071428571429,0.00107142857142857,0.00285714285714286,0.00571428571428571,NA,0.00142857142857143,0.0142857142857143,12.6325,"ABA-00","4","2013","9","25",2013-09-25,7.413,0.00063,0.00168,0.00336,NA,0.00084,0.0084,7.42791
"38","ABA-00.4.2013.10.20",25,19.64,NA,0.0024,0.004,NA,0.0048,NA,19.6512,"ABA-00","4","2013","10","20",2013-10-20,11.54832,NA,0.0014112,0.002352,NA,0.0028224,NA,11.5549056
"39","ABA-00.4.2013.11.20",31,15,0.00709677419354839,NA,0.02,NA,0.00451612903225806,0.0164516129032258,15.048064516129,"ABA-00","4","2013","11","20",2013-11-20,8.82,0.00417290322580645,NA,0.01176,NA,0.00265548387096774,0.00967354838709677,8.84826193548387
"40","ABA-00.4.2013.12.10",20,15.65,0.003,NA,0.0015,NA,NA,NA,15.6545,"ABA-00","4","2013","12","10",2013-12-10,9.2022,0.001764,NA,0.000882,NA,NA,NA,9.204846
"41","ABA-00.4.2014.1.12",33,17.0909090909091,NA,0.0112121212121212,NA,NA,0.000909090909090909,0.000303030303030303,17.1033333333333,"ABA-00","4","2014","1","12",2014-01-12,10.0494545454545,NA,0.00659272727272727,NA,NA,0.000534545454545455,0.000178181818181818,10.05676
"42","ABA-00.4.2014.2.9",28,36.6071428571429,0.127142857142857,NA,0.00107142857142857,0.005,0.118214285714286,0.0214285714285714,36.88,"ABA-00","4","2014","2","9",2014-02-09,21.525,0.07476,NA,0.00063,0.00294,0.06951,0.0126,21.68544
"43","ABA-00.4.2014.3.16",35,0,NA,NA,NA,NA,NA,NA,0,"ABA-00","4","2014","3","16",2014-03-16,0,NA,NA,NA,NA,NA,NA,0
"44","ABA-00.4.2014.5.1",46,13.1739130434783,0.0191304347826087,NA,NA,0.0254347826086956,0.106739130434783,NA,13.3252173913043,"ABA-00","4","2014","5","1",2014-05-01,7.74626086956522,0.0112486956521739,NA,NA,0.014955652173913,0.0627626086956522,NA,7.83522782608696
"45","ABA-00.5.2013.6.21",24,16.625,0.0854166666666667,NA,0.00375,NA,0.01875,NA,16.7329166666667,"ABA-00","5","2013","6","21",2013-06-21,9.7755,0.050225,NA,0.002205,NA,0.011025,NA,9.838955
"46","ABA-00.5.2013.7.25",34,17.8235294117647,0.0147058823529412,0.0758823529411765,0.00117647058823529,NA,0.00529411764705882,NA,17.9205882352941,"ABA-00","5","2013","7","25",2013-07-25,10.4802352941176,0.00864705882352941,0.0446188235294118,0.000691764705882353,NA,0.00311294117647059,NA,10.5373058823529
"47","ABA-00.5.2013.8.28",34,13.5882352941176,NA,0.278235294117647,NA,NA,NA,NA,13.8664705882353,"ABA-00","5","2013","8","28",2013-08-28,7.98988235294118,NA,0.163602352941176,NA,NA,NA,NA,8.15348470588235
"48","ABA-00.5.2013.9.25",28,29.0357142857143,0.0385714285714286,0.0975,0.000714285714285714,NA,0.00214285714285714,0.00785714285714286,29.1825,"ABA-00","5","2013","9","25",2013-09-25,17.073,0.02268,0.05733,0.00042,NA,0.00126,0.00462,17.15931
"49","ABA-00.5.2013.10.20",25,20.96,0.0452,NA,0.0376,NA,0.0064,0.0148,21.064,"ABA-00","5","2013","10","20",2013-10-20,12.32448,0.0265776,NA,0.0221088,NA,0.0037632,0.0087024,12.385632
"50","ABA-00.5.2013.11.20",31,3.16129032258065,0.117096774193548,NA,0.0209677419354839,NA,0.0193548387096774,0.00258064516129032,3.32129032258065,"ABA-00","5","2013","11","20",2013-11-20,1.85883870967742,0.0688529032258065,NA,0.0123290322580645,NA,0.0113806451612903,0.00151741935483871,1.95291870967742
"51","ABA-00.5.2013.12.10",20,21.95,0.036,NA,0.0125,NA,0.002,NA,22.0005,"ABA-00","5","2013","12","10",2013-12-10,12.9066,0.021168,NA,0.00735,NA,0.001176,NA,12.936294
"52","ABA-00.5.2014.1.12",33,25.0606060606061,0.0218181818181818,NA,0.0178787878787879,NA,0.00181818181818182,NA,25.1021212121212,"ABA-00","5","2014","1","12",2014-01-12,14.7356363636364,0.0128290909090909,NA,0.0105127272727273,NA,0.00106909090909091,NA,14.7600472727273
"53","ABA-00.5.2014.2.9",28,17.0357142857143,0.0525,NA,0.0114285714285714,NA,0.00285714285714286,NA,17.1025,"ABA-00","5","2014","2","9",2014-02-09,10.017,0.03087,NA,0.00672,NA,0.00168,NA,10.05627
"54","ABA-00.5.2014.3.16",35,17.4,0.154571428571429,NA,0.0694285714285714,NA,0.0602857142857143,0.008,17.6922857142857,"ABA-00","5","2014","3","16",2014-03-16,10.2312,0.090888,NA,0.040824,NA,0.035448,0.004704,10.403064
"55","ABA-00.5.2014.5.1",46,28.2391304347826,0.195217391304348,NA,0.10304347826087,NA,NA,NA,28.5373913043478,"ABA-00","5","2014","5","1",2014-05-01,16.6046086956522,0.114787826086957,NA,0.0605895652173913,NA,NA,NA,16.7799860869565
"56","ABA-00.6.2013.6.21",24,31.7916666666667,NA,0.0025,NA,NA,0.000416666666666667,NA,31.7945833333333,"ABA-00","6","2013","6","21",2013-06-21,18.6935,NA,0.00147,NA,NA,0.000245,NA,18.695215
"57","ABA-00.6.2013.7.25",34,27.1176470588235,NA,0.00147058823529412,0.000882352941176471,NA,NA,NA,27.12,"ABA-00","6","2013","7","25",2013-07-25,15.9451764705882,NA,0.000864705882352941,0.000518823529411765,NA,NA,NA,15.94656
"58","ABA-00.6.2013.8.28",34,33.2647058823529,NA,0.00794117647058824,NA,NA,0.000588235294117647,NA,33.2732352941176,"ABA-00","6","2013","8","28",2013-08-28,19.5596470588235,NA,0.00466941176470588,NA,NA,0.000345882352941176,NA,19.5646623529412
"59","ABA-00.6.2013.9.25",28,26.5,0.0128571428571429,0.00642857142857143,0.000714285714285714,NA,0.00142857142857143,0.00607142857142857,26.5275,"ABA-00","6","2013","9","25",2013-09-25,15.582,0.00756,0.00378,0.00042,NA,0.00084,0.00357,15.59817
"60","ABA-00.6.2013.10.20",25,26.2,0.046,0.0016,0.0032,NA,0.01,NA,26.2608,"ABA-00","6","2013","10","20",2013-10-20,15.4056,0.027048,0.0009408,0.0018816,NA,0.00588,NA,15.4413504
"61","ABA-00.6.2013.11.20",31,0.225806451612903,NA,NA,0.00451612903225806,NA,0.00483870967741936,NA,0.235161290322581,"ABA-00","6","2013","11","20",2013-11-20,0.132774193548387,NA,NA,0.00265548387096774,NA,0.00284516129032258,NA,0.138274838709677
"62","ABA-00.6.2013.12.10",20,17.95,0.024,NA,0.009,NA,0.013,0.001,17.997,"ABA-00","6","2013","12","10",2013-12-10,10.5546,0.014112,NA,0.005292,NA,0.007644,0.000588,10.582236
"63","ABA-00.6.2014.1.12",33,18.6363636363636,NA,0.00484848484848485,0.000909090909090909,NA,0.00424242424242424,NA,18.6463636363636,"ABA-00","6","2014","1","12",2014-01-12,10.9581818181818,NA,0.00285090909090909,0.000534545454545455,NA,0.00249454545454545,NA,10.9640618181818
"64","ABA-00.6.2014.2.9",28,18.3214285714286,NA,NA,0.00107142857142857,0.00428571428571429,0.00214285714285714,NA,18.3289285714286,"ABA-00","6","2014","2","9",2014-02-09,10.773,NA,NA,0.00063,0.00252,0.00126,NA,10.77741
"65","ABA-00.6.2014.3.16",35,28.8,0.125428571428571,NA,0.00171428571428571,NA,0.0888571428571429,NA,29.016,"ABA-00","6","2014","3","16",2014-03-16,16.9344,0.073752,NA,0.001008,NA,0.052248,NA,17.061408
"66","ABA-00.6.2014.5.1",46,26.0434782608696,0.0332608695652174,NA,0.0134782608695652,0.0102173913043478,0.00195652173913043,NA,26.1023913043478,"ABA-00","6","2014","5","1",2014-05-01,15.3135652173913,0.0195573913043478,NA,0.00792521739130435,0.00600782608695652,0.0011504347826087,NA,15.3482060869565
"67","ABA-00.7.2013.6.21",24,10.625,0.00875,0.000416666666666667,NA,NA,0.00291666666666667,NA,10.6370833333333,"ABA-00","7","2013","6","21",2013-06-21,6.2475,0.005145,0.000245,NA,NA,0.001715,NA,6.254605
"68","ABA-00.7.2013.7.25",34,10.0294117647059,NA,0.00176470588235294,NA,NA,NA,NA,10.0311764705882,"ABA-00","7","2013","7","25",2013-07-25,5.89729411764706,NA,0.00103764705882353,NA,NA,NA,NA,5.89833176470588
"69","ABA-00.7.2013.8.28",34,16.8823529411765,0.00352941176470588,NA,NA,NA,0.00647058823529412,NA,16.8923529411765,"ABA-00","7","2013","8","28",2013-08-28,9.92682352941176,0.00207529411764706,NA,NA,NA,0.00380470588235294,NA,9.93270352941177
"70","ABA-00.7.2013.9.25",28,13.8214285714286,0.00214285714285714,NA,0.00571428571428571,NA,0.00785714285714286,0.000714285714285714,13.8378571428571,"ABA-00","7","2013","9","25",2013-09-25,8.127,0.00126,NA,0.00336,NA,0.00462,0.00042,8.13666
"71","ABA-00.7.2013.10.20",25,21.28,NA,NA,0.0048,NA,0.0224,NA,21.3072,"ABA-00","7","2013","10","20",2013-10-20,12.51264,NA,NA,0.0028224,NA,0.0131712,NA,12.5286336
"72","ABA-00.7.2013.11.20",31,1.7741935483871,0.00387096774193548,NA,0.00387096774193548,NA,0.00225806451612903,NA,1.7841935483871,"ABA-00","7","2013","11","20",2013-11-20,1.04322580645161,0.00227612903225806,NA,0.00227612903225806,NA,0.00132774193548387,NA,1.04910580645161
"73","ABA-00.7.2013.12.10",20,15.75,0.203,NA,0.006,NA,0.0135,0.0035,15.976,"ABA-00","7","2013","12","10",2013-12-10,9.261,0.119364,NA,0.003528,NA,0.007938,0.002058,9.393888
"74","ABA-00.7.2014.1.12",33,15.6666666666667,0.00818181818181818,NA,0.00181818181818182,NA,0.00424242424242424,NA,15.6809090909091,"ABA-00","7","2014","1","12",2014-01-12,9.212,0.00481090909090909,NA,0.00106909090909091,NA,0.00249454545454545,NA,9.22037454545455
"75","ABA-00.7.2014.2.9",28,15.6428571428571,0.0432142857142857,0.00285714285714286,0.00321428571428571,NA,0.0107142857142857,NA,15.7028571428571,"ABA-00","7","2014","2","9",2014-02-09,9.198,0.02541,0.00168,0.00189,NA,0.0063,NA,9.23328
"76","ABA-00.7.2014.3.16",35,19.5428571428571,0.0182857142857143,NA,0.00171428571428571,NA,0.004,NA,19.5668571428571,"ABA-00","7","2014","3","16",2014-03-16,11.4912,0.010752,NA,0.001008,NA,0.002352,NA,11.505312
"77","ABA-00.7.2014.5.1",46,19.6304347826087,0.0476086956521739,NA,0.00108695652173913,NA,0.0360869565217391,NA,19.7152173913043,"ABA-00","7","2014","5","1",2014-05-01,11.5426956521739,0.0279939130434783,NA,0.000639130434782609,NA,0.0212191304347826,NA,11.592547826087
"78","ABA-00.8.2013.6.21",24,22.2916666666667,NA,NA,0.01375,NA,0.00166666666666667,NA,22.3070833333333,"ABA-00","8","2013","6","21",2013-06-21,13.1075,NA,NA,0.008085,NA,0.00098,NA,13.116565
"79","ABA-00.8.2013.7.25",34,10.7647058823529,NA,0.00117647058823529,NA,NA,0.000588235294117647,NA,10.7664705882353,"ABA-00","8","2013","7","25",2013-07-25,6.32964705882353,NA,0.000691764705882353,NA,NA,0.000345882352941176,NA,6.33068470588235
"80","ABA-00.8.2013.8.28",34,19.5,0.0117647058823529,0.00205882352941176,NA,NA,0.00470588235294118,0.00117647058823529,19.5197058823529,"ABA-00","8","2013","8","28",2013-08-28,11.466,0.00691764705882353,0.00121058823529412,NA,NA,0.00276705882352941,0.000691764705882353,11.4775870588235
"81","ABA-00.8.2013.9.25",28,14.9285714285714,NA,0.00678571428571429,0.00107142857142857,NA,0.00392857142857143,0.00892857142857143,14.9492857142857,"ABA-00","8","2013","9","25",2013-09-25,8.778,NA,0.00399,0.00063,NA,0.00231,0.00525,8.79018
"82","ABA-00.8.2013.10.20",25,20.44,0.0516,NA,0.012,NA,0.2868,NA,20.7904,"ABA-00","8","2013","10","20",2013-10-20,12.01872,0.0303408,NA,0.007056,NA,0.1686384,NA,12.2247552
"83","ABA-00.8.2013.11.20",31,2.51612903225806,0.0325806451612903,NA,0.00548387096774194,NA,0.00419354838709677,0.00451612903225806,2.56290322580645,"ABA-00","8","2013","11","20",2013-11-20,1.47948387096774,0.0191574193548387,NA,0.00322451612903226,NA,0.0024658064516129,0.00265548387096774,1.50698709677419
"84","ABA-00.8.2013.12.10",20,115.65,0.278,NA,0.015,NA,0.005,0.0035,NA,"ABA-00","8","2013","12","10",2013-12-10,68.0022,0.163464,NA,0.00882,NA,0.00294,0.002058,NA
"85","ABA-00.8.2014.1.12",33,26.9393939393939,0.00757575757575758,NA,0.00363636363636364,NA,0.01,NA,26.9606060606061,"ABA-00","8","2014","1","12",2014-01-12,15.8403636363636,0.00445454545454545,NA,0.00213818181818182,NA,0.00588,NA,15.8528363636364
"86","ABA-00.8.2014.2.9",28,21.2142857142857,0.0225,NA,0.00857142857142857,NA,0.0332142857142857,NA,21.2785714285714,"ABA-00","8","2014","2","9",2014-02-09,12.474,0.01323,NA,0.00504,NA,0.01953,NA,12.5118
"87","ABA-00.8.2014.3.16",35,32.7714285714286,0.138285714285714,NA,0.00914285714285714,NA,0.0525714285714286,NA,32.9714285714286,"ABA-00","8","2014","3","16",2014-03-16,19.2696,0.081312,NA,0.005376,NA,0.030912,NA,19.3872
"88","ABA-00.8.2014.5.1",46,28.804347826087,0.00478260869565217,NA,0.00260869565217391,NA,0.00195652173913043,NA,28.8136956521739,"ABA-00","8","2014","5","1",2014-05-01,16.9369565217391,0.00281217391304348,NA,0.00153391304347826,NA,0.0011504347826087,NA,16.9424530434783
"89","ABA-00.9.2013.6.21",24,19.375,NA,NA,0.0183333333333333,NA,0.0125,NA,19.4058333333333,"ABA-00","9","2013","6","21",2013-06-21,11.3925,NA,NA,0.01078,NA,0.00735,NA,11.41063
"90","ABA-00.9.2013.7.25",34,1.61764705882353,NA,NA,0.0238235294117647,NA,0.000294117647058824,NA,1.64176470588235,"ABA-00","9","2013","7","25",2013-07-25,0.951176470588235,NA,NA,0.0140082352941176,NA,0.000172941176470588,NA,0.965357647058824
"91","ABA-00.9.2013.8.28",34,20.3235294117647,NA,NA,0.00794117647058824,NA,0.000294117647058824,NA,20.3317647058824,"ABA-00","9","2013","8","28",2013-08-28,11.9502352941176,NA,NA,0.00466941176470588,NA,0.000172941176470588,NA,11.9550776470588
"92","ABA-00.9.2013.9.25",28,23.5,NA,0.0114285714285714,0.00142857142857143,NA,NA,NA,23.5128571428571,"ABA-00","9","2013","9","25",2013-09-25,13.818,NA,0.00672,0.00084,NA,NA,NA,13.82556
"93","ABA-00.9.2013.10.20",25,27.84,NA,NA,0.0104,NA,NA,NA,27.8504,"ABA-00","9","2013","10","20",2013-10-20,16.36992,NA,NA,0.0061152,NA,NA,NA,16.3760352
"94","ABA-00.9.2013.11.20",31,31.0645161290323,NA,NA,0.0067741935483871,NA,0.000645161290322581,NA,31.071935483871,"ABA-00","9","2013","11","20",2013-11-20,18.265935483871,NA,NA,0.00398322580645161,NA,0.000379354838709677,NA,18.2702980645161
"95","ABA-00.9.2013.12.10",20,29.1,NA,NA,0.007,NA,0.0055,NA,29.1125,"ABA-00","9","2013","12","10",2013-12-10,17.1108,NA,NA,0.004116,NA,0.003234,NA,17.11815
"96","ABA-00.9.2014.1.12",33,1.39393939393939,0.00787878787878788,0.00121212121212121,0.00242424242424242,NA,0.00848484848484849,NA,1.41393939393939,"ABA-00","9","2014","1","12",2014-01-12,0.819636363636364,0.00463272727272727,0.000712727272727273,0.00142545454545455,NA,0.00498909090909091,NA,0.831396363636363
"97","ABA-00.9.2014.2.9",28,20.5,NA,NA,0.00214285714285714,NA,0.000357142857142857,NA,20.5025,"ABA-00","9","2014","2","9",2014-02-09,12.054,NA,NA,0.00126,NA,0.00021,NA,12.05547
"98","ABA-00.9.2014.3.16",35,3.74285714285714,NA,NA,0.00171428571428571,NA,0.00285714285714286,NA,3.74742857142857,"ABA-00","9","2014","3","16",2014-03-16,2.2008,NA,NA,0.001008,NA,0.00168,NA,2.203488
"99","ABA-00.9.2014.5.1",46,21.4347826086957,0.00717391304347826,NA,NA,NA,0.000434782608695652,NA,21.4423913043478,"ABA-00","9","2014","5","1",2014-05-01,12.603652173913,0.00421826086956522,NA,NA,NA,0.000255652173913043,NA,12.6081260869565
"100","ABA-00.10.2013.6.21",24,11.375,0.01125,NA,0.000833333333333333,NA,0.00416666666666667,NA,11.39125,"ABA-00","10","2013","6","21",2013-06-21,6.6885,0.006615,NA,0.00049,NA,0.00245,NA,6.698055
"101","ABA-00.10.2013.7.25",34,2.73529411764706,NA,0.00294117647058824,NA,0.00911764705882353,0.0594117647058824,NA,2.80676470588235,"ABA-00","10","2013","7","25",2013-07-25,1.60835294117647,NA,0.00172941176470588,NA,0.00536117647058823,0.0349341176470588,NA,1.65037764705882
"102","ABA-00.10.2013.8.28",34,19.7352941176471,0.0126470588235294,NA,0.000588235294117647,0.0167647058823529,0.00911764705882353,NA,19.7744117647059,"ABA-00","10","2013","8","28",2013-08-28,11.6043529411765,0.00743647058823529,NA,0.000345882352941176,0.00985764705882353,0.00536117647058823,NA,11.6273541176471
"103","ABA-00.10.2013.9.25",28,29.7142857142857,0.00285714285714286,0.00857142857142857,0.00285714285714286,0.005,NA,NA,29.7335714285714,"ABA-00","10","2013","9","25",2013-09-25,17.472,0.00168,0.00504,0.00168,0.00294,NA,NA,17.48334
"104","ABA-00.10.2013.10.20",25,40.6,NA,NA,0.0024,NA,0.0056,NA,40.608,"ABA-00","10","2013","10","20",2013-10-20,23.8728,NA,NA,0.0014112,NA,0.0032928,NA,23.877504
"105","ABA-00.10.2013.11.20",31,44.3548387096774,0.0596774193548387,NA,0.0154838709677419,0.01,0.108064516129032,0.00645161290322581,44.5545161290323,"ABA-00","10","2013","11","20",2013-11-20,26.0806451612903,0.0350903225806452,NA,0.00910451612903226,0.00588,0.063541935483871,0.00379354838709677,26.198055483871
"106","ABA-00.10.2013.12.10",20,37.4,0.041,NA,0.0075,NA,0.0085,0.0035,37.4605,"ABA-00","10","2013","12","10",2013-12-10,21.9912,0.024108,NA,0.00441,NA,0.004998,0.002058,22.026774
"107","ABA-00.10.2014.1.12",33,14.8181818181818,0.0248484848484848,NA,0.00909090909090909,NA,0.0390909090909091,0.00181818181818182,14.8930303030303,"ABA-00","10","2014","1","12",2014-01-12,8.71309090909091,0.0146109090909091,NA,0.00534545454545454,NA,0.0229854545454545,0.00106909090909091,8.75710181818182
"108","ABA-00.10.2014.2.9",28,10.5714285714286,0.0196428571428571,0.00428571428571429,0.0107142857142857,0.000714285714285714,0.00214285714285714,NA,10.6089285714286,"ABA-00","10","2014","2","9",2014-02-09,6.216,0.01155,0.00252,0.0063,0.00042,0.00126,NA,6.23805
"109","ABA-00.10.2014.3.16",35,11.5428571428571,0.0242857142857143,NA,0.0162857142857143,0.0188571428571429,0.0628571428571429,NA,11.6651428571429,"ABA-00","10","2014","3","16",2014-03-16,6.7872,0.01428,NA,0.009576,0.011088,0.03696,NA,6.859104
"110","ABA-00.10.2014.5.1",46,25.0217391304348,0.0391304347826087,NA,0.00369565217391304,NA,0.00608695652173913,NA,25.070652173913,"ABA-00","10","2014","5","1",2014-05-01,14.7127826086956,0.0230086956521739,NA,0.00217304347826087,NA,0.00357913043478261,NA,14.7415434782609
"111","ABA-00.11.2013.6.21",24,31,0.0520833333333333,0.00875,NA,NA,0.1125,NA,31.1733333333333,"ABA-00","11","2013","6","21",2013-06-21,18.228,0.030625,0.005145,NA,NA,0.06615,NA,18.32992
"112","ABA-00.11.2013.7.25",34,18.7941176470588,NA,0.00470588235294118,0.00294117647058824,NA,0.00147058823529412,NA,18.8032352941176,"ABA-00","11","2013","7","25",2013-07-25,11.0509411764706,NA,0.00276705882352941,0.00172941176470588,NA,0.000864705882352941,NA,11.0563023529412
"113","ABA-00.11.2013.8.28",34,24.6470588235294,NA,0.0305882352941176,0.0576470588235294,NA,0.00323529411764706,NA,24.7385294117647,"ABA-00","11","2013","8","28",2013-08-28,14.4924705882353,NA,0.0179858823529412,0.0338964705882353,NA,0.00190235294117647,NA,14.5462552941176
"114","ABA-00.11.2013.9.25",28,40.2142857142857,0.00535714285714286,NA,0.0585714285714286,NA,0.00892857142857143,0.0025,40.2896428571429,"ABA-00","11","2013","9","25",2013-09-25,23.646,0.00315,NA,0.03444,NA,0.00525,0.00147,23.69031
"115","ABA-00.11.2013.10.20",25,43.4,0.074,0.0292,0.0216,NA,0.0684,0.0032,43.5964,"ABA-00","11","2013","10","20",2013-10-20,25.5192,0.043512,0.0171696,0.0127008,NA,0.0402192,0.0018816,25.6346832
"116","ABA-00.11.2013.11.20",31,41.0645161290323,0.144838709677419,NA,0.100645161290323,0.0112903225806452,NA,0.0112903225806452,41.3325806451613,"ABA-00","11","2013","11","20",2013-11-20,24.145935483871,0.0851651612903226,NA,0.0591793548387097,0.00663870967741935,NA,0.00663870967741935,24.3035574193548
"117","ABA-00.11.2013.12.10",20,25.2,0.046,0.0215,0.033,NA,0.0215,0.008,25.33,"ABA-00","11","2013","12","10",2013-12-10,14.8176,0.027048,0.012642,0.019404,NA,0.012642,0.004704,14.89404
"118","ABA-00.11.2014.1.12",33,25.7272727272727,0.114545454545455,0.0312121212121212,0.0624242424242424,NA,0.0206060606060606,NA,25.9560606060606,"ABA-00","11","2014","1","12",2014-01-12,15.1276363636364,0.0673527272727273,0.0183527272727273,0.0367054545454545,NA,0.0121163636363636,NA,15.2621636363636
"119","ABA-00.11.2014.2.9",28,26.1428571428571,0.135357142857143,0.0153571428571429,0.00642857142857143,NA,0.0978571428571429,NA,26.3978571428571,"ABA-00","11","2014","2","9",2014-02-09,15.372,0.07959,0.00903,0.00378,NA,0.05754,NA,15.52194
"120","ABA-00.11.2014.3.16",35,32.9428571428571,0.117714285714286,NA,0.0654285714285714,NA,0.0171428571428571,0.00371428571428571,33.1468571428571,"ABA-00","11","2014","3","16",2014-03-16,19.3704,0.069216,NA,0.038472,NA,0.01008,0.002184,19.490352
"121","ABA-00.11.2014.5.1",46,14.9130434782609,0.0271739130434783,0.00760869565217391,NA,NA,0.00239130434782609,NA,14.9502173913043,"ABA-00","11","2014","5","1",2014-05-01,8.76886956521739,0.0159782608695652,0.00447391304347826,NA,NA,0.00140608695652174,NA,8.79072782608696
"122","ABA-00.12.2013.6.21",24,32.5416666666667,NA,NA,0.00125,NA,NA,NA,32.5429166666667,"ABA-00","12","2013","6","21",2013-06-21,19.1345,NA,NA,0.000735,NA,NA,NA,19.135235
"123","ABA-00.12.2013.7.25",34,23.0882352941176,NA,NA,0.00117647058823529,NA,NA,NA,23.0894117647059,"ABA-00","12","2013","7","25",2013-07-25,13.5758823529412,NA,NA,0.000691764705882353,NA,NA,NA,13.5765741176471
"124","ABA-00.12.2013.8.28",34,25.7352941176471,NA,0.00176470588235294,NA,NA,0.00117647058823529,NA,25.7382352941176,"ABA-00","12","2013","8","28",2013-08-28,15.1323529411765,NA,0.00103764705882353,NA,NA,0.000691764705882353,NA,15.1340823529412
"125","ABA-00.12.2013.9.25",28,29.8928571428571,0.0278571428571429,0.00785714285714286,0.0310714285714286,NA,NA,NA,29.9596428571429,"ABA-00","12","2013","9","25",2013-09-25,17.577,0.01638,0.00462,0.01827,NA,NA,NA,17.61627
"126","ABA-00.12.2013.10.20",25,3.24,0.008,NA,0.0032,NA,0.024,4e-04,3.2756,"ABA-00","12","2013","10","20",2013-10-20,1.90512,0.004704,NA,0.0018816,NA,0.014112,0.0002352,1.9260528
"127","ABA-00.12.2013.11.20",31,38.9677419354839,0.0112903225806452,NA,0.00354838709677419,0.00451612903225806,0.0216129032258065,0.00193548387096774,39.0106451612903,"ABA-00","12","2013","11","20",2013-11-20,22.9130322580645,0.00663870967741935,NA,0.00208645161290323,0.00265548387096774,0.0127083870967742,0.00113806451612903,22.9382593548387
"128","ABA-00.12.2013.12.10",20,39.9,NA,0.0055,NA,NA,0.007,NA,39.9125,"ABA-00","12","2013","12","10",2013-12-10,23.4612,NA,0.003234,NA,NA,0.004116,NA,23.46855
"129","ABA-00.12.2014.1.12",33,3.09090909090909,NA,NA,0.00333333333333333,NA,0.00151515151515152,NA,3.09575757575758,"ABA-00","12","2014","1","12",2014-01-12,1.81745454545455,NA,NA,0.00196,NA,0.000890909090909091,NA,1.82030545454545
"130","ABA-00.12.2014.2.9",28,28.5357142857143,NA,NA,0.000357142857142857,NA,0.00107142857142857,NA,28.5371428571429,"ABA-00","12","2014","2","9",2014-02-09,16.779,NA,NA,0.00021,NA,0.00063,NA,16.77984
"131","ABA-00.12.2014.3.16",35,29.4,0.0202857142857143,NA,0.00228571428571429,NA,NA,NA,29.4225714285714,"ABA-00","12","2014","3","16",2014-03-16,17.2872,0.011928,NA,0.001344,NA,NA,NA,17.300472
"132","ABA-00.12.2014.5.1",46,31.4782608695652,0.00956521739130435,NA,0.000652173913043478,NA,0.0973913043478261,NA,31.5858695652174,"ABA-00","12","2014","5","1",2014-05-01,18.5092173913043,0.00562434782608696,NA,0.000383478260869565,NA,0.0572660869565217,NA,18.5724913043478
"133","ABA-01.13.2013.6.21",24,8.58333333333333,NA,NA,0.00583333333333333,NA,NA,NA,8.58916666666667,"ABA-01","13","2013","6","21",2013-06-21,5.047,NA,NA,0.00343,NA,NA,NA,5.05043
"134","ABA-01.13.2013.7.25",34,6.67647058823529,NA,NA,NA,NA,NA,NA,6.67647058823529,"ABA-01","13","2013","7","25",2013-07-25,3.92576470588235,NA,NA,NA,NA,NA,NA,3.92576470588235
"135","ABA-01.13.2013.8.28",34,9.52941176470588,0.108235294117647,0.137352941176471,0.000588235294117647,NA,0.0167647058823529,NA,9.79235294117647,"ABA-01","13","2013","8","28",2013-08-28,5.60329411764706,0.0636423529411765,0.0807635294117647,0.000345882352941176,NA,0.00985764705882353,NA,5.75790352941176
"136","ABA-01.13.2013.9.25",28,14.4285714285714,0.0025,0.0285714285714286,0.0203571428571429,NA,NA,0.0114285714285714,14.4914285714286,"ABA-01","13","2013","9","25",2013-09-25,8.484,0.00147,0.0168,0.01197,NA,NA,0.00672,8.52096
"137","ABA-01.13.2013.10.20",25,12.32,0.0096,0.0164,0.0064,NA,0.022,8e-04,12.3752,"ABA-01","13","2013","10","20",2013-10-20,7.24416,0.0056448,0.0096432,0.0037632,NA,0.012936,0.0004704,7.2766176
"138","ABA-01.13.2013.11.20",31,15.4516129032258,NA,NA,0.0283870967741936,NA,NA,0.00483870967741936,15.4848387096774,"ABA-01","13","2013","11","20",2013-11-20,9.08554838709677,NA,NA,0.0166916129032258,NA,NA,0.00284516129032258,9.10508516129032
"139","ABA-01.13.2013.12.10",20,12.9,NA,NA,0.0235,NA,NA,NA,12.9235,"ABA-01","13","2013","12","10",2013-12-10,7.5852,NA,NA,0.013818,NA,NA,NA,7.599018
"140","ABA-01.13.2014.1.12",33,18.1212121212121,0.0103030303030303,0.0333333333333333,0.00242424242424242,NA,NA,NA,18.1672727272727,"ABA-01","13","2014","1","12",2014-01-12,10.6552727272727,0.00605818181818182,0.0196,0.00142545454545455,NA,NA,NA,10.6823563636364
"141","ABA-01.13.2014.2.9",28,21.4642857142857,0.00285714285714286,NA,0.0757142857142857,0.00214285714285714,0.00107142857142857,NA,21.5460714285714,"ABA-01","13","2014","2","9",2014-02-09,12.621,0.00168,NA,0.04452,0.00126,0.00063,NA,12.66909
"142","ABA-01.13.2014.3.16",35,2.51428571428571,0.0825714285714286,NA,0.192,NA,0.00171428571428571,0.00342857142857143,2.794,"ABA-01","13","2014","3","16",2014-03-16,1.4784,0.048552,NA,0.112896,NA,0.001008,0.002016,1.642872
"143","ABA-01.13.2014.5.1",46,24,0.0182608695652174,NA,0.0315217391304348,NA,0.00108695652173913,NA,24.0508695652174,"ABA-01","13","2014","5","1",2014-05-01,14.112,0.0107373913043478,NA,0.0185347826086957,NA,0.000639130434782609,NA,14.1419113043478
"144","ABA-01.14.2013.6.21",24,1.875,NA,0.00208333333333333,0.00291666666666667,NA,NA,NA,1.88,"ABA-01","14","2013","6","21",2013-06-21,1.1025,NA,0.001225,0.001715,NA,NA,NA,1.10544
"145","ABA-01.14.2013.7.25",34,12.7352941176471,NA,0.01,NA,NA,NA,NA,12.7452941176471,"ABA-01","14","2013","7","25",2013-07-25,7.48835294117647,NA,0.00588,NA,NA,NA,NA,7.49423294117647
"146","ABA-01.14.2013.8.28",34,21.3823529411765,0.0123529411764706,NA,0.00382352941176471,NA,0.00205882352941176,NA,21.4005882352941,"ABA-01","14","2013","8","28",2013-08-28,12.5728235294118,0.00726352941176471,NA,0.00224823529411765,NA,0.00121058823529412,NA,12.5835458823529
"147","ABA-01.14.2013.9.25",28,16.1785714285714,0.00714285714285714,NA,0.00357142857142857,NA,NA,0.00464285714285714,16.1939285714286,"ABA-01","14","2013","9","25",2013-09-25,9.513,0.0042,NA,0.0021,NA,NA,0.00273,9.52203
"148","ABA-01.14.2013.10.20",25,1.72,0.0464,NA,0.002,NA,0.0016,NA,1.77,"ABA-01","14","2013","10","20",2013-10-20,1.01136,0.0272832,NA,0.001176,NA,0.0009408,NA,1.04076
"149","ABA-01.14.2013.11.20",31,26.2258064516129,0.0341935483870968,NA,0.00129032258064516,NA,0.0112903225806452,0.00516129032258065,26.2777419354839,"ABA-01","14","2013","11","20",2013-11-20,15.4207741935484,0.0201058064516129,NA,0.000758709677419355,NA,0.00663870967741935,0.00303483870967742,15.4513122580645
"150","ABA-01.14.2013.12.10",20,0.9,0.0055,NA,0.001,NA,0.0055,0.0075,0.9195,"ABA-01","14","2013","12","10",2013-12-10,0.5292,0.003234,NA,0.000588,NA,0.003234,0.00441,0.540666
"151","ABA-01.14.2014.1.12",33,12.2727272727273,0.0142424242424242,NA,NA,NA,0.00545454545454545,NA,12.2924242424242,"ABA-01","14","2014","1","12",2014-01-12,7.21636363636364,0.00837454545454545,NA,NA,NA,0.00320727272727273,NA,7.22794545454545
"152","ABA-01.14.2014.2.9",28,17.4642857142857,0.00214285714285714,NA,NA,NA,NA,NA,17.4664285714286,"ABA-01","14","2014","2","9",2014-02-09,10.269,0.00126,NA,NA,NA,NA,NA,10.27026
"153","ABA-01.14.2014.3.16",35,16.2285714285714,0.0434285714285714,NA,0.00114285714285714,NA,0.0214285714285714,NA,16.2945714285714,"ABA-01","14","2014","3","16",2014-03-16,9.5424,0.025536,NA,0.000672,NA,0.0126,NA,9.581208
"154","ABA-01.14.2014.5.1",46,18.5,0.00347826086956522,NA,0.000652173913043478,NA,0.000652173913043478,NA,18.5047826086957,"ABA-01","14","2014","5","1",2014-05-01,10.878,0.00204521739130435,NA,0.000383478260869565,NA,0.000383478260869565,NA,10.880812173913
"155","ABA-01.15.2013.6.21",24,14.875,0.0108333333333333,0.0166666666666667,0.00208333333333333,NA,0.00291666666666667,NA,14.9075,"ABA-01","15","2013","6","21",2013-06-21,8.7465,0.00637,0.0098,0.001225,NA,0.001715,NA,8.76561
"156","ABA-01.15.2013.7.25",34,13.7352941176471,0.00735294117647059,0.00558823529411765,0.00264705882352941,NA,NA,NA,13.7508823529412,"ABA-01","15","2013","7","25",2013-07-25,8.07635294117647,0.00432352941176471,0.00328588235294118,0.00155647058823529,NA,NA,NA,8.08551882352941
"157","ABA-01.15.2013.8.28",34,18.6176470588235,0.00617647058823529,0.000294117647058824,0.0132352941176471,0.00117647058823529,0.00205882352941176,NA,18.6405882352941,"ABA-01","15","2013","8","28",2013-08-28,10.9471764705882,0.00363176470588235,0.000172941176470588,0.00778235294117647,0.000691764705882353,0.00121058823529412,NA,10.9606658823529
"158","ABA-01.15.2013.9.25",28,12.7142857142857,0.0107142857142857,0.00285714285714286,0.0221428571428571,NA,0.00642857142857143,0.00607142857142857,12.7625,"ABA-01","15","2013","9","25",2013-09-25,7.476,0.0063,0.00168,0.01302,NA,0.00378,0.00357,7.50435
"159","ABA-01.15.2013.10.20",25,22.6,0.0148,NA,0.0504,NA,4e-04,0.0048,22.6704,"ABA-01","15","2013","10","20",2013-10-20,13.2888,0.0087024,NA,0.0296352,NA,0.0002352,0.0028224,13.3301952
"160","ABA-01.15.2013.11.20",31,21.741935483871,0.0248387096774194,NA,0.107741935483871,NA,0.00193548387096774,NA,21.8764516129032,"ABA-01","15","2013","11","20",2013-11-20,12.7842580645161,0.0146051612903226,NA,0.0633522580645161,NA,0.00113806451612903,NA,12.8633535483871
"161","ABA-01.15.2013.12.10",20,24.1,0.021,5e-04,0.0635,NA,0.0035,0.0025,24.191,"ABA-01","15","2013","12","10",2013-12-10,14.1708,0.012348,0.000294,0.037338,NA,0.002058,0.00147,14.224308
"162","ABA-01.15.2014.1.12",33,14.3333333333333,0.0148484848484848,NA,0.0545454545454545,NA,0.00484848484848485,NA,14.4075757575758,"ABA-01","15","2014","1","12",2014-01-12,8.428,0.00873090909090909,NA,0.0320727272727273,NA,0.00285090909090909,NA,8.47165454545454
"163","ABA-01.15.2014.2.9",28,20.8214285714286,0.0153571428571429,NA,0.00678571428571429,NA,NA,NA,20.8435714285714,"ABA-01","15","2014","2","9",2014-02-09,12.243,0.00903,NA,0.00399,NA,NA,NA,12.25602
"164","ABA-01.15.2014.3.16",35,20.9428571428571,0.00914285714285714,NA,0.0114285714285714,NA,0.00371428571428571,NA,20.9671428571429,"ABA-01","15","2014","3","16",2014-03-16,12.3144,0.005376,NA,0.00672,NA,0.002184,NA,12.32868
"165","ABA-01.15.2014.5.1",46,2.67391304347826,0.0247826086956522,NA,0.0195652173913043,NA,0.00217391304347826,NA,2.7204347826087,"ABA-01","15","2014","5","1",2014-05-01,1.57226086956522,0.0145721739130435,NA,0.011504347826087,NA,0.00127826086956522,NA,1.59961565217391
"166","ABA-01.16.2013.6.21",24,39.4166666666667,0.005,NA,NA,NA,0.00166666666666667,NA,39.4233333333333,"ABA-01","16","2013","6","21",2013-06-21,23.177,0.00294,NA,NA,NA,0.00098,NA,23.18092
"167","ABA-01.16.2013.7.25",34,28.1176470588235,NA,0.000882352941176471,NA,NA,0.00117647058823529,NA,28.1197058823529,"ABA-01","16","2013","7","25",2013-07-25,16.5331764705882,NA,0.000518823529411765,NA,NA,0.000691764705882353,NA,16.5343870588235
"168","ABA-01.16.2013.8.28",34,21.6176470588235,NA,0.000294117647058824,NA,NA,0.00382352941176471,NA,21.6217647058824,"ABA-01","16","2013","8","28",2013-08-28,12.7111764705882,NA,0.000172941176470588,NA,NA,0.00224823529411765,NA,12.7135976470588
"169","ABA-01.16.2013.9.25",28,26.6071428571429,0.00535714285714286,NA,0.00142857142857143,NA,0.00178571428571429,0.005,26.6207142857143,"ABA-01","16","2013","9","25",2013-09-25,15.645,0.00315,NA,0.00084,NA,0.00105,0.00294,15.65298
"170","ABA-01.16.2013.10.20",25,48.2,0.0096,NA,0.0012,NA,8e-04,NA,48.2116,"ABA-01","16","2013","10","20",2013-10-20,28.3416,0.0056448,NA,0.0007056,NA,0.0004704,NA,28.3484208
"171","ABA-01.16.2013.11.20",31,40.9032258064516,0.184193548387097,NA,0.000645161290322581,NA,0.0267741935483871,NA,41.1148387096774,"ABA-01","16","2013","11","20",2013-11-20,24.0510967741935,0.108305806451613,NA,0.000379354838709677,NA,0.0157432258064516,NA,24.1755251612903
"172","ABA-01.16.2013.12.10",20,45.45,NA,NA,5e-04,NA,0.1275,NA,45.578,"ABA-01","16","2013","12","10",2013-12-10,26.7246,NA,NA,0.000294,NA,0.07497,NA,26.799864
"173","ABA-01.16.2014.1.12",33,49.030303030303,0.0103030303030303,NA,0.00212121212121212,NA,0.00878787878787879,0.000606060606060606,NA,"ABA-01","16","2014","1","12",2014-01-12,28.8298181818182,0.00605818181818182,NA,0.00124727272727273,NA,0.00516727272727273,0.000356363636363636,NA
"174","ABA-01.16.2014.2.9",28,34.5,0.0217857142857143,NA,0.00571428571428571,NA,0.00392857142857143,NA,34.5314285714286,"ABA-01","16","2014","2","9",2014-02-09,20.286,0.01281,NA,0.00336,NA,0.00231,NA,20.30448
"175","ABA-01.16.2014.3.16",35,37.4,NA,NA,0.00171428571428571,NA,0.00914285714285714,NA,37.4108571428571,"ABA-01","16","2014","3","16",2014-03-16,21.9912,NA,NA,0.001008,NA,0.005376,NA,21.997584
"176","ABA-01.16.2014.5.1",46,50.9782608695652,0.00891304347826087,NA,NA,NA,0.000434782608695652,NA,NA,"ABA-01","16","2014","5","1",2014-05-01,29.9752173913043,0.00524086956521739,NA,NA,NA,0.000255652173913043,NA,NA
"177","ABA-01.17.2013.6.21",24,36.2083333333333,0.00875,0.0170833333333333,NA,NA,0.01625,0.00208333333333333,36.2525,"ABA-01","17","2013","6","21",2013-06-21,21.2905,0.005145,0.010045,NA,NA,0.009555,0.001225,21.31647
"178","ABA-01.17.2013.7.25",34,36.9411764705882,NA,0.0126470588235294,0.00382352941176471,NA,0.00411764705882353,NA,36.9617647058824,"ABA-01","17","2013","7","25",2013-07-25,21.7214117647059,NA,0.00743647058823529,0.00224823529411765,NA,0.00242117647058824,NA,21.7335176470588
"179","ABA-01.17.2013.8.28",34,35.5,0.00911764705882353,NA,0.0397058823529412,0.00147058823529412,0.00529411764705882,NA,35.5555882352941,"ABA-01","17","2013","8","28",2013-08-28,20.874,0.00536117647058823,NA,0.0233470588235294,0.000864705882352941,0.00311294117647059,NA,20.9066858823529
"180","ABA-01.17.2013.9.25",28,3.96428571428571,0.0360714285714286,0.0189285714285714,0.00928571428571429,NA,0.00571428571428571,NA,4.03428571428571,"ABA-01","17","2013","9","25",2013-09-25,2.331,0.02121,0.01113,0.00546,NA,0.00336,NA,2.37216
"181","ABA-01.17.2013.10.20",25,32.04,NA,0.0204,0.0024,NA,0.0708,NA,32.1336,"ABA-01","17","2013","10","20",2013-10-20,18.83952,NA,0.0119952,0.0014112,NA,0.0416304,NA,18.8945568
"182","ABA-01.17.2013.11.20",31,4.41935483870968,0.0793548387096774,NA,0.0506451612903226,NA,0.0580645161290323,0.0190322580645161,4.62645161290323,"ABA-01","17","2013","11","20",2013-11-20,2.59858064516129,0.0466606451612903,NA,0.0297793548387097,NA,0.034141935483871,0.0111909677419355,2.7203535483871
"183","ABA-01.17.2013.12.10",20,30.2,0.089,NA,0.012,NA,0.17,NA,30.471,"ABA-01","17","2013","12","10",2013-12-10,17.7576,0.052332,NA,0.007056,NA,0.09996,NA,17.916948
"184","ABA-01.17.2014.1.12",33,39.5454545454545,0.0742424242424242,NA,0.0245454545454545,NA,0.0381818181818182,0.00181818181818182,39.6842424242424,"ABA-01","17","2014","1","12",2014-01-12,23.2527272727273,0.0436545454545455,NA,0.0144327272727273,NA,0.0224509090909091,0.00106909090909091,23.3343345454545
"185","ABA-01.17.2014.2.9",28,36.9642857142857,0.055,NA,0.0217857142857143,NA,0.0157142857142857,NA,37.0567857142857,"ABA-01","17","2014","2","9",2014-02-09,21.735,0.03234,NA,0.01281,NA,0.00924,NA,21.78939
"186","ABA-01.17.2014.3.16",35,39.2285714285714,0.064,NA,0.0148571428571429,NA,0.0608571428571429,NA,39.3682857142857,"ABA-01","17","2014","3","16",2014-03-16,23.0664,0.037632,NA,0.008736,NA,0.035784,NA,23.148552
"187","ABA-01.17.2014.5.1",46,25.3913043478261,0.026304347826087,NA,0.00739130434782609,NA,0.0473913043478261,0.00282608695652174,25.4752173913043,"ABA-01","17","2014","5","1",2014-05-01,14.9300869565217,0.0154669565217391,NA,0.00434608695652174,NA,0.0278660869565217,0.00166173913043478,14.979427826087
"188","ABA-01.18.2013.6.21",24,2.29166666666667,NA,0.0625,0.00833333333333333,NA,0.00666666666666667,NA,2.36916666666667,"ABA-01","18","2013","6","21",2013-06-21,1.3475,NA,0.03675,0.0049,NA,0.00392,NA,1.39307
"189","ABA-01.18.2013.7.25",34,30.4411764705882,NA,0.0711764705882353,NA,NA,0.00205882352941176,NA,30.5144117647059,"ABA-01","18","2013","7","25",2013-07-25,17.8994117647059,NA,0.0418517647058823,NA,NA,0.00121058823529412,NA,17.9424741176471
"190","ABA-01.18.2013.8.28",34,29.2058823529412,0.00529411764705882,0.131470588235294,0.00323529411764706,NA,0.00705882352941176,NA,29.3529411764706,"ABA-01","18","2013","8","28",2013-08-28,17.1730588235294,0.00311294117647059,0.0773047058823529,0.00190235294117647,NA,0.00415058823529412,NA,17.2595294117647
"191","ABA-01.18.2013.9.25",28,38.0714285714286,0.0721428571428571,0.0242857142857143,0.0235714285714286,NA,0.0171428571428571,0.0175,38.2260714285714,"ABA-01","18","2013","9","25",2013-09-25,22.386,0.04242,0.01428,0.01386,NA,0.01008,0.01029,22.47693
"192","ABA-01.18.2013.10.20",25,36.32,0.092,NA,0.0424,NA,0.0132,0.0232,36.4908,"ABA-01","18","2013","10","20",2013-10-20,21.35616,0.054096,NA,0.0249312,NA,0.0077616,0.0136416,21.4565904
"193","ABA-01.18.2013.11.20",31,27.9354838709677,0.0361290322580645,NA,0.162258064516129,NA,0.00774193548387097,NA,28.1416129032258,"ABA-01","18","2013","11","20",2013-11-20,16.426064516129,0.0212438709677419,NA,0.0954077419354839,NA,0.00455225806451613,NA,16.5472683870968
"194","ABA-01.18.2013.12.10",20,36.3,0.021,0.0885,0.0055,NA,0.0065,NA,36.4215,"ABA-01","18","2013","12","10",2013-12-10,21.3444,0.012348,0.052038,0.003234,NA,0.003822,NA,21.415842
"195","ABA-01.18.2014.1.12",33,27.8181818181818,0.0339393939393939,NA,0.0275757575757576,NA,0.00636363636363636,NA,27.8860606060606,"ABA-01","18","2014","1","12",2014-01-12,16.3570909090909,0.0199563636363636,NA,0.0162145454545455,NA,0.00374181818181818,NA,16.3970036363636
"196","ABA-01.18.2014.2.9",28,0.25,0.00678571428571429,0.0207142857142857,0.0421428571428571,NA,0.0503571428571429,NA,0.37,"ABA-01","18","2014","2","9",2014-02-09,0.147,0.00399,0.01218,0.02478,NA,0.02961,NA,0.21756
"197","ABA-01.18.2014.3.16",35,24.0571428571429,0.0202857142857143,NA,0.0634285714285714,NA,0.0422857142857143,NA,24.1831428571429,"ABA-01","18","2014","3","16",2014-03-16,14.1456,0.011928,NA,0.037296,NA,0.024864,NA,14.219688
"198","ABA-01.18.2014.5.1",46,30.7826086956522,0.0132608695652174,NA,0.0552173913043478,NA,0.00804347826086957,NA,30.8591304347826,"ABA-01","18","2014","5","1",2014-05-01,18.1001739130435,0.00779739130434782,NA,0.0324678260869565,NA,0.0047295652173913,NA,18.1451686956522
"199","ABA-01.19.2013.6.21",24,21.3333333333333,0.0345833333333333,NA,0.00375,NA,0.0025,0.00166666666666667,21.3758333333333,"ABA-01","19","2013","6","21",2013-06-21,12.544,0.020335,NA,0.002205,NA,0.00147,0.00098,12.56899
"200","ABA-01.19.2013.7.25",34,0.176470588235294,NA,0.0105882352941176,0.00147058823529412,NA,0.000882352941176471,NA,0.189411764705882,"ABA-01","19","2013","7","25",2013-07-25,0.103764705882353,NA,0.00622588235294118,0.000864705882352941,NA,0.000518823529411765,NA,0.111374117647059
"201","ABA-01.19.2013.8.28",34,25.4705882352941,0.00323529411764706,0.0111764705882353,0.00176470588235294,NA,0.00235294117647059,0.00705882352941176,25.4961764705882,"ABA-01","19","2013","8","28",2013-08-28,14.9767058823529,0.00190235294117647,0.00657176470588235,0.00103764705882353,NA,0.00138352941176471,0.00415058823529412,14.9917517647059
"202","ABA-01.19.2013.9.25",28,20.6071428571429,0.0467857142857143,0.00142857142857143,0.0214285714285714,NA,0.0203571428571429,0.00178571428571429,20.6989285714286,"ABA-01","19","2013","9","25",2013-09-25,12.117,0.02751,0.00084,0.0126,NA,0.01197,0.00105,12.17097
"203","ABA-01.19.2013.10.20",25,18.44,0.0108,NA,0.0124,NA,0.0024,0.0372,18.5028,"ABA-01","19","2013","10","20",2013-10-20,10.84272,0.0063504,NA,0.0072912,NA,0.0014112,0.0218736,10.8796464
"204","ABA-01.19.2013.11.20",31,30.9032258064516,0.0970967741935484,NA,0.00645161290322581,NA,0.0548387096774194,0.00645161290322581,31.068064516129,"ABA-01","19","2013","11","20",2013-11-20,18.1710967741935,0.0570929032258064,NA,0.00379354838709677,NA,0.0322451612903226,0.00379354838709677,18.2680219354839
"205","ABA-01.19.2013.12.10",20,20.6,0.043,NA,0.007,NA,0.0025,0.006,20.6585,"ABA-01","19","2013","12","10",2013-12-10,12.1128,0.025284,NA,0.004116,NA,0.00147,0.003528,12.147198
"206","ABA-01.19.2014.1.12",33,34.6969696969697,0.106060606060606,NA,0.00666666666666667,NA,0.0457575757575758,0.00242424242424242,34.8578787878788,"ABA-01","19","2014","1","12",2014-01-12,20.4018181818182,0.0623636363636364,NA,0.00392,NA,0.0269054545454545,0.00142545454545455,20.4964327272727
"207","ABA-01.19.2014.2.9",28,26.8928571428571,0.0603571428571429,NA,0.0121428571428571,NA,0.0139285714285714,NA,26.9792857142857,"ABA-01","19","2014","2","9",2014-02-09,15.813,0.03549,NA,0.00714,NA,0.00819,NA,15.86382
"208","ABA-01.19.2014.3.16",35,26.7714285714286,0.00914285714285714,NA,0.00685714285714286,NA,0.03,0.00171428571428571,26.8191428571429,"ABA-01","19","2014","3","16",2014-03-16,15.7416,0.005376,NA,0.004032,NA,0.01764,0.001008,15.769656
"209","ABA-01.19.2014.5.1",46,21.3695652173913,0.00304347826086957,0.000652173913043478,0.00195652173913043,NA,0.00543478260869565,NA,21.380652173913,"ABA-01","19","2014","5","1",2014-05-01,12.5653043478261,0.0017895652173913,0.000383478260869565,0.0011504347826087,NA,0.00319565217391304,NA,12.5718234782609
"210","ABA-01.20.2013.6.21",24,17.3333333333333,0.0316666666666667,NA,0.00625,NA,0.01875,0.005,17.395,"ABA-01","20","2013","6","21",2013-06-21,10.192,0.01862,NA,0.003675,NA,0.011025,0.00294,10.22826
"211","ABA-01.20.2013.7.25",34,16.0882352941176,NA,NA,0.00823529411764706,NA,0.000588235294117647,NA,16.0970588235294,"ABA-01","20","2013","7","25",2013-07-25,9.45988235294118,NA,NA,0.00484235294117647,NA,0.000345882352941176,NA,9.46507058823529
"212","ABA-01.20.2013.8.28",34,18.7647058823529,0.0141176470588235,0.00117647058823529,0.00235294117647059,NA,0.00441176470588235,0.00323529411764706,18.79,"ABA-01","20","2013","8","28",2013-08-28,11.0336470588235,0.00830117647058824,0.000691764705882353,0.00138352941176471,NA,0.00259411764705882,0.00190235294117647,11.04852
"213","ABA-01.20.2013.9.25",28,19.8214285714286,0.0964285714285714,0.00285714285714286,0.00428571428571429,NA,0.0932142857142857,0.0125,20.0307142857143,"ABA-01","20","2013","9","25",2013-09-25,11.655,0.0567,0.00168,0.00252,NA,0.05481,0.00735,11.77806
"214","ABA-01.20.2013.10.20",25,17.36,0.1048,NA,0.0104,NA,0.0608,0.0204,17.5564,"ABA-01","20","2013","10","20",2013-10-20,10.20768,0.0616224,NA,0.0061152,NA,0.0357504,0.0119952,10.3231632
"215","ABA-01.20.2013.11.20",31,27.4516129032258,0.0325806451612903,NA,0.0141935483870968,NA,0.00451612903225806,0.00387096774193548,27.5067741935484,"ABA-01","20","2013","11","20",2013-11-20,16.1415483870968,0.0191574193548387,NA,0.0083458064516129,NA,0.00265548387096774,0.00227612903225806,16.1739832258065
"216","ABA-01.20.2013.12.10",20,27.55,0.056,NA,0.003,NA,0.028,NA,27.637,"ABA-01","20","2013","12","10",2013-12-10,16.1994,0.032928,NA,0.001764,NA,0.016464,NA,16.250556
"217","ABA-01.20.2014.1.12",33,1.45454545454545,0.204848484848485,NA,0.00454545454545455,NA,0.0624242424242424,NA,1.72636363636364,"ABA-01","20","2014","1","12",2014-01-12,0.855272727272727,0.120450909090909,NA,0.00267272727272727,NA,0.0367054545454545,NA,1.01510181818182
"218","ABA-01.20.2014.2.9",28,55.1785714285714,0.101785714285714,NA,0.0103571428571429,0.000357142857142857,0.1475,NA,NA,"ABA-01","20","2014","2","9",2014-02-09,32.445,0.05985,NA,0.00609,0.00021,0.08673,NA,NA
"219","ABA-01.20.2014.3.16",35,28.4285714285714,0.0648571428571429,NA,0.0328571428571429,NA,0.0645714285714286,NA,28.5908571428571,"ABA-01","20","2014","3","16",2014-03-16,16.716,0.038136,NA,0.01932,NA,0.037968,NA,16.811424
"220","ABA-01.20.2014.5.1",46,30.7391304347826,0.0332608695652174,NA,0.00565217391304348,0.0104347826086957,0.00239130434782609,NA,30.7908695652174,"ABA-01","20","2014","5","1",2014-05-01,18.0746086956522,0.0195573913043478,NA,0.00332347826086957,0.00613565217391304,0.00140608695652174,NA,18.1050313043478
"221","ABA-01.21.2013.6.21",24,17.6666666666667,NA,0.00583333333333333,NA,0.00458333333333333,0.01875,0.0108333333333333,17.7066666666667,"ABA-01","21","2013","6","21",2013-06-21,10.388,NA,0.00343,NA,0.002695,0.011025,0.00637,10.41152
"222","ABA-01.21.2013.7.25",34,13.9117647058824,NA,NA,0.005,NA,0.00176470588235294,NA,13.9185294117647,"ABA-01","21","2013","7","25",2013-07-25,8.18011764705882,NA,NA,0.00294,NA,0.00103764705882353,NA,8.18409529411765
"223","ABA-01.21.2013.8.28",34,20.2058823529412,NA,NA,0.0179411764705882,0.00852941176470588,0.000588235294117647,0.00352941176470588,20.2364705882353,"ABA-01","21","2013","8","28",2013-08-28,11.8810588235294,NA,NA,0.0105494117647059,0.00501529411764706,0.000345882352941176,0.00207529411764706,11.8990447058824
"224","ABA-01.21.2013.9.25",28,29,NA,0.00214285714285714,0.0157142857142857,NA,NA,NA,29.0178571428571,"ABA-01","21","2013","9","25",2013-09-25,17.052,NA,0.00126,0.00924,NA,NA,NA,17.0625
"225","ABA-01.21.2013.10.20",25,22.76,0.0264,NA,0.0176,NA,0.0092,NA,22.8132,"ABA-01","21","2013","10","20",2013-10-20,13.38288,0.0155232,NA,0.0103488,NA,0.0054096,NA,13.4141616
"226","ABA-01.21.2013.11.20",31,25.9677419354839,0.017741935483871,NA,0.0116129032258065,NA,0.01,0.00935483870967742,26.0164516129032,"ABA-01","21","2013","11","20",2013-11-20,15.2690322580645,0.0104322580645161,NA,0.00682838709677419,NA,0.00588,0.00550064516129032,15.2976735483871
"227","ABA-01.21.2013.12.10",20,39.8,0.011,NA,0.0145,NA,0.008,0.009,39.8425,"ABA-01","21","2013","12","10",2013-12-10,23.4024,0.006468,NA,0.008526,NA,0.004704,0.005292,23.42739
"228","ABA-01.21.2014.1.12",33,27.7575757575758,0.00545454545454545,NA,0.0096969696969697,NA,0.0133333333333333,0.00333333333333333,27.7893939393939,"ABA-01","21","2014","1","12",2014-01-12,16.3214545454545,0.00320727272727273,NA,0.00570181818181818,NA,0.00784,0.00196,16.3401636363636
"229","ABA-01.21.2014.2.9",28,30.9285714285714,NA,NA,0.00464285714285714,NA,0.00892857142857143,NA,30.9421428571429,"ABA-01","21","2014","2","9",2014-02-09,18.186,NA,NA,0.00273,NA,0.00525,NA,18.19398
"230","ABA-01.21.2014.3.16",35,37.0285714285714,0.0202857142857143,NA,0.00971428571428572,NA,0.0148571428571429,0.00171428571428571,37.0751428571429,"ABA-01","21","2014","3","16",2014-03-16,21.7728,0.011928,NA,0.005712,NA,0.008736,0.001008,21.800184
"231","ABA-01.21.2014.5.1",46,28.804347826087,0.0289130434782609,0.0143478260869565,0.0323913043478261,0.00130434782608696,0.0267391304347826,NA,28.9080434782609,"ABA-01","21","2014","5","1",2014-05-01,16.9369565217391,0.0170008695652174,0.00843652173913043,0.0190460869565217,0.00076695652173913,0.0157226086956522,NA,16.9979295652174
"232","ABA-01.22.2013.6.21",24,23.0416666666667,0.0366666666666667,NA,0.0075,NA,0.00375,NA,23.0895833333333,"ABA-01","22","2013","6","21",2013-06-21,13.5485,0.02156,NA,0.00441,NA,0.002205,NA,13.576675
"233","ABA-01.22.2013.7.25",34,16.5882352941176,0.000588235294117647,NA,0.00176470588235294,NA,NA,NA,16.5905882352941,"ABA-01","22","2013","7","25",2013-07-25,9.75388235294118,0.000345882352941176,NA,0.00103764705882353,NA,NA,NA,9.75526588235294
"234","ABA-01.22.2013.8.28",34,23.4705882352941,0.00441176470588235,0.00705882352941176,NA,NA,0.00764705882352941,NA,23.4897058823529,"ABA-01","22","2013","8","28",2013-08-28,13.8007058823529,0.00259411764705882,0.00415058823529412,NA,NA,0.00449647058823529,NA,13.8119470588235
"235","ABA-01.22.2013.9.25",28,20.4285714285714,0.0364285714285714,0.00928571428571429,0.00357142857142857,NA,0.0771428571428572,0.00714285714285714,20.5621428571429,"ABA-01","22","2013","9","25",2013-09-25,12.012,0.02142,0.00546,0.0021,NA,0.04536,0.0042,12.09054
"236","ABA-01.22.2013.10.20",25,30.28,0.068,0.0088,NA,0.0044,0.0228,NA,30.384,"ABA-01","22","2013","10","20",2013-10-20,17.80464,0.039984,0.0051744,NA,0.0025872,0.0134064,NA,17.865792
"237","ABA-01.22.2013.11.20",31,56.741935483871,0.0248387096774194,0.0129032258064516,NA,NA,0.0325806451612903,NA,NA,"ABA-01","22","2013","11","20",2013-11-20,33.3642580645161,0.0146051612903226,0.00758709677419355,NA,NA,0.0191574193548387,NA,NA
"238","ABA-01.22.2013.12.10",20,28.15,0.0035,NA,0.0025,NA,0.0155,NA,28.1715,"ABA-01","22","2013","12","10",2013-12-10,16.5522,0.002058,NA,0.00147,NA,0.009114,NA,16.564842
"239","ABA-01.22.2014.1.12",33,26.8181818181818,0.0396969696969697,NA,0.00454545454545455,NA,0.0687878787878788,0.0203030303030303,26.9515151515151,"ABA-01","22","2014","1","12",2014-01-12,15.7690909090909,0.0233418181818182,NA,0.00267272727272727,NA,0.0404472727272727,0.0119381818181818,15.8474909090909
"240","ABA-01.22.2014.2.9",28,34.3214285714286,0.00535714285714286,NA,NA,NA,0.0025,NA,34.3292857142857,"ABA-01","22","2014","2","9",2014-02-09,20.181,0.00315,NA,NA,NA,0.00147,NA,20.18562
"241","ABA-01.22.2014.3.16",35,3.28571428571429,0.0191428571428571,NA,0.0385714285714286,NA,0.00428571428571429,NA,3.34771428571429,"ABA-01","22","2014","3","16",2014-03-16,1.932,0.011256,NA,0.02268,NA,0.00252,NA,1.968456
"242","ABA-01.22.2014.5.1",46,29.3695652173913,0.00869565217391304,NA,0.0234782608695652,NA,0.00173913043478261,NA,29.4034782608696,"ABA-01","22","2014","5","1",2014-05-01,17.2693043478261,0.00511304347826087,NA,0.0138052173913043,NA,0.00102260869565217,NA,17.2892452173913
"243","ABA-01.23.2013.6.21",24,15.7916666666667,0.0545833333333333,NA,0.00125,NA,0.00833333333333333,0.000416666666666667,15.85625,"ABA-01","23","2013","6","21",2013-06-21,9.2855,0.032095,NA,0.000735,NA,0.0049,0.000245,9.323475
"244","ABA-01.23.2013.7.25",34,15.3235294117647,NA,0.000882352941176471,NA,NA,0.00117647058823529,NA,15.3255882352941,"ABA-01","23","2013","7","25",2013-07-25,9.01023529411765,NA,0.000518823529411765,NA,NA,0.000691764705882353,NA,9.01144588235294
"245","ABA-01.23.2013.8.28",34,14.3529411764706,0.0326470588235294,0.00411764705882353,NA,NA,0.00941176470588235,0.00147058823529412,14.4005882352941,"ABA-01","23","2013","8","28",2013-08-28,8.4395294117647,0.0191964705882353,0.00242117647058824,NA,NA,0.00553411764705882,0.000864705882352941,8.46754588235294
"246","ABA-01.23.2013.9.25",28,11,0.0167857142857143,0.00535714285714286,0.00285714285714286,NA,NA,NA,11.025,"ABA-01","23","2013","9","25",2013-09-25,6.468,0.00987,0.00315,0.00168,NA,NA,NA,6.4827
"247","ABA-01.23.2013.10.20",25,17.88,0.6116,NA,0.012,NA,0.0208,0.0056,18.53,"ABA-01","23","2013","10","20",2013-10-20,10.51344,0.3596208,NA,0.007056,NA,0.0122304,0.0032928,10.89564
"248","ABA-01.23.2013.11.20",31,14.2258064516129,0.640645161290323,NA,0.017741935483871,NA,0.207096774193548,NA,15.0912903225806,"ABA-01","23","2013","11","20",2013-11-20,8.36477419354839,0.37669935483871,NA,0.0104322580645161,NA,0.121772903225806,NA,8.87367870967742
"249","ABA-01.23.2013.12.10",20,11.7,0.3075,NA,0.0065,NA,0.0785,NA,12.0925,"ABA-01","23","2013","12","10",2013-12-10,6.8796,0.18081,NA,0.003822,NA,0.046158,NA,7.11039
"250","ABA-01.23.2014.1.12",33,32.2424242424242,1.05090909090909,NA,0.00454545454545455,NA,0.188787878787879,0.0196969696969697,33.5063636363636,"ABA-01","23","2014","1","12",2014-01-12,18.9585454545455,0.617934545454545,NA,0.00267272727272727,NA,0.111007272727273,0.0115818181818182,19.7017418181818
"251","ABA-01.23.2014.2.9",28,18.4642857142857,0.101785714285714,NA,0.00821428571428571,NA,0.0182142857142857,0.00392857142857143,18.5964285714286,"ABA-01","23","2014","2","9",2014-02-09,10.857,0.05985,NA,0.00483,NA,0.01071,0.00231,10.9347
"252","ABA-01.23.2014.3.16",35,20.9142857142857,0.218,NA,0.00171428571428571,0.00485714285714286,0.414,NA,21.5528571428571,"ABA-01","23","2014","3","16",2014-03-16,12.2976,0.128184,NA,0.001008,0.002856,0.243432,NA,12.67308
"253","ABA-01.23.2014.5.1",46,17.8695652173913,0.026304347826087,0.00608695652173913,NA,0.00478260869565217,0.0041304347826087,NA,17.9108695652174,"ABA-01","23","2014","5","1",2014-05-01,10.5073043478261,0.0154669565217391,0.00357913043478261,NA,0.00281217391304348,0.00242869565217391,NA,10.5315913043478
"254","ABA-01.24.2013.6.21",24,28.6666666666667,0.00416666666666667,0.00291666666666667,NA,NA,0.00375,NA,28.6775,"ABA-01","24","2013","6","21",2013-06-21,16.856,0.00245,0.001715,NA,NA,0.002205,NA,16.86237
"255","ABA-01.24.2013.7.25",34,22.9705882352941,0.00588235294117647,0.000588235294117647,NA,NA,0.000588235294117647,NA,22.9776470588235,"ABA-01","24","2013","7","25",2013-07-25,13.5067058823529,0.00345882352941176,0.000345882352941176,NA,NA,0.000345882352941176,NA,13.5108564705882
"256","ABA-01.24.2013.8.28",34,3.26470588235294,0.0905882352941176,0.00323529411764706,0.00294117647058824,NA,0.00470588235294118,NA,3.36617647058824,"ABA-01","24","2013","8","28",2013-08-28,1.91964705882353,0.0532658823529412,0.00190235294117647,0.00172941176470588,NA,0.00276705882352941,NA,1.97931176470588
"257","ABA-01.24.2013.9.25",28,21.8928571428571,0.0171428571428571,0.00142857142857143,NA,NA,0.00392857142857143,NA,21.9153571428571,"ABA-01","24","2013","9","25",2013-09-25,12.873,0.01008,0.00084,NA,NA,0.00231,NA,12.88623
"258","ABA-01.24.2013.10.20",25,2.12,0.0224,NA,0.0076,NA,0.0056,NA,2.1556,"ABA-01","24","2013","10","20",2013-10-20,1.24656,0.0131712,NA,0.0044688,NA,0.0032928,NA,1.2674928
"259","ABA-01.24.2013.11.20",31,29.8064516129032,0.01,NA,0.00612903225806452,NA,0.0132258064516129,0.00129032258064516,29.8370967741936,"ABA-01","24","2013","11","20",2013-11-20,17.5261935483871,0.00588,NA,0.00360387096774194,NA,0.00777677419354839,0.000758709677419355,17.5442129032258
"260","ABA-01.24.2013.12.10",20,32.35,0.0175,0.001,0.0065,NA,0.004,NA,32.379,"ABA-01","24","2013","12","10",2013-12-10,19.0218,0.01029,0.000588,0.003822,NA,0.002352,NA,19.038852
"261","ABA-01.24.2014.1.12",33,16.7575757575758,0.0203030303030303,NA,0.0124242424242424,NA,0.00545454545454545,NA,16.7957575757576,"ABA-01","24","2014","1","12",2014-01-12,9.85345454545454,0.0119381818181818,NA,0.00730545454545454,NA,0.00320727272727273,NA,9.87590545454546
"262","ABA-01.24.2014.2.9",28,26.3214285714286,0.00821428571428571,NA,0.00214285714285714,NA,0.00178571428571429,0.000357142857142857,26.3339285714286,"ABA-01","24","2014","2","9",2014-02-09,15.477,0.00483,NA,0.00126,NA,0.00105,0.00021,15.48435
"263","ABA-01.24.2014.3.16",35,26.0857142857143,0.0325714285714286,NA,0.000857142857142857,NA,0.00885714285714286,NA,26.128,"ABA-01","24","2014","3","16",2014-03-16,15.3384,0.019152,NA,0.000504,NA,0.005208,NA,15.363264
"264","ABA-01.24.2014.5.1",46,22.7173913043478,0.0428260869565217,NA,0.046304347826087,NA,0.00304347826086957,NA,22.8095652173913,"ABA-01","24","2014","5","1",2014-05-01,13.3578260869565,0.0251817391304348,NA,0.0272269565217391,NA,0.0017895652173913,NA,13.4120243478261
"265","ABA-01.25.2013.6.21",24,1.04166666666667,NA,0.00125,NA,NA,0.000833333333333333,NA,1.04375,"ABA-01","25","2013","6","21",2013-06-21,0.6125,NA,0.000735,NA,NA,0.00049,NA,0.613725
"266","ABA-01.25.2013.7.25",34,3.02941176470588,0.00352941176470588,NA,NA,NA,NA,NA,3.03294117647059,"ABA-01","25","2013","7","25",2013-07-25,1.78129411764706,0.00207529411764706,NA,NA,NA,NA,NA,1.78336941176471
"267","ABA-01.25.2013.8.28",34,6.38235294117647,NA,NA,0.000588235294117647,NA,0.000588235294117647,NA,6.38352941176471,"ABA-01","25","2013","8","28",2013-08-28,3.75282352941176,NA,NA,0.000345882352941176,NA,0.000345882352941176,NA,3.75351529411765
"268","ABA-01.25.2013.9.25",28,3.42857142857143,NA,NA,0.000357142857142857,NA,NA,NA,3.42892857142857,"ABA-01","25","2013","9","25",2013-09-25,2.016,NA,NA,0.00021,NA,NA,NA,2.01621
"269","ABA-01.25.2013.10.20",25,4.48,NA,NA,NA,NA,0.0016,NA,4.4816,"ABA-01","25","2013","10","20",2013-10-20,2.63424,NA,NA,NA,NA,0.0009408,NA,2.6351808
"270","ABA-01.25.2013.11.20",31,4.48387096774194,0.00483870967741936,NA,0.000645161290322581,NA,NA,NA,4.48935483870968,"ABA-01","25","2013","11","20",2013-11-20,2.63651612903226,0.00284516129032258,NA,0.000379354838709677,NA,NA,NA,2.63974064516129
"271","ABA-01.25.2013.12.10",20,2.9,0.004,NA,5e-04,NA,NA,NA,2.9045,"ABA-01","25","2013","12","10",2013-12-10,1.7052,0.002352,NA,0.000294,NA,NA,NA,1.707846
"272","ABA-01.25.2014.1.12",33,4.36363636363636,0.0133333333333333,NA,0.000606060606060606,NA,NA,NA,4.37757575757576,"ABA-01","25","2014","1","12",2014-01-12,2.56581818181818,0.00784,NA,0.000356363636363636,NA,NA,NA,2.57401454545455
"273","ABA-01.25.2014.2.9",28,0.178571428571429,NA,NA,NA,NA,NA,NA,0.178571428571429,"ABA-01","25","2014","2","9",2014-02-09,0.105,NA,NA,NA,NA,NA,NA,0.105
"274","ABA-01.25.2014.3.16",35,2.6,0.012,0.000285714285714286,0.000571428571428571,NA,0.000571428571428571,NA,2.61342857142857,"ABA-01","25","2014","3","16",2014-03-16,1.5288,0.007056,0.000168,0.000336,NA,0.000336,NA,1.536696
"275","ABA-01.25.2014.5.1",46,8.93478260869565,0.00304347826086957,NA,NA,NA,NA,NA,8.93782608695652,"ABA-01","25","2014","5","1",2014-05-01,5.25365217391304,0.0017895652173913,NA,NA,NA,NA,NA,5.25544173913043
