"","plot_code","year","month","day","litterfall_trap_num","sub_plot_code","litterfall_trap_size_m2","leaves_MgC_ha_month","twigs_MgC_ha_month","flowers_MgC_ha_month","fruits_MgC_ha_month","seeds_MgC_ha_month","bromeliads_MgC_ha_month","epiphytes_MgC_ha_month","other_MgC_ha_month","palm_leaves_MgC_ha_month","palm_flowers_MgC_ha_month","palm_fruits_MgC_ha_month","total_litterfall_MgC_ha_month","quality_code","comments","date","unique_id","DaysBetween"
"1","ABA-00",2013,5,28,"1","1",0.25,NA,NA,NA,NA,NA,NA,NA,NA,NA,NA,NA,NA,"good",NA,2013-05-28,"ABA-00__1",NA
"2","ABA-00",2013,5,28,"2","2",0.25,NA,NA,NA,NA,NA,NA,NA,NA,NA,NA,NA,NA,"good",NA,2013-05-28,"ABA-00__2",NA
"3","ABA-00",2013,5,28,"3","3",0.25,NA,NA,NA,NA,NA,NA,NA,NA,NA,NA,NA,NA,"good",NA,2013-05-28,"ABA-00__3",NA
"4","ABA-00",2013,5,28,"4","4",0.25,NA,NA,NA,NA,NA,NA,NA,NA,NA,NA,NA,NA,"good",NA,2013-05-28,"ABA-00__4",NA
"5","ABA-00",2013,5,28,"5","5",0.25,NA,NA,NA,NA,NA,NA,NA,NA,NA,NA,NA,NA,"good",NA,2013-05-28,"ABA-00__5",NA
"6","ABA-00",2013,5,28,"6","6",0.25,NA,NA,NA,NA,NA,NA,NA,NA,NA,NA,NA,NA,"good",NA,2013-05-28,"ABA-00__6",NA
"7","ABA-00",2013,5,28,"7","7",0.25,NA,NA,NA,NA,NA,NA,NA,NA,NA,NA,NA,NA,"good",NA,2013-05-28,"ABA-00__7",NA
"8","ABA-00",2013,5,28,"8","8",0.25,NA,NA,NA,NA,NA,NA,NA,NA,NA,NA,NA,NA,"good",NA,2013-05-28,"ABA-00__8",NA
"9","ABA-00",2013,5,28,"9","9",0.25,NA,NA,NA,NA,NA,NA,NA,NA,NA,NA,NA,NA,"good",NA,2013-05-28,"ABA-00__9",NA
"10","ABA-00",2013,5,28,"10","10",0.25,NA,NA,NA,NA,NA,NA,NA,NA,NA,NA,NA,NA,"good",NA,2013-05-28,"ABA-00__10",NA
"11","ABA-00",2013,5,28,"11","11",0.25,NA,NA,NA,NA,NA,NA,NA,NA,NA,NA,NA,NA,"good",NA,2013-05-28,"ABA-00__11",NA
"12","ABA-00",2013,5,28,"12","12",0.25,NA,NA,NA,NA,NA,NA,NA,NA,NA,NA,NA,NA,"good",NA,2013-05-28,"ABA-00__12",NA
"13","ABA-01",2013,5,28,"13","13",0.25,NA,NA,NA,NA,NA,NA,NA,NA,NA,NA,NA,NA,"good",NA,2013-05-28,"ABA-01__13",NA
"14","ABA-01",2013,5,28,"14","14",0.25,NA,NA,NA,NA,NA,NA,NA,NA,NA,NA,NA,NA,"good",NA,2013-05-28,"ABA-01__14",NA
"15","ABA-01",2013,5,28,"15","15",0.25,NA,NA,NA,NA,NA,NA,NA,NA,NA,NA,NA,NA,"good",NA,2013-05-28,"ABA-01__15",NA
"16","ABA-01",2013,5,28,"16","16",0.25,NA,NA,NA,NA,NA,NA,NA,NA,NA,NA,NA,NA,"good",NA,2013-05-28,"ABA-01__16",NA
"17","ABA-01",2013,5,28,"17","17",0.25,NA,NA,NA,NA,NA,NA,NA,NA,NA,NA,NA,NA,"good",NA,2013-05-28,"ABA-01__17",NA
"18","ABA-01",2013,5,28,"18","18",0.25,NA,NA,NA,NA,NA,NA,NA,NA,NA,NA,NA,NA,"good",NA,2013-05-28,"ABA-01__18",NA
"19","ABA-01",2013,5,28,"19","19",0.25,NA,NA,NA,NA,NA,NA,NA,NA,NA,NA,NA,NA,"good",NA,2013-05-28,"ABA-01__19",NA
"20","ABA-01",2013,5,28,"20","20",0.25,NA,NA,NA,NA,NA,NA,NA,NA,NA,NA,NA,NA,"good",NA,2013-05-28,"ABA-01__20",NA
"21","ABA-01",2013,5,28,"21","21",0.25,NA,NA,NA,NA,NA,NA,NA,NA,NA,NA,NA,NA,"good",NA,2013-05-28,"ABA-01__21",NA
"22","ABA-01",2013,5,28,"22","22",0.25,NA,NA,NA,NA,NA,NA,NA,NA,NA,NA,NA,NA,"good",NA,2013-05-28,"ABA-01__22",NA
"23","ABA-01",2013,5,28,"23","23",0.25,NA,NA,NA,NA,NA,NA,NA,NA,NA,NA,NA,NA,"good",NA,2013-05-28,"ABA-01__23",NA
"24","ABA-01",2013,5,28,"24","24",0.25,NA,NA,NA,NA,NA,NA,NA,NA,NA,NA,NA,NA,"good",NA,2013-05-28,"ABA-01__24",NA
"25","ABA-01",2013,5,28,"25","25",0.25,NA,NA,NA,NA,NA,NA,NA,NA,NA,NA,NA,NA,"good",NA,2013-05-28,"ABA-01__25",NA
"26","ABA-00",2013,6,21,"1","1",0.25,25.4555,0.00196,0.015435,NA,NA,0.00882,0.006125,NA,NA,NA,NA,25.4555,"good",NA,2013-06-21,"ABA-00__1",24
"27","ABA-00",2013,6,21,"2","2",0.25,9.604,NA,0.008085,NA,NA,NA,0.00343,NA,NA,NA,NA,9.604,"good",NA,2013-06-21,"ABA-00__2",24
"28","ABA-00",2013,6,21,"3","3",0.25,19.453,NA,0.000735,0.00049,NA,0.01617,0.00049,0.000735,NA,NA,NA,19.453,"good",NA,2013-06-21,"ABA-00__3",24
"29","ABA-00",2013,6,21,"4","4",0.25,6.076,0.14651,0.043365,NA,NA,NA,0.00049,NA,NA,NA,NA,6.076,"good",NA,2013-06-21,"ABA-00__4",24
"30","ABA-00",2013,6,21,"5","5",0.25,9.7755,0.050225,NA,0.002205,NA,NA,0.011025,NA,NA,NA,NA,9.7755,"good",NA,2013-06-21,"ABA-00__5",24
"31","ABA-00",2013,6,21,"6","6",0.25,18.6935,NA,0.00147,NA,NA,NA,0.000245,NA,NA,NA,NA,18.6935,"good",NA,2013-06-21,"ABA-00__6",24
"32","ABA-00",2013,6,21,"7","7",0.25,6.2475,0.005145,0.000245,NA,NA,NA,0.001715,NA,NA,NA,NA,6.2475,"good",NA,2013-06-21,"ABA-00__7",24
"33","ABA-00",2013,6,21,"8","8",0.25,13.1075,NA,NA,0.008085,NA,NA,0.00098,NA,NA,NA,NA,13.1075,"good",NA,2013-06-21,"ABA-00__8",24
"34","ABA-00",2013,6,21,"9","9",0.25,11.3925,NA,NA,0.01078,NA,NA,0.00735,NA,NA,NA,NA,11.3925,"good",NA,2013-06-21,"ABA-00__9",24
"35","ABA-00",2013,6,21,"10","10",0.25,6.6885,0.006615,NA,0.00049,NA,NA,0.00245,NA,NA,NA,NA,6.6885,"good",NA,2013-06-21,"ABA-00__10",24
"36","ABA-00",2013,6,21,"11","11",0.25,18.228,0.030625,0.005145,NA,NA,NA,0.06615,NA,NA,NA,NA,18.228,"good",NA,2013-06-21,"ABA-00__11",24
"37","ABA-00",2013,6,21,"12","12",0.25,19.1345,NA,NA,0.000735,NA,NA,NA,NA,NA,NA,NA,19.1345,"good",NA,2013-06-21,"ABA-00__12",24
"38","ABA-01",2013,6,21,"13","13",0.25,5.047,NA,NA,0.00343,NA,NA,NA,NA,NA,NA,NA,5.047,"good",NA,2013-06-21,"ABA-01__13",24
"39","ABA-01",2013,6,21,"14","14",0.25,1.1025,NA,0.001225,0.001715,NA,NA,NA,NA,NA,NA,NA,1.1025,"good",NA,2013-06-21,"ABA-01__14",24
"40","ABA-01",2013,6,21,"15","15",0.25,8.7465,0.00637,0.0098,0.001225,NA,NA,0.001715,NA,NA,NA,NA,8.7465,"good",NA,2013-06-21,"ABA-01__15",24
"41","ABA-01",2013,6,21,"16","16",0.25,23.177,0.00294,NA,NA,NA,NA,0.00098,NA,NA,NA,NA,23.177,"good",NA,2013-06-21,"ABA-01__16",24
"42","ABA-01",2013,6,21,"17","17",0.25,21.2905,0.005145,0.010045,NA,NA,NA,0.009555,0.001225,NA,NA,NA,21.2905,"good",NA,2013-06-21,"ABA-01__17",24
"43","ABA-01",2013,6,21,"18","18",0.25,1.3475,NA,0.03675,0.0049,NA,NA,0.00392,NA,NA,NA,NA,1.3475,"good",NA,2013-06-21,"ABA-01__18",24
"44","ABA-01",2013,6,21,"19","19",0.25,12.544,0.020335,NA,0.002205,NA,NA,0.00147,0.00098,NA,NA,NA,12.544,"good",NA,2013-06-21,"ABA-01__19",24
"45","ABA-01",2013,6,21,"20","20",0.25,10.192,0.01862,NA,0.003675,NA,NA,0.011025,0.00294,NA,NA,NA,10.192,"good",NA,2013-06-21,"ABA-01__20",24
"46","ABA-01",2013,6,21,"21","21",0.25,10.388,NA,0.00343,NA,NA,0.002695,0.011025,0.00637,NA,NA,NA,10.388,"good",NA,2013-06-21,"ABA-01__21",24
"47","ABA-01",2013,6,21,"22","22",0.25,13.5485,0.02156,NA,0.00441,NA,NA,0.002205,NA,NA,NA,NA,13.5485,"good",NA,2013-06-21,"ABA-01__22",24
"48","ABA-01",2013,6,21,"23","23",0.25,9.2855,0.032095,NA,0.000735,NA,NA,0.0049,0.000245,NA,NA,NA,9.2855,"good",NA,2013-06-21,"ABA-01__23",24
"49","ABA-01",2013,6,21,"24","24",0.25,16.856,0.00245,0.001715,NA,NA,NA,0.002205,NA,NA,NA,NA,16.856,"good",NA,2013-06-21,"ABA-01__24",24
"50","ABA-01",2013,6,21,"25","25",0.25,0.6125,NA,0.000735,NA,NA,NA,0.00049,NA,NA,NA,NA,0.6125,"good",NA,2013-06-21,"ABA-01__25",24
"51","ABA-00",2013,7,25,"1","1",0.25,9.18317647058824,0.00242117647058824,0.00847411764705882,0.00363176470588235,NA,NA,NA,NA,NA,NA,NA,9.18317647058824,"good",NA,2013-07-25,"ABA-00__1",34
"52","ABA-00",2013,7,25,"2","2",0.25,6.98682352941176,NA,0.00172941176470588,NA,NA,NA,NA,NA,NA,NA,NA,6.98682352941176,"good",NA,2013-07-25,"ABA-00__2",34
"53","ABA-00",2013,7,25,"3","3",0.25,11.8118823529412,NA,0.00207529411764706,NA,NA,NA,0.000172941176470588,NA,NA,NA,NA,11.8118823529412,"good",NA,2013-07-25,"ABA-00__3",34
"54","ABA-00",2013,7,25,"4","4",0.25,10.6877647058824,NA,0.0143541176470588,NA,NA,NA,0.000345882352941176,NA,NA,NA,NA,10.6877647058824,"good",NA,2013-07-25,"ABA-00__4",34
"55","ABA-00",2013,7,25,"5","5",0.25,10.4802352941176,0.00864705882352941,0.0446188235294118,0.000691764705882353,NA,NA,0.00311294117647059,NA,NA,NA,NA,10.4802352941176,"good",NA,2013-07-25,"ABA-00__5",34
"56","ABA-00",2013,7,25,"6","6",0.25,15.9451764705882,NA,0.000864705882352941,0.000518823529411765,NA,NA,NA,NA,NA,NA,NA,15.9451764705882,"good",NA,2013-07-25,"ABA-00__6",34
"57","ABA-00",2013,7,25,"7","7",0.25,5.89729411764706,NA,0.00103764705882353,NA,NA,NA,NA,NA,NA,NA,NA,5.89729411764706,"good",NA,2013-07-25,"ABA-00__7",34
"58","ABA-00",2013,7,25,"8","8",0.25,6.32964705882353,NA,0.000691764705882353,NA,NA,NA,0.000345882352941176,NA,NA,NA,NA,6.32964705882353,"good",NA,2013-07-25,"ABA-00__8",34
"59","ABA-00",2013,7,25,"9","9",0.25,0.951176470588235,NA,NA,0.0140082352941176,NA,NA,0.000172941176470588,NA,NA,NA,NA,0.951176470588235,"good",NA,2013-07-25,"ABA-00__9",34
"60","ABA-00",2013,7,25,"10","10",0.25,1.60835294117647,NA,0.00172941176470588,NA,NA,0.00536117647058824,0.0349341176470588,NA,NA,NA,NA,1.60835294117647,"good",NA,2013-07-25,"ABA-00__10",34
"61","ABA-00",2013,7,25,"11","11",0.25,11.0509411764706,NA,0.00276705882352941,0.00172941176470588,NA,NA,0.000864705882352941,NA,NA,NA,NA,11.0509411764706,"good",NA,2013-07-25,"ABA-00__11",34
"62","ABA-00",2013,7,25,"12","12",0.25,13.5758823529412,NA,NA,0.000691764705882353,NA,NA,NA,NA,NA,NA,NA,13.5758823529412,"good",NA,2013-07-25,"ABA-00__12",34
"63","ABA-01",2013,7,25,"13","13",0.25,3.92576470588235,NA,NA,NA,NA,NA,NA,NA,NA,NA,NA,3.92576470588235,"good",NA,2013-07-25,"ABA-01__13",34
"64","ABA-01",2013,7,25,"14","14",0.25,7.48835294117647,NA,0.00588,NA,NA,NA,NA,NA,NA,NA,NA,7.48835294117647,"good",NA,2013-07-25,"ABA-01__14",34
"65","ABA-01",2013,7,25,"15","15",0.25,8.07635294117647,0.00432352941176471,0.00328588235294118,0.00155647058823529,NA,NA,NA,NA,NA,NA,NA,8.07635294117647,"good",NA,2013-07-25,"ABA-01__15",34
"66","ABA-01",2013,7,25,"16","16",0.25,16.5331764705882,NA,0.000518823529411765,NA,NA,NA,0.000691764705882353,NA,NA,NA,NA,16.5331764705882,"good",NA,2013-07-25,"ABA-01__16",34
"67","ABA-01",2013,7,25,"17","17",0.25,21.7214117647059,NA,0.00743647058823529,0.00224823529411765,NA,NA,0.00242117647058824,NA,NA,NA,NA,21.7214117647059,"good",NA,2013-07-25,"ABA-01__17",34
"68","ABA-01",2013,7,25,"18","18",0.25,17.8994117647059,NA,0.0418517647058823,NA,NA,NA,0.00121058823529412,NA,NA,NA,NA,17.8994117647059,"good",NA,2013-07-25,"ABA-01__18",34
"69","ABA-01",2013,7,25,"19","19",0.25,0.103764705882353,NA,0.00622588235294118,0.000864705882352941,NA,NA,0.000518823529411765,NA,NA,NA,NA,0.103764705882353,"good",NA,2013-07-25,"ABA-01__19",34
"70","ABA-01",2013,7,25,"20","20",0.25,9.45988235294118,NA,NA,0.00484235294117647,NA,NA,0.000345882352941176,NA,NA,NA,NA,9.45988235294118,"good",NA,2013-07-25,"ABA-01__20",34
"71","ABA-01",2013,7,25,"21","21",0.25,8.18011764705882,NA,NA,0.00294,NA,NA,0.00103764705882353,NA,NA,NA,NA,8.18011764705882,"good",NA,2013-07-25,"ABA-01__21",34
"72","ABA-01",2013,7,25,"22","22",0.25,9.75388235294118,0.000345882352941176,NA,0.00103764705882353,NA,NA,NA,NA,NA,NA,NA,9.75388235294118,"good",NA,2013-07-25,"ABA-01__22",34
"73","ABA-01",2013,7,25,"23","23",0.25,9.01023529411765,NA,0.000518823529411765,NA,NA,NA,0.000691764705882353,NA,NA,NA,NA,9.01023529411765,"good",NA,2013-07-25,"ABA-01__23",34
"74","ABA-01",2013,7,25,"24","24",0.25,13.5067058823529,0.00345882352941176,0.000345882352941176,NA,NA,NA,0.000345882352941176,NA,NA,NA,NA,13.5067058823529,"good",NA,2013-07-25,"ABA-01__24",34
"75","ABA-01",2013,7,25,"25","25",0.25,1.78129411764706,0.00207529411764706,NA,NA,NA,NA,NA,NA,NA,NA,NA,1.78129411764706,"good",NA,2013-07-25,"ABA-01__25",34
"76","ABA-00",2013,8,28,"1","1",0.25,17.3114117647059,0.00812823529411765,0.00518823529411765,0.00570705882352941,NA,NA,0.000172941176470588,NA,NA,NA,NA,17.3114117647059,"good",NA,2013-08-28,"ABA-00__1",34
"77","ABA-00",2013,8,28,"2","2",0.25,7.02141176470588,NA,0.00311294117647059,NA,NA,NA,0.000345882352941176,NA,NA,NA,NA,7.02141176470588,"good",NA,2013-08-28,"ABA-00__2",34
"78","ABA-00",2013,8,28,"3","3",0.25,14.2676470588235,0.0126247058823529,0.00190235294117647,0.00259411764705882,NA,NA,0.00432352941176471,NA,NA,NA,NA,14.2676470588235,"good",NA,2013-08-28,"ABA-00__3",34
"79","ABA-00",2013,8,28,"4","4",0.25,6.79658823529412,NA,0.00363176470588235,NA,NA,NA,0.00311294117647059,NA,NA,NA,NA,6.79658823529412,"good",NA,2013-08-28,"ABA-00__4",34
"80","ABA-00",2013,8,28,"5","5",0.25,7.98988235294118,NA,0.163602352941176,NA,NA,NA,NA,NA,NA,NA,NA,7.98988235294118,"good",NA,2013-08-28,"ABA-00__5",34
"81","ABA-00",2013,8,28,"6","6",0.25,19.5596470588235,NA,0.00466941176470588,NA,NA,NA,0.000345882352941176,NA,NA,NA,NA,19.5596470588235,"good",NA,2013-08-28,"ABA-00__6",34
"82","ABA-00",2013,8,28,"7","7",0.25,9.92682352941176,0.00207529411764706,NA,NA,NA,NA,0.00380470588235294,NA,NA,NA,NA,9.92682352941176,"good",NA,2013-08-28,"ABA-00__7",34
"83","ABA-00",2013,8,28,"8","8",0.25,11.466,0.00691764705882353,0.00121058823529412,NA,NA,NA,0.00276705882352941,0.000691764705882353,NA,NA,NA,11.466,"good",NA,2013-08-28,"ABA-00__8",34
"84","ABA-00",2013,8,28,"9","9",0.25,11.9502352941176,NA,NA,0.00466941176470588,NA,NA,0.000172941176470588,NA,NA,NA,NA,11.9502352941176,"good",NA,2013-08-28,"ABA-00__9",34
"85","ABA-00",2013,8,28,"10","10",0.25,11.6043529411765,0.00743647058823529,NA,0.000345882352941176,NA,0.00985764705882353,0.00536117647058824,NA,NA,NA,NA,11.6043529411765,"good",NA,2013-08-28,"ABA-00__10",34
"86","ABA-00",2013,8,28,"11","11",0.25,14.4924705882353,NA,0.0179858823529412,0.0338964705882353,NA,NA,0.00190235294117647,NA,NA,NA,NA,14.4924705882353,"good",NA,2013-08-28,"ABA-00__11",34
"87","ABA-00",2013,8,28,"12","12",0.25,15.1323529411765,NA,0.00103764705882353,NA,NA,NA,0.000691764705882353,NA,NA,NA,NA,15.1323529411765,"good",NA,2013-08-28,"ABA-00__12",34
"88","ABA-01",2013,8,28,"13","13",0.25,5.60329411764706,0.0636423529411765,0.0807635294117647,0.000345882352941176,NA,NA,0.00985764705882353,NA,NA,NA,NA,5.60329411764706,"good",NA,2013-08-28,"ABA-01__13",34
"89","ABA-01",2013,8,28,"14","14",0.25,12.5728235294118,0.00726352941176471,NA,0.00224823529411765,NA,NA,0.00121058823529412,NA,NA,NA,NA,12.5728235294118,"good",NA,2013-08-28,"ABA-01__14",34
"90","ABA-01",2013,8,28,"15","15",0.25,10.9471764705882,0.00363176470588235,0.000172941176470588,0.00778235294117647,NA,0.000691764705882353,0.00121058823529412,NA,NA,NA,NA,10.9471764705882,"good",NA,2013-08-28,"ABA-01__15",34
"91","ABA-01",2013,8,28,"16","16",0.25,12.7111764705882,NA,0.000172941176470588,NA,NA,NA,0.00224823529411765,NA,NA,NA,NA,12.7111764705882,"good",NA,2013-08-28,"ABA-01__16",34
"92","ABA-01",2013,8,28,"17","17",0.25,20.874,0.00536117647058824,NA,0.0233470588235294,NA,0.000864705882352941,0.00311294117647059,NA,NA,NA,NA,20.874,"good",NA,2013-08-28,"ABA-01__17",34
"93","ABA-01",2013,8,28,"18","18",0.25,17.1730588235294,0.00311294117647059,0.0773047058823529,0.00190235294117647,NA,NA,0.00415058823529412,NA,NA,NA,NA,17.1730588235294,"good",NA,2013-08-28,"ABA-01__18",34
"94","ABA-01",2013,8,28,"19","19",0.25,14.9767058823529,0.00190235294117647,0.00657176470588235,0.00103764705882353,NA,NA,0.00138352941176471,0.00415058823529412,NA,NA,NA,14.9767058823529,"good",NA,2013-08-28,"ABA-01__19",34
"95","ABA-01",2013,8,28,"20","20",0.25,11.0336470588235,0.00830117647058824,0.000691764705882353,0.00138352941176471,NA,NA,0.00259411764705882,0.00190235294117647,NA,NA,NA,11.0336470588235,"good",NA,2013-08-28,"ABA-01__20",34
"96","ABA-01",2013,8,28,"21","21",0.25,11.8810588235294,NA,NA,0.0105494117647059,NA,0.00501529411764706,0.000345882352941176,0.00207529411764706,NA,NA,NA,11.8810588235294,"good",NA,2013-08-28,"ABA-01__21",34
"97","ABA-01",2013,8,28,"22","22",0.25,13.8007058823529,0.00259411764705882,0.00415058823529412,NA,NA,NA,0.00449647058823529,NA,NA,NA,NA,13.8007058823529,"good",NA,2013-08-28,"ABA-01__22",34
"98","ABA-01",2013,8,28,"23","23",0.25,8.4395294117647,0.0191964705882353,0.00242117647058824,NA,NA,NA,0.00553411764705882,0.000864705882352941,NA,NA,NA,8.4395294117647,"good",NA,2013-08-28,"ABA-01__23",34
"99","ABA-01",2013,8,28,"24","24",0.25,1.91964705882353,0.0532658823529412,0.00190235294117647,0.00172941176470588,NA,NA,0.00276705882352941,NA,NA,NA,NA,1.91964705882353,"good",NA,2013-08-28,"ABA-01__24",34
"100","ABA-01",2013,8,28,"25","25",0.25,3.75282352941176,NA,NA,0.000345882352941176,NA,NA,0.000345882352941176,NA,NA,NA,NA,3.75282352941176,"good",NA,2013-08-28,"ABA-01__25",34
"101","ABA-00",2013,9,25,"1","1",0.25,26.712,0.02667,NA,0.00294,NA,NA,0.00525,NA,NA,NA,NA,26.712,"good",NA,2013-09-25,"ABA-00__1",28
"102","ABA-00",2013,9,25,"2","2",0.25,9.912,0.00798,NA,0.00168,NA,NA,0.00672,NA,NA,NA,NA,9.912,"good",NA,2013-09-25,"ABA-00__2",28
"103","ABA-00",2013,9,25,"3","3",0.25,11.361,0.01302,0.00483,0.00147,NA,NA,0.0021,0.01008,NA,NA,NA,11.361,"good",NA,2013-09-25,"ABA-00__3",28
"104","ABA-00",2013,9,25,"4","4",0.25,7.413,0.00063,0.00168,0.00336,NA,NA,0.00084,0.0084,NA,NA,NA,7.413,"good",NA,2013-09-25,"ABA-00__4",28
"105","ABA-00",2013,9,25,"5","5",0.25,17.073,0.02268,0.05733,0.00042,NA,NA,0.00126,0.00462,NA,NA,NA,17.073,"good",NA,2013-09-25,"ABA-00__5",28
"106","ABA-00",2013,9,25,"6","6",0.25,15.582,0.00756,0.00378,0.00042,NA,NA,0.00084,0.00357,NA,NA,NA,15.582,"good",NA,2013-09-25,"ABA-00__6",28
"107","ABA-00",2013,9,25,"7","7",0.25,8.127,0.00126,NA,0.00336,NA,NA,0.00462,0.00042,NA,NA,NA,8.127,"good",NA,2013-09-25,"ABA-00__7",28
"108","ABA-00",2013,9,25,"8","8",0.25,8.778,NA,0.00399,0.00063,NA,NA,0.00231,0.00525,NA,NA,NA,8.778,"good",NA,2013-09-25,"ABA-00__8",28
"109","ABA-00",2013,9,25,"9","9",0.25,13.818,NA,0.00672,0.00084,NA,NA,NA,NA,NA,NA,NA,13.818,"good",NA,2013-09-25,"ABA-00__9",28
"110","ABA-00",2013,9,25,"10","10",0.25,17.472,0.00168,0.00504,0.00168,NA,0.00294,NA,NA,NA,NA,NA,17.472,"good",NA,2013-09-25,"ABA-00__10",28
"111","ABA-00",2013,9,25,"11","11",0.25,23.646,0.00315,NA,0.03444,NA,NA,0.00525,0.00147,NA,NA,NA,23.646,"good",NA,2013-09-25,"ABA-00__11",28
"112","ABA-00",2013,9,25,"12","12",0.25,17.577,0.01638,0.00462,0.01827,NA,NA,NA,NA,NA,NA,NA,17.577,"good",NA,2013-09-25,"ABA-00__12",28
"113","ABA-01",2013,9,25,"13","13",0.25,8.484,0.00147,0.0168,0.01197,NA,NA,NA,0.00672,NA,NA,NA,8.484,"good",NA,2013-09-25,"ABA-01__13",28
"114","ABA-01",2013,9,25,"14","14",0.25,9.513,0.0042,NA,0.0021,NA,NA,NA,0.00273,NA,NA,NA,9.513,"good",NA,2013-09-25,"ABA-01__14",28
"115","ABA-01",2013,9,25,"15","15",0.25,7.476,0.0063,0.00168,0.01302,NA,NA,0.00378,0.00357,NA,NA,NA,7.476,"good",NA,2013-09-25,"ABA-01__15",28
"116","ABA-01",2013,9,25,"16","16",0.25,15.645,0.00315,NA,0.00084,NA,NA,0.00105,0.00294,NA,NA,NA,15.645,"good",NA,2013-09-25,"ABA-01__16",28
"117","ABA-01",2013,9,25,"17","17",0.25,2.331,0.02121,0.01113,0.00546,NA,NA,0.00336,NA,NA,NA,NA,2.331,"good",NA,2013-09-25,"ABA-01__17",28
"118","ABA-01",2013,9,25,"18","18",0.25,22.386,0.04242,0.01428,0.01386,NA,NA,0.01008,0.01029,NA,NA,NA,22.386,"good",NA,2013-09-25,"ABA-01__18",28
"119","ABA-01",2013,9,25,"19","19",0.25,12.117,0.02751,0.00084,0.0126,NA,NA,0.01197,0.00105,NA,NA,NA,12.117,"good",NA,2013-09-25,"ABA-01__19",28
"120","ABA-01",2013,9,25,"20","20",0.25,11.655,0.0567,0.00168,0.00252,NA,NA,0.05481,0.00735,NA,NA,NA,11.655,"good",NA,2013-09-25,"ABA-01__20",28
"121","ABA-01",2013,9,25,"21","21",0.25,17.052,NA,0.00126,0.00924,NA,NA,NA,NA,NA,NA,NA,17.052,"good",NA,2013-09-25,"ABA-01__21",28
"122","ABA-01",2013,9,25,"22","22",0.25,12.012,0.02142,0.00546,0.0021,NA,NA,0.04536,0.0042,NA,NA,NA,12.012,"good",NA,2013-09-25,"ABA-01__22",28
"123","ABA-01",2013,9,25,"23","23",0.25,6.468,0.00987,0.00315,0.00168,NA,NA,NA,NA,NA,NA,NA,6.468,"good",NA,2013-09-25,"ABA-01__23",28
"124","ABA-01",2013,9,25,"24","24",0.25,12.873,0.01008,0.00084,NA,NA,NA,0.00231,NA,NA,NA,NA,12.873,"good",NA,2013-09-25,"ABA-01__24",28
"125","ABA-01",2013,9,25,"25","25",0.25,2.016,NA,NA,0.00021,NA,NA,NA,NA,NA,NA,NA,2.016,"good",NA,2013-09-25,"ABA-01__25",28
"126","ABA-00",2013,10,20,"1","1",0.25,21.59136,0.048216,NA,0.0037632,NA,NA,0.0136416,0.0150528,NA,NA,NA,21.59136,"good",NA,2013-10-20,"ABA-00__1",25
"127","ABA-00",2013,10,20,"2","2",0.25,23.82576,NA,0.0032928,0.002352,NA,NA,0.0014112,NA,NA,NA,NA,23.82576,"good",NA,2013-10-20,"ABA-00__2",25
"128","ABA-00",2013,10,20,"3","3",0.25,14.48832,0.0381024,0.0030576,0.0030576,NA,NA,0.0032928,NA,NA,NA,NA,14.48832,"good",NA,2013-10-20,"ABA-00__3",25
"129","ABA-00",2013,10,20,"4","4",0.25,11.54832,NA,0.0014112,0.002352,NA,NA,0.0028224,NA,NA,NA,NA,11.54832,"good",NA,2013-10-20,"ABA-00__4",25
"130","ABA-00",2013,10,20,"5","5",0.25,12.32448,0.0265776,NA,0.0221088,NA,NA,0.0037632,0.0087024,NA,NA,NA,12.32448,"good",NA,2013-10-20,"ABA-00__5",25
"131","ABA-00",2013,10,20,"6","6",0.25,15.4056,0.027048,0.0009408,0.0018816,NA,NA,0.00588,NA,NA,NA,NA,15.4056,"good",NA,2013-10-20,"ABA-00__6",25
"132","ABA-00",2013,10,20,"7","7",0.25,12.51264,NA,NA,0.0028224,NA,NA,0.0131712,NA,NA,NA,NA,12.51264,"good",NA,2013-10-20,"ABA-00__7",25
"133","ABA-00",2013,10,20,"8","8",0.25,12.01872,0.0303408,NA,0.007056,NA,NA,0.1686384,NA,NA,NA,NA,12.01872,"good",NA,2013-10-20,"ABA-00__8",25
"134","ABA-00",2013,10,20,"9","9",0.25,16.36992,NA,NA,0.0061152,NA,NA,NA,NA,NA,NA,NA,16.36992,"good",NA,2013-10-20,"ABA-00__9",25
"135","ABA-00",2013,10,20,"10","10",0.25,23.8728,NA,NA,0.0014112,NA,NA,0.0032928,NA,NA,NA,NA,23.8728,"good",NA,2013-10-20,"ABA-00__10",25
"136","ABA-00",2013,10,20,"11","11",0.25,25.5192,0.043512,0.0171696,0.0127008,NA,NA,0.0402192,0.0018816,NA,NA,NA,25.5192,"good",NA,2013-10-20,"ABA-00__11",25
"137","ABA-00",2013,10,20,"12","12",0.25,1.90512,0.004704,NA,0.0018816,NA,NA,0.014112,0.0002352,NA,NA,NA,1.90512,"good",NA,2013-10-20,"ABA-00__12",25
"138","ABA-01",2013,10,20,"13","13",0.25,7.24416,0.0056448,0.0096432,0.0037632,NA,NA,0.012936,0.0004704,NA,NA,NA,7.24416,"good",NA,2013-10-20,"ABA-01__13",25
"139","ABA-01",2013,10,20,"14","14",0.25,1.01136,0.0272832,NA,0.001176,NA,NA,0.0009408,NA,NA,NA,NA,1.01136,"good",NA,2013-10-20,"ABA-01__14",25
"140","ABA-01",2013,10,20,"15","15",0.25,13.2888,0.0087024,NA,0.0296352,NA,NA,0.0002352,0.0028224,NA,NA,NA,13.2888,"good",NA,2013-10-20,"ABA-01__15",25
"141","ABA-01",2013,10,20,"16","16",0.25,28.3416,0.0056448,NA,0.0007056,NA,NA,0.0004704,NA,NA,NA,NA,28.3416,"good",NA,2013-10-20,"ABA-01__16",25
"142","ABA-01",2013,10,20,"17","17",0.25,18.83952,NA,0.0119952,0.0014112,NA,NA,0.0416304,NA,NA,NA,NA,18.83952,"good",NA,2013-10-20,"ABA-01__17",25
"143","ABA-01",2013,10,20,"18","18",0.25,21.35616,0.054096,NA,0.0249312,NA,NA,0.0077616,0.0136416,NA,NA,NA,21.35616,"good",NA,2013-10-20,"ABA-01__18",25
"144","ABA-01",2013,10,20,"19","19",0.25,10.84272,0.0063504,NA,0.0072912,NA,NA,0.0014112,0.0218736,NA,NA,NA,10.84272,"good",NA,2013-10-20,"ABA-01__19",25
"145","ABA-01",2013,10,20,"20","20",0.25,10.20768,0.0616224,NA,0.0061152,NA,NA,0.0357504,0.0119952,NA,NA,NA,10.20768,"good",NA,2013-10-20,"ABA-01__20",25
"146","ABA-01",2013,10,20,"21","21",0.25,13.38288,0.0155232,NA,0.0103488,NA,NA,0.0054096,NA,NA,NA,NA,13.38288,"good",NA,2013-10-20,"ABA-01__21",25
"147","ABA-01",2013,10,20,"22","22",0.25,17.80464,0.039984,0.0051744,NA,NA,0.0025872,0.0134064,NA,NA,NA,NA,17.80464,"good",NA,2013-10-20,"ABA-01__22",25
"148","ABA-01",2013,10,20,"23","23",0.25,10.51344,0.3596208,NA,0.007056,NA,NA,0.0122304,0.0032928,NA,NA,NA,10.51344,"good",NA,2013-10-20,"ABA-01__23",25
"149","ABA-01",2013,10,20,"24","24",0.25,1.24656,0.0131712,NA,0.0044688,NA,NA,0.0032928,NA,NA,NA,NA,1.24656,"good",NA,2013-10-20,"ABA-01__24",25
"150","ABA-01",2013,10,20,"25","25",0.25,2.63424,NA,NA,NA,NA,NA,0.0009408,NA,NA,NA,NA,2.63424,"good",NA,2013-10-20,"ABA-01__25",25
"151","ABA-00",2013,11,20,"1","1",0.25,24.4304516129032,0.0299690322580645,NA,0.00189677419354839,NA,NA,0.0569032258064516,0.00455225806451613,NA,NA,NA,24.4304516129032,"good",NA,2013-11-20,"ABA-00__1",31
"152","ABA-00",2013,11,20,"2","2",0.25,19.8212903225806,0.0151741935483871,NA,0.000948387096774194,NA,0.000948387096774194,0.00606967741935484,NA,NA,NA,NA,19.8212903225806,"good",NA,2013-11-20,"ABA-00__2",31
"153","ABA-00",2013,11,20,"3","3",0.25,9.61664516129032,0.0168812903225806,NA,0.00417290322580645,NA,NA,0.00625935483870968,0.00853548387096774,NA,NA,NA,9.61664516129032,"good",NA,2013-11-20,"ABA-00__3",31
"154","ABA-00",2013,11,20,"4","4",0.25,8.82,0.00417290322580645,NA,0.01176,NA,NA,0.00265548387096774,0.00967354838709677,NA,NA,NA,8.82,"good",NA,2013-11-20,"ABA-00__4",31
"155","ABA-00",2013,11,20,"5","5",0.25,1.85883870967742,0.0688529032258064,NA,0.0123290322580645,NA,NA,0.0113806451612903,0.00151741935483871,NA,NA,NA,1.85883870967742,"good",NA,2013-11-20,"ABA-00__5",31
"156","ABA-00",2013,11,20,"6","6",0.25,0.132774193548387,NA,NA,0.00265548387096774,NA,NA,0.00284516129032258,NA,NA,NA,NA,0.132774193548387,"good",NA,2013-11-20,"ABA-00__6",31
"157","ABA-00",2013,11,20,"7","7",0.25,1.04322580645161,0.00227612903225806,NA,0.00227612903225806,NA,NA,0.00132774193548387,NA,NA,NA,NA,1.04322580645161,"good",NA,2013-11-20,"ABA-00__7",31
"158","ABA-00",2013,11,20,"8","8",0.25,1.47948387096774,0.0191574193548387,NA,0.00322451612903226,NA,NA,0.0024658064516129,0.00265548387096774,NA,NA,NA,1.47948387096774,"good",NA,2013-11-20,"ABA-00__8",31
"159","ABA-00",2013,11,20,"9","9",0.25,18.265935483871,NA,NA,0.00398322580645161,NA,NA,0.000379354838709677,NA,NA,NA,NA,18.265935483871,"good",NA,2013-11-20,"ABA-00__9",31
"160","ABA-00",2013,11,20,"10","10",0.25,26.0806451612903,0.0350903225806452,NA,0.00910451612903226,NA,0.00588,0.063541935483871,0.00379354838709677,NA,NA,NA,26.0806451612903,"good",NA,2013-11-20,"ABA-00__10",31
"161","ABA-00",2013,11,20,"11","11",0.25,24.145935483871,0.0851651612903226,NA,0.0591793548387097,NA,0.00663870967741935,NA,0.00663870967741935,NA,NA,NA,24.145935483871,"good",NA,2013-11-20,"ABA-00__11",31
"162","ABA-00",2013,11,20,"12","12",0.25,22.9130322580645,0.00663870967741935,NA,0.00208645161290323,NA,0.00265548387096774,0.0127083870967742,0.00113806451612903,NA,NA,NA,22.9130322580645,"good",NA,2013-11-20,"ABA-00__12",31
"163","ABA-01",2013,11,20,"13","13",0.25,9.08554838709677,NA,NA,0.0166916129032258,NA,NA,NA,0.00284516129032258,NA,NA,NA,9.08554838709677,"good",NA,2013-11-20,"ABA-01__13",31
"164","ABA-01",2013,11,20,"14","14",0.25,15.4207741935484,0.0201058064516129,NA,0.000758709677419355,NA,NA,0.00663870967741935,0.00303483870967742,NA,NA,NA,15.4207741935484,"good",NA,2013-11-20,"ABA-01__14",31
"165","ABA-01",2013,11,20,"15","15",0.25,12.7842580645161,0.0146051612903226,NA,0.0633522580645161,NA,NA,0.00113806451612903,NA,NA,NA,NA,12.7842580645161,"good",NA,2013-11-20,"ABA-01__15",31
"166","ABA-01",2013,11,20,"16","16",0.25,24.0510967741935,0.108305806451613,NA,0.000379354838709677,NA,NA,0.0157432258064516,NA,NA,NA,NA,24.0510967741935,"good",NA,2013-11-20,"ABA-01__16",31
"167","ABA-01",2013,11,20,"17","17",0.25,2.59858064516129,0.0466606451612903,NA,0.0297793548387097,NA,NA,0.034141935483871,0.0111909677419355,NA,NA,NA,2.59858064516129,"good",NA,2013-11-20,"ABA-01__17",31
"168","ABA-01",2013,11,20,"18","18",0.25,16.426064516129,0.0212438709677419,NA,0.0954077419354839,NA,NA,0.00455225806451613,NA,NA,NA,NA,16.426064516129,"good",NA,2013-11-20,"ABA-01__18",31
"169","ABA-01",2013,11,20,"19","19",0.25,18.1710967741935,0.0570929032258064,NA,0.00379354838709677,NA,NA,0.0322451612903226,0.00379354838709677,NA,NA,NA,18.1710967741935,"good",NA,2013-11-20,"ABA-01__19",31
"170","ABA-01",2013,11,20,"20","20",0.25,16.1415483870968,0.0191574193548387,NA,0.0083458064516129,NA,NA,0.00265548387096774,0.00227612903225806,NA,NA,NA,16.1415483870968,"good",NA,2013-11-20,"ABA-01__20",31
"171","ABA-01",2013,11,20,"21","21",0.25,15.2690322580645,0.0104322580645161,NA,0.00682838709677419,NA,NA,0.00588,0.00550064516129032,NA,NA,NA,15.2690322580645,"good",NA,2013-11-20,"ABA-01__21",31
"172","ABA-01",2013,11,20,"22","22",0.25,33.3642580645161,0.0146051612903226,0.00758709677419355,NA,NA,NA,0.0191574193548387,NA,NA,NA,NA,33.3642580645161,"good",NA,2013-11-20,"ABA-01__22",31
"173","ABA-01",2013,11,20,"23","23",0.25,8.36477419354839,0.37669935483871,NA,0.0104322580645161,NA,NA,0.121772903225806,NA,NA,NA,NA,8.36477419354839,"good",NA,2013-11-20,"ABA-01__23",31
"174","ABA-01",2013,11,20,"24","24",0.25,17.5261935483871,0.00588,NA,0.00360387096774194,NA,NA,0.00777677419354839,0.000758709677419355,NA,NA,NA,17.5261935483871,"good",NA,2013-11-20,"ABA-01__24",31
"175","ABA-01",2013,11,20,"25","25",0.25,2.63651612903226,0.00284516129032258,NA,0.000379354838709677,NA,NA,NA,NA,NA,NA,NA,2.63651612903226,"good",NA,2013-11-20,"ABA-01__25",31
"176","ABA-00",2013,12,10,"1","1",0.25,1.6758,0.03675,NA,0.002646,NA,NA,0.14406,0.00735,NA,NA,NA,1.6758,"good",NA,2013-12-10,"ABA-00__1",20
"177","ABA-00",2013,12,10,"2","2",0.25,25.1958,0.033516,NA,0.002352,NA,NA,0.014406,0.004116,NA,NA,NA,25.1958,"good",NA,2013-12-10,"ABA-00__2",20
"178","ABA-00",2013,12,10,"3","3",0.25,18.7572,0.008526,NA,0.003528,NA,0.016464,0.005292,0.000882,NA,NA,NA,18.7572,"good",NA,2013-12-10,"ABA-00__3",20
"179","ABA-00",2013,12,10,"4","4",0.25,9.2022,0.001764,NA,0.000882,NA,NA,NA,NA,NA,NA,NA,9.2022,"good",NA,2013-12-10,"ABA-00__4",20
"180","ABA-00",2013,12,10,"5","5",0.25,12.9066,0.021168,NA,0.00735,NA,NA,0.001176,NA,NA,NA,NA,12.9066,"good",NA,2013-12-10,"ABA-00__5",20
"181","ABA-00",2013,12,10,"6","6",0.25,10.5546,0.014112,NA,0.005292,NA,NA,0.007644,0.000588,NA,NA,NA,10.5546,"good",NA,2013-12-10,"ABA-00__6",20
"182","ABA-00",2013,12,10,"7","7",0.25,9.261,0.119364,NA,0.003528,NA,NA,0.007938,0.002058,NA,NA,NA,9.261,"good",NA,2013-12-10,"ABA-00__7",20
"183","ABA-00",2013,12,10,"8","8",0.25,68.0022,0.163464,NA,0.00882,NA,NA,0.00294,0.002058,NA,NA,NA,68.0022,"good",NA,2013-12-10,"ABA-00__8",20
"184","ABA-00",2013,12,10,"9","9",0.25,17.1108,NA,NA,0.004116,NA,NA,0.003234,NA,NA,NA,NA,17.1108,"good",NA,2013-12-10,"ABA-00__9",20
"185","ABA-00",2013,12,10,"10","10",0.25,21.9912,0.024108,NA,0.00441,NA,NA,0.004998,0.002058,NA,NA,NA,21.9912,"good",NA,2013-12-10,"ABA-00__10",20
"186","ABA-00",2013,12,10,"11","11",0.25,14.8176,0.027048,0.012642,0.019404,NA,NA,0.012642,0.004704,NA,NA,NA,14.8176,"good",NA,2013-12-10,"ABA-00__11",20
"187","ABA-00",2013,12,10,"12","12",0.25,23.4612,NA,0.003234,NA,NA,NA,0.004116,NA,NA,NA,NA,23.4612,"good",NA,2013-12-10,"ABA-00__12",20
"188","ABA-01",2013,12,10,"13","13",0.25,7.5852,NA,NA,0.013818,NA,NA,NA,NA,NA,NA,NA,7.5852,"good",NA,2013-12-10,"ABA-01__13",20
"189","ABA-01",2013,12,10,"14","14",0.25,0.5292,0.003234,NA,0.000588,NA,NA,0.003234,0.00441,NA,NA,NA,0.5292,"good",NA,2013-12-10,"ABA-01__14",20
"190","ABA-01",2013,12,10,"15","15",0.25,14.1708,0.012348,0.000294,0.037338,NA,NA,0.002058,0.00147,NA,NA,NA,14.1708,"good",NA,2013-12-10,"ABA-01__15",20
"191","ABA-01",2013,12,10,"16","16",0.25,26.7246,NA,NA,0.000294,NA,NA,0.07497,NA,NA,NA,NA,26.7246,"good",NA,2013-12-10,"ABA-01__16",20
"192","ABA-01",2013,12,10,"17","17",0.25,17.7576,0.052332,NA,0.007056,NA,NA,0.09996,NA,NA,NA,NA,17.7576,"good",NA,2013-12-10,"ABA-01__17",20
"193","ABA-01",2013,12,10,"18","18",0.25,21.3444,0.012348,0.052038,0.003234,NA,NA,0.003822,NA,NA,NA,NA,21.3444,"good",NA,2013-12-10,"ABA-01__18",20
"194","ABA-01",2013,12,10,"19","19",0.25,12.1128,0.025284,NA,0.004116,NA,NA,0.00147,0.003528,NA,NA,NA,12.1128,"good",NA,2013-12-10,"ABA-01__19",20
"195","ABA-01",2013,12,10,"20","20",0.25,16.1994,0.032928,NA,0.001764,NA,NA,0.016464,NA,NA,NA,NA,16.1994,"good",NA,2013-12-10,"ABA-01__20",20
"196","ABA-01",2013,12,10,"21","21",0.25,23.4024,0.006468,NA,0.008526,NA,NA,0.004704,0.005292,NA,NA,NA,23.4024,"good",NA,2013-12-10,"ABA-01__21",20
"197","ABA-01",2013,12,10,"22","22",0.25,16.5522,0.002058,NA,0.00147,NA,NA,0.009114,NA,NA,NA,NA,16.5522,"good",NA,2013-12-10,"ABA-01__22",20
"198","ABA-01",2013,12,10,"23","23",0.25,6.8796,0.18081,NA,0.003822,NA,NA,0.046158,NA,NA,NA,NA,6.8796,"good",NA,2013-12-10,"ABA-01__23",20
"199","ABA-01",2013,12,10,"24","24",0.25,19.0218,0.01029,0.000588,0.003822,NA,NA,0.002352,NA,NA,NA,NA,19.0218,"good",NA,2013-12-10,"ABA-01__24",20
"200","ABA-01",2013,12,10,"25","25",0.25,1.7052,0.002352,NA,0.000294,NA,NA,NA,NA,NA,NA,NA,1.7052,"good",NA,2013-12-10,"ABA-01__25",20
"201","ABA-00",2014,1,12,"1","1",0.25,6.076,0.0331418181818182,0.000712727272727273,NA,NA,NA,0.0204909090909091,0.00427636363636364,NA,NA,NA,6.076,"good",NA,2014-01-12,"ABA-00__1",33
"202","ABA-00",2014,1,12,"2","2",0.25,18.7981818181818,0.0138981818181818,NA,0.00623636363636364,NA,NA,0.00374181818181818,NA,NA,NA,NA,18.7981818181818,"good",NA,2014-01-12,"ABA-00__2",33
"203","ABA-00",2014,1,12,"3","3",0.25,15.1632727272727,0.03528,NA,0.00659272727272727,NA,NA,0.00784,0.00142545454545455,NA,NA,NA,15.1632727272727,"good",NA,2014-01-12,"ABA-00__3",33
"204","ABA-00",2014,1,12,"4","4",0.25,10.0494545454545,NA,0.00659272727272727,NA,NA,NA,0.000534545454545455,0.000178181818181818,NA,NA,NA,10.0494545454545,"good",NA,2014-01-12,"ABA-00__4",33
"205","ABA-00",2014,1,12,"5","5",0.25,14.7356363636364,0.0128290909090909,NA,0.0105127272727273,NA,NA,0.00106909090909091,NA,NA,NA,NA,14.7356363636364,"good",NA,2014-01-12,"ABA-00__5",33
"206","ABA-00",2014,1,12,"6","6",0.25,10.9581818181818,NA,0.00285090909090909,0.000534545454545455,NA,NA,0.00249454545454545,NA,NA,NA,NA,10.9581818181818,"good",NA,2014-01-12,"ABA-00__6",33
"207","ABA-00",2014,1,12,"7","7",0.25,9.212,0.00481090909090909,NA,0.00106909090909091,NA,NA,0.00249454545454545,NA,NA,NA,NA,9.212,"good",NA,2014-01-12,"ABA-00__7",33
"208","ABA-00",2014,1,12,"8","8",0.25,15.8403636363636,0.00445454545454545,NA,0.00213818181818182,NA,NA,0.00588,NA,NA,NA,NA,15.8403636363636,"good",NA,2014-01-12,"ABA-00__8",33
"209","ABA-00",2014,1,12,"9","9",0.25,0.819636363636364,0.00463272727272727,0.000712727272727273,0.00142545454545455,NA,NA,0.00498909090909091,NA,NA,NA,NA,0.819636363636364,"good",NA,2014-01-12,"ABA-00__9",33
"210","ABA-00",2014,1,12,"10","10",0.25,8.71309090909091,0.0146109090909091,NA,0.00534545454545454,NA,NA,0.0229854545454545,0.00106909090909091,NA,NA,NA,8.71309090909091,"good",NA,2014-01-12,"ABA-00__10",33
"211","ABA-00",2014,1,12,"11","11",0.25,15.1276363636364,0.0673527272727273,0.0183527272727273,0.0367054545454545,NA,NA,0.0121163636363636,NA,NA,NA,NA,15.1276363636364,"good",NA,2014-01-12,"ABA-00__11",33
"212","ABA-00",2014,1,12,"12","12",0.25,1.81745454545455,NA,NA,0.00196,NA,NA,0.000890909090909091,NA,NA,NA,NA,1.81745454545455,"good",NA,2014-01-12,"ABA-00__12",33
"213","ABA-01",2014,1,12,"13","13",0.25,10.6552727272727,0.00605818181818182,0.0196,0.00142545454545455,NA,NA,NA,NA,NA,NA,NA,10.6552727272727,"good",NA,2014-01-12,"ABA-01__13",33
"214","ABA-01",2014,1,12,"14","14",0.25,7.21636363636364,0.00837454545454545,NA,NA,NA,NA,0.00320727272727273,NA,NA,NA,NA,7.21636363636364,"good",NA,2014-01-12,"ABA-01__14",33
"215","ABA-01",2014,1,12,"15","15",0.25,8.428,0.00873090909090909,NA,0.0320727272727273,NA,NA,0.00285090909090909,NA,NA,NA,NA,8.428,"good",NA,2014-01-12,"ABA-01__15",33
"216","ABA-01",2014,1,12,"16","16",0.25,28.8298181818182,0.00605818181818182,NA,0.00124727272727273,NA,NA,0.00516727272727273,0.000356363636363636,NA,NA,NA,28.8298181818182,"good",NA,2014-01-12,"ABA-01__16",33
"217","ABA-01",2014,1,12,"17","17",0.25,23.2527272727273,0.0436545454545455,NA,0.0144327272727273,NA,NA,0.0224509090909091,0.00106909090909091,NA,NA,NA,23.2527272727273,"good",NA,2014-01-12,"ABA-01__17",33
"218","ABA-01",2014,1,12,"18","18",0.25,16.3570909090909,0.0199563636363636,NA,0.0162145454545455,NA,NA,0.00374181818181818,NA,NA,NA,NA,16.3570909090909,"good",NA,2014-01-12,"ABA-01__18",33
"219","ABA-01",2014,1,12,"19","19",0.25,20.4018181818182,0.0623636363636364,NA,0.00392,NA,NA,0.0269054545454545,0.00142545454545455,NA,NA,NA,20.4018181818182,"good",NA,2014-01-12,"ABA-01__19",33
"220","ABA-01",2014,1,12,"20","20",0.25,0.855272727272727,0.120450909090909,NA,0.00267272727272727,NA,NA,0.0367054545454545,NA,NA,NA,NA,0.855272727272727,"good",NA,2014-01-12,"ABA-01__20",33
"221","ABA-01",2014,1,12,"21","21",0.25,16.3214545454545,0.00320727272727273,NA,0.00570181818181818,NA,NA,0.00784,0.00196,NA,NA,NA,16.3214545454545,"good",NA,2014-01-12,"ABA-01__21",33
"222","ABA-01",2014,1,12,"22","22",0.25,15.7690909090909,0.0233418181818182,NA,0.00267272727272727,NA,NA,0.0404472727272727,0.0119381818181818,NA,NA,NA,15.7690909090909,"good",NA,2014-01-12,"ABA-01__22",33
"223","ABA-01",2014,1,12,"23","23",0.25,18.9585454545455,0.617934545454545,NA,0.00267272727272727,NA,NA,0.111007272727273,0.0115818181818182,NA,NA,NA,18.9585454545455,"good",NA,2014-01-12,"ABA-01__23",33
"224","ABA-01",2014,1,12,"24","24",0.25,9.85345454545454,0.0119381818181818,NA,0.00730545454545454,NA,NA,0.00320727272727273,NA,NA,NA,NA,9.85345454545454,"good",NA,2014-01-12,"ABA-01__24",33
"225","ABA-01",2014,1,12,"25","25",0.25,2.56581818181818,0.00784,NA,0.000356363636363636,NA,NA,NA,NA,NA,NA,NA,2.56581818181818,"good",NA,2014-01-12,"ABA-01__25",33
"226","ABA-00",2014,2,9,"1","1",0.25,8.421,0.04116,NA,NA,NA,NA,0.04704,NA,NA,NA,NA,8.421,"good",NA,2014-02-09,"ABA-00__1",28
"227","ABA-00",2014,2,9,"2","2",0.25,14.217,0.00525,NA,NA,NA,NA,0.0105,NA,NA,NA,NA,14.217,"good",NA,2014-02-09,"ABA-00__2",28
"228","ABA-00",2014,2,9,"3","3",0.25,73.941,0.49224,NA,0.00147,NA,NA,0.98868,0.0357,NA,NA,NA,73.941,"good",NA,2014-02-09,"ABA-00__3",28
"229","ABA-00",2014,2,9,"4","4",0.25,21.525,0.07476,NA,0.00063,NA,0.00294,0.06951,0.0126,NA,NA,NA,21.525,"good",NA,2014-02-09,"ABA-00__4",28
"230","ABA-00",2014,2,9,"5","5",0.25,10.017,0.03087,NA,0.00672,NA,NA,0.00168,NA,NA,NA,NA,10.017,"good",NA,2014-02-09,"ABA-00__5",28
"231","ABA-00",2014,2,9,"6","6",0.25,10.773,NA,NA,0.00063,NA,0.00252,0.00126,NA,NA,NA,NA,10.773,"good",NA,2014-02-09,"ABA-00__6",28
"232","ABA-00",2014,2,9,"7","7",0.25,9.198,0.02541,0.00168,0.00189,NA,NA,0.0063,NA,NA,NA,NA,9.198,"good",NA,2014-02-09,"ABA-00__7",28
"233","ABA-00",2014,2,9,"8","8",0.25,12.474,0.01323,NA,0.00504,NA,NA,0.01953,NA,NA,NA,NA,12.474,"good",NA,2014-02-09,"ABA-00__8",28
"234","ABA-00",2014,2,9,"9","9",0.25,12.054,NA,NA,0.00126,NA,NA,0.00021,NA,NA,NA,NA,12.054,"good",NA,2014-02-09,"ABA-00__9",28
"235","ABA-00",2014,2,9,"10","10",0.25,6.216,0.01155,0.00252,0.0063,NA,0.00042,0.00126,NA,NA,NA,NA,6.216,"good",NA,2014-02-09,"ABA-00__10",28
"236","ABA-00",2014,2,9,"11","11",0.25,15.372,0.07959,0.00903,0.00378,NA,NA,0.05754,NA,NA,NA,NA,15.372,"good",NA,2014-02-09,"ABA-00__11",28
"237","ABA-00",2014,2,9,"12","12",0.25,16.779,NA,NA,0.00021,NA,NA,0.00063,NA,NA,NA,NA,16.779,"good",NA,2014-02-09,"ABA-00__12",28
"238","ABA-01",2014,2,9,"13","13",0.25,12.621,0.00168,NA,0.04452,NA,0.00126,0.00063,NA,NA,NA,NA,12.621,"good",NA,2014-02-09,"ABA-01__13",28
"239","ABA-01",2014,2,9,"14","14",0.25,10.269,0.00126,NA,NA,NA,NA,NA,NA,NA,NA,NA,10.269,"good",NA,2014-02-09,"ABA-01__14",28
"240","ABA-01",2014,2,9,"15","15",0.25,12.243,0.00903,NA,0.00399,NA,NA,NA,NA,NA,NA,NA,12.243,"good",NA,2014-02-09,"ABA-01__15",28
"241","ABA-01",2014,2,9,"16","16",0.25,20.286,0.01281,NA,0.00336,NA,NA,0.00231,NA,NA,NA,NA,20.286,"good",NA,2014-02-09,"ABA-01__16",28
"242","ABA-01",2014,2,9,"17","17",0.25,21.735,0.03234,NA,0.01281,NA,NA,0.00924,NA,NA,NA,NA,21.735,"good",NA,2014-02-09,"ABA-01__17",28
"243","ABA-01",2014,2,9,"18","18",0.25,0.147,0.00399,0.01218,0.02478,NA,NA,0.02961,NA,NA,NA,NA,0.147,"good",NA,2014-02-09,"ABA-01__18",28
"244","ABA-01",2014,2,9,"19","19",0.25,15.813,0.03549,NA,0.00714,NA,NA,0.00819,NA,NA,NA,NA,15.813,"good",NA,2014-02-09,"ABA-01__19",28
"245","ABA-01",2014,2,9,"20","20",0.25,32.445,0.05985,NA,0.00609,NA,0.00021,0.08673,NA,NA,NA,NA,32.445,"good",NA,2014-02-09,"ABA-01__20",28
"246","ABA-01",2014,2,9,"21","21",0.25,18.186,NA,NA,0.00273,NA,NA,0.00525,NA,NA,NA,NA,18.186,"good",NA,2014-02-09,"ABA-01__21",28
"247","ABA-01",2014,2,9,"22","22",0.25,20.181,0.00315,NA,NA,NA,NA,0.00147,NA,NA,NA,NA,20.181,"good",NA,2014-02-09,"ABA-01__22",28
"248","ABA-01",2014,2,9,"23","23",0.25,10.857,0.05985,NA,0.00483,NA,NA,0.01071,0.00231,NA,NA,NA,10.857,"good",NA,2014-02-09,"ABA-01__23",28
"249","ABA-01",2014,2,9,"24","24",0.25,15.477,0.00483,NA,0.00126,NA,NA,0.00105,0.00021,NA,NA,NA,15.477,"good",NA,2014-02-09,"ABA-01__24",28
"250","ABA-01",2014,2,9,"25","25",0.25,0.105,NA,NA,NA,NA,NA,NA,NA,NA,NA,NA,0.105,"good",NA,2014-02-09,"ABA-01__25",28
"251","ABA-00",2014,3,16,"1","1",0.25,1.2264,0.004536,NA,0.003696,NA,0.003024,0.025536,NA,NA,NA,NA,1.2264,"good",NA,2014-03-16,"ABA-00__1",35
"252","ABA-00",2014,3,16,"2","2",0.25,19.2024,0.117432,NA,0.003024,NA,NA,0.0924,NA,NA,NA,NA,19.2024,"good",NA,2014-03-16,"ABA-00__2",35
"253","ABA-00",2014,3,16,"3","3",0.25,15.3552,NA,NA,0.01428,NA,NA,0.045024,0.01428,NA,NA,NA,15.3552,"good",NA,2014-03-16,"ABA-00__3",35
"254","ABA-00",2014,3,16,"4","4",0.25,0,NA,NA,NA,NA,NA,NA,NA,NA,NA,NA,0,"good",NA,2014-03-16,"ABA-00__4",35
"255","ABA-00",2014,3,16,"5","5",0.25,10.2312,0.090888,NA,0.040824,NA,NA,0.035448,0.004704,NA,NA,NA,10.2312,"good",NA,2014-03-16,"ABA-00__5",35
"256","ABA-00",2014,3,16,"6","6",0.25,16.9344,0.073752,NA,0.001008,NA,NA,0.052248,NA,NA,NA,NA,16.9344,"good",NA,2014-03-16,"ABA-00__6",35
"257","ABA-00",2014,3,16,"7","7",0.25,11.4912,0.010752,NA,0.001008,NA,NA,0.002352,NA,NA,NA,NA,11.4912,"good",NA,2014-03-16,"ABA-00__7",35
"258","ABA-00",2014,3,16,"8","8",0.25,19.2696,0.081312,NA,0.005376,NA,NA,0.030912,NA,NA,NA,NA,19.2696,"good",NA,2014-03-16,"ABA-00__8",35
"259","ABA-00",2014,3,16,"9","9",0.25,2.2008,NA,NA,0.001008,NA,NA,0.00168,NA,NA,NA,NA,2.2008,"good",NA,2014-03-16,"ABA-00__9",35
"260","ABA-00",2014,3,16,"10","10",0.25,6.7872,0.01428,NA,0.009576,NA,0.011088,0.03696,NA,NA,NA,NA,6.7872,"good",NA,2014-03-16,"ABA-00__10",35
"261","ABA-00",2014,3,16,"11","11",0.25,19.3704,0.069216,NA,0.038472,NA,NA,0.01008,0.002184,NA,NA,NA,19.3704,"good",NA,2014-03-16,"ABA-00__11",35
"262","ABA-00",2014,3,16,"12","12",0.25,17.2872,0.011928,NA,0.001344,NA,NA,NA,NA,NA,NA,NA,17.2872,"good",NA,2014-03-16,"ABA-00__12",35
"263","ABA-01",2014,3,16,"13","13",0.25,1.4784,0.048552,NA,0.112896,NA,NA,0.001008,0.002016,NA,NA,NA,1.4784,"good",NA,2014-03-16,"ABA-01__13",35
"264","ABA-01",2014,3,16,"14","14",0.25,9.5424,0.025536,NA,0.000672,NA,NA,0.0126,NA,NA,NA,NA,9.5424,"good",NA,2014-03-16,"ABA-01__14",35
"265","ABA-01",2014,3,16,"15","15",0.25,12.3144,0.005376,NA,0.00672,NA,NA,0.002184,NA,NA,NA,NA,12.3144,"good",NA,2014-03-16,"ABA-01__15",35
"266","ABA-01",2014,3,16,"16","16",0.25,21.9912,NA,NA,0.001008,NA,NA,0.005376,NA,NA,NA,NA,21.9912,"good",NA,2014-03-16,"ABA-01__16",35
"267","ABA-01",2014,3,16,"17","17",0.25,23.0664,0.037632,NA,0.008736,NA,NA,0.035784,NA,NA,NA,NA,23.0664,"good",NA,2014-03-16,"ABA-01__17",35
"268","ABA-01",2014,3,16,"18","18",0.25,14.1456,0.011928,NA,0.037296,NA,NA,0.024864,NA,NA,NA,NA,14.1456,"good",NA,2014-03-16,"ABA-01__18",35
"269","ABA-01",2014,3,16,"19","19",0.25,15.7416,0.005376,NA,0.004032,NA,NA,0.01764,0.001008,NA,NA,NA,15.7416,"good",NA,2014-03-16,"ABA-01__19",35
"270","ABA-01",2014,3,16,"20","20",0.25,16.716,0.038136,NA,0.01932,NA,NA,0.037968,NA,NA,NA,NA,16.716,"good",NA,2014-03-16,"ABA-01__20",35
"271","ABA-01",2014,3,16,"21","21",0.25,21.7728,0.011928,NA,0.005712,NA,NA,0.008736,0.001008,NA,NA,NA,21.7728,"good",NA,2014-03-16,"ABA-01__21",35
"272","ABA-01",2014,3,16,"22","22",0.25,1.932,0.011256,NA,0.02268,NA,NA,0.00252,NA,NA,NA,NA,1.932,"good",NA,2014-03-16,"ABA-01__22",35
"273","ABA-01",2014,3,16,"23","23",0.25,12.2976,0.128184,NA,0.001008,NA,0.002856,0.243432,NA,NA,NA,NA,12.2976,"good",NA,2014-03-16,"ABA-01__23",35
"274","ABA-01",2014,3,16,"24","24",0.25,15.3384,0.019152,NA,0.000504,NA,NA,0.005208,NA,NA,NA,NA,15.3384,"good",NA,2014-03-16,"ABA-01__24",35
"275","ABA-01",2014,3,16,"25","25",0.25,1.5288,0.007056,0.000168,0.000336,NA,NA,0.000336,NA,NA,NA,NA,1.5288,"good",NA,2014-03-16,"ABA-01__25",35
"276","ABA-00",2014,5,1,"1","1",0.25,16.5151304347826,0.171031304347826,NA,0.00191739130434783,NA,0.01764,0.0975313043478261,0.00332347826086957,NA,NA,NA,16.5151304347826,"good"," April month",2014-05-01,"ABA-00__1",46
"277","ABA-00",2014,5,1,"2","2",0.25,17.7166956521739,0.0286330434782609,NA,0.00434608695652174,NA,NA,0.00805304347826087,0.0011504347826087,NA,NA,NA,17.7166956521739,"good"," April month",2014-05-01,"ABA-00__2",46
"278","ABA-00",2014,5,1,"3","3",0.25,9.57417391304348,0.00191739130434783,NA,0.0187904347826087,NA,0.00715826086956522,0.00255652173913043,0.00498521739130435,NA,NA,NA,9.57417391304348,"good"," April month",2014-05-01,"ABA-00__3",46
"279","ABA-00",2014,5,1,"4","4",0.25,7.74626086956522,0.0112486956521739,NA,NA,NA,0.014955652173913,0.0627626086956522,NA,NA,NA,NA,7.74626086956522,"good"," April month",2014-05-01,"ABA-00__4",46
"280","ABA-00",2014,5,1,"5","5",0.25,16.6046086956522,0.114787826086957,NA,0.0605895652173913,NA,NA,NA,NA,NA,NA,NA,16.6046086956522,"good"," April month",2014-05-01,"ABA-00__5",46
"281","ABA-00",2014,5,1,"6","6",0.25,15.3135652173913,0.0195573913043478,NA,0.00792521739130435,NA,0.00600782608695652,0.0011504347826087,NA,NA,NA,NA,15.3135652173913,"good"," April month",2014-05-01,"ABA-00__6",46
"282","ABA-00",2014,5,1,"7","7",0.25,11.5426956521739,0.0279939130434783,NA,0.000639130434782609,NA,NA,0.0212191304347826,NA,NA,NA,NA,11.5426956521739,"good"," April month",2014-05-01,"ABA-00__7",46
"283","ABA-00",2014,5,1,"8","8",0.25,16.9369565217391,0.00281217391304348,NA,0.00153391304347826,NA,NA,0.0011504347826087,NA,NA,NA,NA,16.9369565217391,"good"," April month",2014-05-01,"ABA-00__8",46
"284","ABA-00",2014,5,1,"9","9",0.25,12.603652173913,0.00421826086956522,NA,NA,NA,NA,0.000255652173913043,NA,NA,NA,NA,12.603652173913,"good"," April month",2014-05-01,"ABA-00__9",46
"285","ABA-00",2014,5,1,"10","10",0.25,14.7127826086957,0.0230086956521739,NA,0.00217304347826087,NA,NA,0.00357913043478261,NA,NA,NA,NA,14.7127826086957,"good"," April month",2014-05-01,"ABA-00__10",46
"286","ABA-00",2014,5,1,"11","11",0.25,8.76886956521739,0.0159782608695652,0.00447391304347826,NA,NA,NA,0.00140608695652174,NA,NA,NA,NA,8.76886956521739,"good"," April month",2014-05-01,"ABA-00__11",46
"287","ABA-00",2014,5,1,"12","12",0.25,18.5092173913043,0.00562434782608696,NA,0.000383478260869565,NA,NA,0.0572660869565217,NA,NA,NA,NA,18.5092173913043,"good"," April month",2014-05-01,"ABA-00__12",46
"288","ABA-01",2014,5,1,"13","13",0.25,14.112,0.0107373913043478,NA,0.0185347826086956,NA,NA,0.000639130434782609,NA,NA,NA,NA,14.112,"good"," April month",2014-05-01,"ABA-01__13",46
"289","ABA-01",2014,5,1,"14","14",0.25,10.878,0.00204521739130435,NA,0.000383478260869565,NA,NA,0.000383478260869565,NA,NA,NA,NA,10.878,"good"," April month",2014-05-01,"ABA-01__14",46
"290","ABA-01",2014,5,1,"15","15",0.25,1.57226086956522,0.0145721739130435,NA,0.011504347826087,NA,NA,0.00127826086956522,NA,NA,NA,NA,1.57226086956522,"good"," April month",2014-05-01,"ABA-01__15",46
"291","ABA-01",2014,5,1,"16","16",0.25,29.9752173913043,0.00524086956521739,NA,NA,NA,NA,0.000255652173913043,NA,NA,NA,NA,29.9752173913043,"good"," April month",2014-05-01,"ABA-01__16",46
"292","ABA-01",2014,5,1,"17","17",0.25,14.9300869565217,0.0154669565217391,NA,0.00434608695652174,NA,NA,0.0278660869565217,0.00166173913043478,NA,NA,NA,14.9300869565217,"good"," April month",2014-05-01,"ABA-01__17",46
"293","ABA-01",2014,5,1,"18","18",0.25,18.1001739130435,0.00779739130434783,NA,0.0324678260869565,NA,NA,0.0047295652173913,NA,NA,NA,NA,18.1001739130435,"good"," April month",2014-05-01,"ABA-01__18",46
"294","ABA-01",2014,5,1,"19","19",0.25,12.5653043478261,0.0017895652173913,0.000383478260869565,0.0011504347826087,NA,NA,0.00319565217391304,NA,NA,NA,NA,12.5653043478261,"good"," April month",2014-05-01,"ABA-01__19",46
"295","ABA-01",2014,5,1,"20","20",0.25,18.0746086956522,0.0195573913043478,NA,0.00332347826086957,NA,0.00613565217391304,0.00140608695652174,NA,NA,NA,NA,18.0746086956522,"good"," April month",2014-05-01,"ABA-01__20",46
"296","ABA-01",2014,5,1,"21","21",0.25,16.9369565217391,0.0170008695652174,0.00843652173913043,0.0190460869565217,NA,0.00076695652173913,0.0157226086956522,NA,NA,NA,NA,16.9369565217391,"good"," April month",2014-05-01,"ABA-01__21",46
"297","ABA-01",2014,5,1,"22","22",0.25,17.2693043478261,0.00511304347826087,NA,0.0138052173913043,NA,NA,0.00102260869565217,NA,NA,NA,NA,17.2693043478261,"good"," April month",2014-05-01,"ABA-01__22",46
"298","ABA-01",2014,5,1,"23","23",0.25,10.5073043478261,0.0154669565217391,0.00357913043478261,NA,NA,0.00281217391304348,0.00242869565217391,NA,NA,NA,NA,10.5073043478261,"good"," April month",2014-05-01,"ABA-01__23",46
"299","ABA-01",2014,5,1,"24","24",0.25,13.3578260869565,0.0251817391304348,NA,0.0272269565217391,NA,NA,0.0017895652173913,NA,NA,NA,NA,13.3578260869565,"good"," April month",2014-05-01,"ABA-01__24",46
"300","ABA-01",2014,5,1,"25","25",0.25,5.25365217391304,0.0017895652173913,NA,NA,NA,NA,NA,NA,NA,NA,NA,5.25365217391304,"good"," April month",2014-05-01,"ABA-01__25",46
